state,avg_temperature,total_rainfall_mm,temp_anomaly_deg,rainfall_anomaly_pct,heatwave_days,drought_severity,crop_production_1000t,irrigation_coverage_pct,crop_failure_rate_pct,fertilizer_consumption_kg_per_ha,land_under_cultivation_1000ha,gdp_estimate_crores,unemployment_rate_pct,inflation_rate_pct,poverty_rate_pct,per_capita_income_inr,month,climate_stress,agri_stress,econ_stress,total_risk
Andaman and Nicobar Islands,25.10362680867862,575.0179796477254,-2.27,229.95,0,0.0,23674.0,49.4,4.95,112.25,5356.5,177817.71546695766,6.34,5.824999999999999,9.05,60146026.5,2024-01,25.820707070707073,41.47727272727273,41.72979797979798,35.27777777777778
Andaman and Nicobar Islands,30.16180441105646,88.40252822352075,2.595,-53.5,0,5.0,22133.0,57.3,5.5,85.45,5331.5,153048.20518645708,6.025,6.4350000000000005,9.05,60732979.5,2024-03,51.70454545454546,51.70454545454546,69.00252525252525,56.0290404040404
Andaman and Nicobar Islands,31.235048104529213,0.0,3.39,-100.0,0,10.0,5593.0,56.6,24.1,75.0,5462.0,174426.1764292797,5.73,6.15,6.8,61176769.0,2024-04,96.90656565656566,86.93181818181817,22.53787878787879,74.82323232323233
Andaman and Nicobar Islands,30.770459888221176,84.19312414333129,4.07,-14.0,0,0.0,14445.0,60.2,3.4,85.9,4296.0,175652.68237064846,6.62,6.25,7.9,61474550.0,2024-05,19.38131313131313,5.492424242424242,58.90151515151515,24.400252525252526
Andaman and Nicobar Islands,31.978853351037202,109.0904178827252,4.81,16.4,0,0.0,10330.0,48.6,6.8,135.1,3959.0,118994.48690287766,6.08,5.95,11.2,61773781.0,2024-06,21.022727272727273,46.78030303030303,77.46212121212122,44.14772727272727
Andaman and Nicobar Islands,25.539771218147628,212.18217547880468,-0.95,127.1,0,0.0,20089.0,54.5,5.6,89.1,5200.0,181749.3970414613,6.72,5.19,6.3,62074468.0,2024-07,21.52777777777778,39.58333333333333,14.078282828282829,25.984848484848484
Andaman and Nicobar Islands,25.91211799342239,107.90707222571305,-2.03,9.4,0,0.0,14887.0,55.6,8.3,103.0,4818.0,93585.19715153432,5.79,5.01,7.1,62376618.0,2024-08,2.840909090909091,47.41161616161616,8.143939393939394,19.76641414141414
Andaman and Nicobar Islands,21.84440259088553,0.0,-4.32,-100.0,0,10.0,14829.0,46.4,25.9,73.0,5372.0,113344.79422558915,5.52,4.9,8.9,62680240.0,2024-09,85.79545454545455,95.64393939393939,10.416666666666668,70.39772727272727
Andaman and Nicobar Islands,26.17817923606473,0.0,-1.4,-100.0,0,10.0,12410.0,55.1,24.4,107.0,4730.0,114307.63914508736,6.02,4.71,8.5,62985339.0,2024-10,91.09848484848484,88.4469696969697,11.679292929292929,70.31565656565657
Andaman and Nicobar Islands,22.70075160602046,54.20314696378613,-4.86,-42.7,0,10.0,10132.0,50.1,25.6,108.2,4149.0,208402.5346806676,5.54,5.57,11.1,63291923.0,2024-11,58.6489898989899,93.75,35.29040404040404,65.09469696969697
Andaman and Nicobar Islands,20.551612903225806,1172.2,1.35,-69.78064516129032,0,7.387096774193548,34947.0,48.97096774193548,7.674193548387097,119.24193548387096,5190.387096774193,169537.70967741936,6.638387096774193,5.8990322580645165,10.63225806451613,61042.74193548387,2025-01,70.70707070707071,67.2979797979798,79.67171717171718,71.75505050505052
Andaman and Nicobar Islands,22.160714285714285,1032.0,1.7328571428571429,-70.54285714285714,0,8.178571428571429,31388.0,50.24285714285714,8.178571428571429,110.19642857142857,4915.178571428572,168578.2857142857,6.441071428571428,5.5321428571428575,10.517857142857142,59987.642857142855,2025-02,85.22727272727273,80.55555555555556,62.878787878787875,78.0050505050505
Andaman and Nicobar Islands,24.700000000000003,1158.7,1.16,-70.11612903225806,0,6.935483870967742,99155.0,48.63548387096775,7.390322580645161,109.74516129032257,4950.1612903225805,169823.90322580645,6.460645161290323,5.733225806451612,10.287096774193548,61854.45161290323,2025-03,56.060606060606055,56.81818181818182,71.84343434343434,60.27146464646465
Andaman and Nicobar Islands,27.09333333333333,1110.1,1.154,-70.42333333333333,0,7.533333333333333,95085.0,51.2,7.763333333333334,110.47666666666667,5103.866666666667,169434.4,6.515666666666666,5.966666666666667,10.223333333333333,59614.76666666667,2025-04,73.23232323232324,63.888888888888886,77.77777777777779,71.09848484848484
Andaman and Nicobar Islands,29.12258064516129,1171.1,0.7806451612903226,-69.80000000000001,0,7.354838709677419,99922.0,49.9741935483871,7.448387096774193,117.39354838709677,4912.0,169124.61290322582,6.491935483870968,5.604193548387096,10.245161290322581,63607.16129032258,2025-05,62.62626262626263,59.84848484848485,64.8989898989899,62.22222222222222
Andaman and Nicobar Islands,30.363333333333333,13243.5,1.1583333333333334,252.9033333333333,0,0.0,31967.0,49.63,3.86,111.00333333333333,4988.8,169331.13333333333,6.448333333333333,5.943333333333333,10.370000000000001,59080.36666666667,2025-06,42.29797979797979,22.727272727272727,76.64141414141415,44.03409090909091
Andaman and Nicobar Islands,29.06451612903226,13512.9,1.1780645161290324,248.4774193548387,0,0.0,35449.0,50.84838709677419,4.02258064516129,107.75483870967743,4970.129032258064,169393.4193548387,6.5600000000000005,5.700645161290322,9.893548387096773,60500.032258064515,2025-07,39.77272727272727,19.570707070707073,66.28787878787878,39.33080808080808
Andaman and Nicobar Islands,27.483870967741936,14358.1,1.0325806451612902,270.2741935483871,0,0.0,34219.0,48.46451612903226,4.074193548387097,111.37096774193549,5100.5161290322585,168557.96774193548,6.485483870967743,5.677096774193549,10.612903225806452,57121.096774193546,2025-08,47.72727272727273,36.36363636363637,74.11616161616162,50.34722222222223
Andaman and Nicobar Islands,25.186666666666667,12649.8,1.151,237.1,0,0.0,34055.0,49.65333333333333,3.6333333333333333,106.29666666666667,5095.1,168642.6,6.530333333333333,5.423666666666667,10.629999999999999,58237.3,2025-09,32.323232323232325,14.267676767676768,62.5,33.5479797979798
Andaman and Nicobar Islands,22.87741935483871,4603.5,1.525806451612903,18.729032258064517,0,0.0,120434.0,51.12580645161291,4.087096774193548,107.56129032258065,4946.096774193548,169120.2258064516,6.513548387096773,5.551612903225807,10.316129032258065,58091.709677419356,2025-10,14.520202020202019,19.82323232323232,63.38383838383839,28.592171717171716
Andaman and Nicobar Islands,20.996666666666666,4420.0,1.6956666666666667,17.779999999999998,0,0.0,120056.0,50.31666666666667,4.2,109.64333333333335,5103.1,168848.2,6.514333333333334,5.525333333333333,10.31,58904.76666666667,2025-11,14.772727272727273,29.797979797979796,60.984848484848484,31.58459595959596
Andaman and Nicobar Islands,19.596774193548388,1163.9,0.8135483870967741,-69.99032258064516,0,7.709677419354839,122112.0,50.561290322580646,7.651612903225806,111.00967741935484,5166.870967741936,169244.83870967742,6.478387096774194,5.666451612903225,10.422580645161291,58939.83870967742,2025-12,74.4949494949495,68.81313131313132,71.46464646464646,71.74873737373738
Andhra Pradesh,24.75,605.0,-2.27,229.95,0,0.0,23674.0,49.4,4.95,112.25,5356.5,300730.0,6.34,5.824999999999999,9.05,60146026.5,2024-01,25.820707070707073,41.47727272727273,41.72979797979798,35.27777777777778
Andhra Pradesh,29.6,85.2,2.595,-53.5,0,5.0,22133.0,57.3,5.5,85.45,5331.5,303665.0,6.025,6.4350000000000005,9.05,60732979.5,2024-03,51.70454545454546,51.70454545454546,69.00252525252525,56.0290404040404
Andhra Pradesh,30.4,0.0,3.39,-100.0,0,10.0,5593.0,56.6,24.1,75.0,5462.0,305884.0,5.73,6.15,6.8,61176769.0,2024-04,96.90656565656566,86.93181818181817,22.53787878787879,74.82323232323233
Andhra Pradesh,31.1,78.9,4.07,-14.0,0,0.0,14445.0,60.2,3.4,85.9,4296.0,307373.0,6.62,6.25,7.9,61474550.0,2024-05,19.38131313131313,5.492424242424242,58.90151515151515,24.400252525252526
Andhra Pradesh,31.8,106.7,4.81,16.4,0,0.0,10330.0,48.6,6.8,135.1,3959.0,308869.0,6.08,5.95,11.2,61773781.0,2024-06,21.022727272727273,46.78030303030303,77.46212121212122,44.14772727272727
Andhra Pradesh,26.1,208.2,-0.95,127.1,0,0.0,20089.0,54.5,5.6,89.1,5200.0,310372.0,6.72,5.19,6.3,62074468.0,2024-07,21.52777777777778,39.58333333333333,14.078282828282829,25.984848484848484
Andhra Pradesh,25.0,100.3,-2.03,9.4,0,0.0,14887.0,55.6,8.3,103.0,4818.0,311883.0,5.79,5.01,7.1,62376618.0,2024-08,2.840909090909091,47.41161616161616,8.143939393939394,19.76641414141414
Andhra Pradesh,22.7,0.0,-4.32,-100.0,0,10.0,14829.0,46.4,25.9,73.0,5372.0,313401.0,5.52,4.9,8.9,62680240.0,2024-09,85.79545454545455,95.64393939393939,10.416666666666668,70.39772727272727
Andhra Pradesh,25.6,0.0,-1.4,-100.0,0,10.0,12410.0,55.1,24.4,107.0,4730.0,314927.0,6.02,4.71,8.5,62985339.0,2024-10,91.09848484848484,88.4469696969697,11.679292929292929,70.31565656565657
Andhra Pradesh,22.1,52.5,-4.86,-42.7,0,10.0,10132.0,50.1,25.6,108.2,4149.0,316460.0,5.54,5.57,11.1,63291923.0,2024-11,58.6489898989899,93.75,35.29040404040404,65.09469696969697
Andhra Pradesh,22.56451612903226,1004.6,1.6012903225806452,-68.5516129032258,0,7.483870967741935,116102.0,50.016129032258064,7.787096774193548,106.36451612903227,5025.419354838709,310677.77419354836,6.128064516129032,5.930322580645162,10.451612903225806,59825.67741935484,2025-01,76.13636363636364,67.92929292929293,72.22222222222221,72.28535353535354
Andhra Pradesh,24.70357142857143,873.6,1.819642857142857,-69.73571428571428,0,7.964285714285714,104236.0,50.73571428571428,8.032142857142857,104.81428571428572,5059.035714285715,309082.25,6.0925,5.697857142857143,10.799999999999999,59891.392857142855,2025-02,84.0909090909091,78.53535353535354,63.13131313131313,76.90656565656566
Andhra Pradesh,26.212903225806453,951.4,1.119032258064516,-70.2290322580645,0,7.516129032258065,324628.0,50.32258064516129,7.9,110.03548387096774,4959.5161290322585,309397.9032258064,6.055483870967742,5.666451612903225,10.925806451612903,61845.903225806454,2025-03,72.34848484848484,69.94949494949495,61.74242424242424,68.85732323232322
Andhra Pradesh,29.233333333333334,924.2,0.697,-70.12333333333332,0,7.666666666666667,319488.0,49.11666666666667,7.706666666666666,108.63333333333334,4730.733333333334,310476.73333333334,6.037333333333334,5.647,10.103333333333333,61927.03333333333,2025-04,71.71717171717171,73.98989898989899,39.39393939393939,64.43181818181817
Andhra Pradesh,31.135483870967743,930.8,0.8651612903225806,-70.87096774193549,0,7.064516129032258,319909.0,49.94516129032258,7.470967741935484,108.37741935483871,5278.193548387097,309625.96774193546,6.000645161290323,5.429354838709678,10.570967741935483,57769.48387096774,2025-05,56.439393939393945,56.439393939393945,36.36363636363637,51.42045454545455
Andhra Pradesh,31.94333333333333,10675.8,0.7573333333333333,245.27333333333334,0,0.0,109096.0,49.309999999999995,3.92,106.86999999999999,4896.3,309901.9666666667,6.1129999999999995,5.538333333333333,10.923333333333334,57916.666666666664,2025-06,32.95454545454545,27.146464646464647,54.166666666666664,36.224747474747474
Andhra Pradesh,31.154838709677417,11785.4,0.7274193548387097,268.86129032258066,0,0.0,117677.0,49.78387096774193,4.032258064516129,109.2258064516129,5010.709677419355,309749.32258064515,6.050000000000001,5.6406451612903235,10.790322580645162,62895.48387096774,2025-07,45.95959595959596,27.65151515151515,55.05050505050505,41.82449494949495
Andhra Pradesh,29.76451612903226,10845.6,1.3748387096774195,239.44516129032255,0,0.0,116634.0,49.65806451612904,4.129032258064516,111.13225806451612,4943.129032258064,311088.87096774194,6.050645161290323,5.661935483870968,10.225806451612904,58673.3870967742,2025-08,35.984848484848484,31.439393939393938,42.92929292929293,36.130050505050505
Andhra Pradesh,27.279999999999998,11362.3,1.067,267.47999999999996,0,0.0,112516.0,50.656666666666666,3.7199999999999998,109.85666666666665,4983.733333333334,310412.93333333335,6.125333333333333,5.816333333333334,10.483333333333333,61161.23333333333,2025-09,47.34848484848485,12.121212121212121,65.78282828282829,39.62752525252526
Andhra Pradesh,24.758064516129032,3747.0,1.1845161290322581,17.283870967741933,0,0.0,400581.0,49.65806451612904,4.012903225806451,106.38064516129033,4984.8387096774195,309583.51612903224,6.06258064516129,5.579032258064516,10.329032258064515,59182.58064516129,2025-10,10.1010101010101,27.904040404040405,41.16161616161616,24.09722222222222
Andhra Pradesh,22.62,3549.0,1.2893333333333332,14.783333333333333,0,0.0,394236.0,49.626666666666665,3.8800000000000003,109.19,5085.3,309874.9,6.0183333333333335,6.027333333333333,10.373333333333333,60249.86666666667,2025-11,9.974747474747476,23.61111111111111,71.33838383838383,30.088383838383837
Andhra Pradesh,22.048387096774192,995.4,1.1603225806451614,-68.86129032258064,0,7.645161290322581,399007.0,49.31612903225806,7.72258064516129,112.89032258064516,5008.129032258064,309722.6129032258,6.065483870967742,5.534516129032258,10.832258064516129,59148.74193548387,2025-12,75.88383838383838,73.10606060606061,48.73737373737374,68.125
Arunachal Pradesh,21.9,537.5,-5.109999999999999,193.15,0,0.0,28904.0,52.45,3.2,103.6,5423.0,300730.0,5.375,5.895,6.05,60146026.5,2024-01,20.075757575757574,8.45959595959596,9.595959595959595,13.390151515151516
Arunachal Pradesh,27.05,83.6,0.050000000000000044,-54.4,0,5.0,21866.0,52.05,2.5,82.7,5110.5,303665.0,5.785,6.470000000000001,9.4,60732979.5,2024-03,48.73737373737374,50.12626262626263,67.67676767676768,53.95833333333333
Arunachal Pradesh,31.3,0.0,4.3,-100.0,0,10.0,4051.0,57.5,32.9,103.7,4571.0,305884.0,5.73,6.58,12.3,61176769.0,2024-04,97.6010101010101,99.74747474747475,86.61616161616162,95.60606060606061
Arunachal Pradesh,33.6,58.1,6.65,-36.6,0,10.0,17101.0,55.6,23.3,151.2,4952.0,307373.0,6.67,5.91,10.7,61474550.0,2024-05,96.5909090909091,85.73232323232324,80.68181818181817,88.81313131313132
Arunachal Pradesh,31.7,103.2,4.75,12.6,0,0.0,18448.0,54.8,2.9,135.4,4687.0,308869.0,6.41,5.46,10.6,61773781.0,2024-06,20.58080808080808,6.8181818181818175,57.32323232323232,24.949494949494948
Arunachal Pradesh,26.8,265.2,-0.16,189.3,0,0.0,20437.0,52.2,7.1,112.6,5486.0,310372.0,6.77,4.96,7.2,62074468.0,2024-07,25.5050505050505,45.707070707070706,16.161616161616163,30.23989898989899
Arunachal Pradesh,28.5,96.4,1.48,5.1,0,0.0,16865.0,51.4,0.3,95.0,4963.0,311883.0,6.51,5.02,10.1,62376618.0,2024-08,7.196969696969697,3.787878787878788,31.944444444444443,12.190656565656566
Arunachal Pradesh,24.3,0.0,-2.73,-100.0,0,10.0,16862.0,48.3,25.5,107.6,5305.0,313401.0,6.17,4.92,6.3,62680240.0,2024-09,88.63636363636364,94.6969696969697,7.07070707070707,70.3661616161616
Arunachal Pradesh,19.7,0.0,-7.29,-100.0,0,10.0,13343.0,59.2,28.2,109.2,4965.0,314927.0,6.52,5.28,8.5,62985339.0,2024-10,65.15151515151516,95.2020202020202,28.66161616161616,66.54671717171716
Arunachal Pradesh,21.1,120.7,-5.92,31.7,0,0.0,8014.0,56.0,6.3,105.4,4362.0,316460.0,5.98,4.84,10.0,63291923.0,2024-11,1.5151515151515151,41.035353535353536,21.96969696969697,20.460858585858585
Arunachal Pradesh,21.529032258064515,972.8,1.120322580645161,-70.22258064516129,0,7.806451612903226,122298.0,50.958064516129035,7.796774193548386,109.28064516129032,4968.774193548387,309523.0,6.021612903225807,5.756451612903225,10.658064516129032,60043.096774193546,2025-01,79.54545454545455,71.71717171717171,59.21717171717171,71.72348484848484
Arunachal Pradesh,23.414285714285715,892.2,1.5046428571428572,-69.77142857142857,0,7.607142857142857,115999.0,49.28214285714286,7.807142857142857,108.32142857142857,5066.607142857143,309735.35714285716,6.121428571428572,5.646785714285714,10.346428571428572,59493.25,2025-02,78.03030303030303,73.73737373737373,48.23232323232323,69.07828282828282
Arunachal Pradesh,25.651612903225807,988.1,0.8358064516129032,-69.75483870967743,0,7.32258064516129,372149.0,50.21612903225807,7.683870967741935,103.01290322580645,5114.677419354839,309885.6451612903,6.136774193548387,5.615161290322581,10.674193548387096,58655.16129032258,2025-03,61.994949494949495,61.36363636363637,54.92424242424242,60.006313131313135
Arunachal Pradesh,28.243333333333332,918.1,0.6823333333333333,-70.96000000000001,0,7.633333333333334,342714.0,49.57333333333334,7.866666666666666,117.22666666666667,4887.9,308505.8,6.122,5.766666666666667,10.066666666666666,59906.36666666667,2025-04,70.95959595959596,74.4949494949495,49.368686868686865,66.79924242424242
Arunachal Pradesh,30.48709677419355,985.0,0.8938709677419355,-69.85483870967742,0,7.516129032258065,364806.0,48.5516129032258,7.793548387096774,108.59354838709677,4910.096774193548,310468.6129032258,6.102903225806451,5.685806451612903,10.8,61553.3870967742,2025-05,69.31818181818183,74.11616161616162,62.752525252525245,69.35606060606061
Arunachal Pradesh,31.3,10496.1,1.0,231.96999999999997,0,0.0,126945.0,48.53333333333333,3.82,112.52666666666667,4986.5,309182.8,6.102,5.608666666666666,10.33,57831.53333333333,2025-06,29.545454545454547,29.292929292929294,44.57070707070707,33.21338383838384
Arunachal Pradesh,30.983870967741936,11724.8,0.6929032258064516,258.8774193548387,0,0.0,128440.0,51.229032258064514,4.370967741935484,105.87096774193549,4800.967741935484,308941.0,6.088387096774194,5.563870967741935,10.47741935483871,60897.93548387097,2025-07,41.28787878787879,29.040404040404038,44.31818181818182,37.75883838383838
Arunachal Pradesh,28.96451612903226,11627.9,0.7761290322580645,255.90322580645162,0,0.0,129260.0,50.47096774193548,3.9322580645161294,115.26129032258065,5112.806451612903,308465.48387096776,6.104838709677419,5.811935483870967,10.325806451612904,59489.16129032258,2025-08,39.26767676767677,18.939393939393938,59.84848484848485,37.2979797979798
Arunachal Pradesh,26.523333333333333,11416.6,0.15033333333333332,261.1,0,0.0,122951.0,47.90333333333333,4.043333333333333,112.43666666666667,4891.3,310465.13333333336,6.074666666666667,6.052333333333333,10.903333333333334,60917.73333333333,2025-09,34.974747474747474,37.62626262626262,77.02020202020202,46.41414141414141
Arunachal Pradesh,24.54516129032258,3869.7,0.23516129032258062,18.432258064516127,0,0.0,449109.0,47.770967741935486,4.054838709677419,102.83548387096775,5048.193548387097,309629.2580645161,6.148387096774194,6.034838709677419,10.83548387096774,62439.48387096774,2025-10,4.797979797979798,38.131313131313135,77.90404040404042,34.74116161616162
Arunachal Pradesh,22.253333333333334,3838.2,1.3376666666666668,21.39333333333333,0,0.0,427397.0,50.669999999999995,4.036666666666666,109.69666666666667,4830.066666666667,309501.0,6.088666666666667,5.808000000000001,10.386666666666667,58457.23333333333,2025-11,14.267676767676768,21.21212121212121,60.47979797979798,28.251262626262626
Arunachal Pradesh,21.374193548387098,975.3,1.1054838709677417,-70.14193548387097,0,7.516129032258065,451682.0,50.690322580645166,7.993548387096775,106.30322580645162,4956.580645161291,310288.93548387097,6.080967741935484,5.739032258064516,10.36774193548387,59535.354838709674,2025-12,71.96969696969697,70.32828282828282,52.27272727272727,66.47095959595958
Assam,21.25,864.0999999999999,-2.745,85.14999999999999,0,0.0,21476.0,53.599999999999994,8.0,107.75,4891.5,300730.0,6.0600000000000005,6.125,9.1,60146026.5,2024-01,6.691919191919192,47.85353535353536,48.61111111111111,31.57828282828283
Assam,25.6,276.2,1.6049999999999998,-40.8,0,5.0,20810.0,54.45,4.25,109.65,5363.0,303665.0,5.905,6.6850000000000005,10.1,60732979.5,2024-03,49.24242424242424,51.010101010101,80.55555555555556,57.68939393939394
Assam,26.7,0.0,2.65,-100.0,0,10.0,6032.0,56.3,20.5,117.8,5041.0,305884.0,5.78,6.18,12.5,61176769.0,2024-04,95.70707070707071,83.96464646464646,82.95454545454545,88.4090909090909
Assam,29.7,301.6,5.66,29.3,0,0.0,18196.0,62.0,3.4,146.0,4819.0,307373.0,6.69,5.91,10.4,61474550.0,2024-05,23.737373737373737,4.671717171717172,79.54545454545455,31.016414141414142
Assam,27.4,602.0,3.37,158.0,0,0.0,13663.0,62.9,9.4,89.5,4790.0,308869.0,5.75,5.88,9.6,61773781.0,2024-06,27.27272727272727,46.08585858585859,33.964646464646464,35.53030303030303
Assam,24.3,408.7,0.29,75.2,0,0.0,14155.0,50.4,1.0,79.9,4616.0,310372.0,5.88,5.06,7.6,62074468.0,2024-07,18.181818181818183,4.545454545454546,9.848484848484848,11.325757575757578
Assam,25.6,328.3,1.63,40.7,0,0.0,14896.0,62.8,5.7,80.0,5492.0,311883.0,5.54,4.68,8.9,62376618.0,2024-08,17.55050505050505,9.217171717171716,8.712121212121213,12.424242424242424
Assam,21.4,0.0,-2.64,-100.0,0,10.0,14358.0,58.4,24.9,77.5,5191.0,313401.0,5.64,5.0,12.0,62680240.0,2024-09,88.88888888888889,88.0050505050505,31.691919191919194,74.28030303030303
Assam,20.4,0.0,-3.61,-100.0,0,10.0,12399.0,56.4,26.5,149.1,4681.0,314927.0,5.71,5.01,10.0,62985339.0,2024-10,87.62626262626263,92.92929292929293,21.085858585858585,72.84722222222223
Assam,19.7,341.0,-4.28,46.1,0,0.0,10726.0,52.2,3.1,87.3,5595.0,316460.0,6.24,5.32,10.5,63291923.0,2024-11,2.398989898989899,8.207070707070708,38.25757575757576,13.396464646464647
Assam,20.1,2442.2,1.3648387096774195,-69.70967741935483,0,7.258064516129032,108319.0,51.31290322580645,7.474193548387096,114.47419354838709,4798.290322580645,309205.12903225806,5.925483870967742,5.7135483870967745,10.529032258064515,59292.096774193546,2025-01,66.28787878787878,55.93434343434344,47.34848484848485,57.929292929292934
Assam,21.63214285714286,2236.7,1.292142857142857,-69.3,0,7.178571428571429,101786.0,50.03928571428571,7.453571428571428,109.28928571428571,5075.607142857143,309433.14285714284,5.966428571428572,5.795,10.978571428571428,60182.857142857145,2025-02,63.005050505050505,57.07070707070707,67.8030303030303,62.12752525252526
Assam,23.596774193548388,2467.3,0.6903225806451613,-69.40322580645162,0,7.129032258064516,322596.0,49.76451612903226,7.938709677419355,111.89032258064516,4940.548387096775,307938.87096774194,5.872903225806452,5.501612903225807,10.135483870967741,59322.54838709677,2025-03,55.93434343434344,63.38383838383839,32.70202020202021,52.73358585858587
Assam,26.576666666666664,2328.4,1.1556666666666666,-70.17333333333333,0,7.5,306118.0,49.97,7.766666666666667,104.06666666666666,4923.066666666667,310604.56666666665,5.900666666666667,5.8533333333333335,10.46,60538.566666666666,2025-04,72.22222222222221,68.18181818181817,53.661616161616166,66.16792929292929
Assam,28.77741935483871,2342.9,0.47774193548387095,-70.9483870967742,0,7.483870967741935,326805.0,49.690322580645166,7.548387096774194,109.96129032258065,5038.129032258064,309989.9032258064,5.943548387096774,5.84516129032258,10.358064516129033,61690.67741935484,2025-05,63.63636363636363,64.77272727272727,52.3989898989899,61.224747474747474
Assam,29.043333333333333,27875.8,0.8253333333333334,257.1633333333333,0,0.0,109858.0,50.05,3.6966666666666668,114.65666666666667,4995.133333333333,309806.26666666666,5.8966666666666665,5.932,10.483333333333333,59361.36666666667,2025-06,41.54040404040404,14.015151515151514,61.489898989899,36.89393939393939
Assam,28.948387096774194,29007.9,0.8048387096774193,259.68387096774194,0,0.0,111882.0,48.903225806451616,3.948387096774194,114.24516129032257,4988.806451612903,310183.6451612903,6.02483870967742,5.82258064516129,10.041935483870969,57456.74193548387,2025-07,42.676767676767675,30.681818181818183,48.10606060606061,39.83585858585859
Assam,27.216129032258067,28093.7,1.3935483870967742,248.3483870967742,0,0.0,112727.0,49.57096774193548,3.6516129032258067,108.59354838709677,4918.0,309210.5483870968,5.992903225806452,5.824516129032258,10.667741935483871,58878.290322580644,2025-08,42.04545454545455,15.277777777777779,63.76262626262626,38.10606060606061
Assam,24.35,27611.9,0.483,253.77666666666667,0,0.0,112436.0,49.36,3.92,107.32666666666667,5075.833333333333,309318.93333333335,5.92,5.780333333333333,10.336666666666668,60134.96666666667,2025-09,34.72222222222222,26.89393939393939,46.96969696969697,35.04419191919192
Assam,21.961290322580645,9023.4,1.1935483870967742,11.883870967741935,0,0.0,397110.0,47.94193548387097,3.925806451612903,106.46774193548387,4962.5161290322585,309336.4516129032,5.997096774193548,5.88,10.703225806451613,62452.1935483871,2025-10,7.954545454545454,35.60606060606061,68.56060606060606,32.78409090909091
Assam,19.983333333333334,9836.5,1.1236666666666666,26.026666666666664,0,0.0,383608.0,48.05,4.036666666666666,102.76,5060.4,308732.0,6.000666666666667,5.524,10.733333333333333,58608.833333333336,2025-11,14.393939393939394,36.994949494949495,42.55050505050505,29.343434343434343
Assam,19.629032258064516,2332.1,0.9135483870967742,-71.09032258064516,0,7.548387096774194,409269.0,51.012903225806454,7.706451612903226,107.29677419354839,4888.8387096774195,309451.2580645161,5.980967741935483,5.782903225806452,10.332258064516129,56955.45161290323,2025-12,71.5909090909091,64.14141414141415,49.74747474747475,63.52272727272727
Bihar,20.950000000000003,680.2,-6.07,271.0,0,0.0,28928.0,49.099999999999994,4.449999999999999,120.2,5311.0,200487.0,8.84,6.449999999999999,13.65,40097351.0,2024-01,24.242424242424242,38.88888888888889,98.48484848484848,47.92929292929293
Bihar,28.45,83.4,1.425,-54.5,0,5.0,27353.0,53.7,4.15,89.55000000000001,4982.0,202443.5,9.26,7.279999999999999,12.45,40488653.0,2024-03,50.252525252525245,51.13636363636363,99.4949494949495,62.87247474747474
Bihar,30.9,0.0,3.89,-100.0,0,10.0,4967.0,52.4,30.4,104.5,4992.0,203923.0,8.65,7.58,12.3,40784513.0,2024-04,97.34848484848484,99.24242424242425,99.24242424242425,98.48484848484848
Bihar,35.0,77.4,7.96,-15.5,0,0.0,18565.0,52.3,12.6,90.2,5522.0,204915.0,9.23,6.6,14.1,40983034.0,2024-05,24.747474747474747,53.40909090909091,99.36868686868688,53.43434343434343
Bihar,29.7,212.7,2.71,132.1,0,0.0,17046.0,57.9,10.5,92.8,5295.0,205913.0,8.2,7.02,16.7,41182521.0,2024-06,25.252525252525253,50.63131313131313,100.0,52.821969696969695
Bihar,31.3,275.1,4.33,200.2,0,0.0,18326.0,57.5,7.5,121.3,5585.0,206915.0,8.12,5.84,14.5,41382979.0,2024-07,46.08585858585859,43.686868686868685,96.96969696969697,57.967171717171716
Bihar,25.9,105.8,-1.06,15.4,0,0.0,19146.0,54.2,6.9,102.9,5603.0,207922.0,8.31,5.62,12.8,41584412.0,2024-08,3.9141414141414144,43.813131313131315,96.08585858585859,40.92171717171718
Bihar,24.7,0.0,-2.31,-100.0,0,10.0,12549.0,53.0,26.1,100.6,5639.0,208934.0,7.54,5.5,11.4,41786827.0,2024-09,89.39393939393939,93.43434343434343,86.36363636363636,90.05050505050505
Bihar,21.3,0.0,-5.73,-100.0,0,10.0,12459.0,48.2,25.1,114.9,5323.0,209951.0,8.25,6.07,10.2,41990226.0,2024-10,80.93434343434343,93.3080808080808,91.03535353535354,87.79040404040403
Bihar,21.2,51.4,-5.78,-43.9,0,10.0,17192.0,56.1,24.1,105.0,5789.0,210973.0,8.91,5.92,12.2,42194616.0,2024-11,54.7979797979798,87.24747474747475,96.84343434343434,76.66666666666667
Bihar,22.416129032258063,1114.9,0.72,-70.95161290322581,0,7.451612903225806,137252.0,50.05806451612903,7.580645161290323,105.33870967741936,4986.870967741936,205649.16129032258,8.594193548387098,5.772258064516129,10.796774193548387,58485.645161290326,2025-01,64.77272727272727,62.878787878787875,93.18181818181817,71.2121212121212
Bihar,23.660714285714285,1083.7,1.225357142857143,-68.74285714285715,0,7.5,123384.0,49.996428571428574,7.917857142857143,107.96428571428571,4994.25,207100.17857142858,8.583214285714286,5.821071428571429,10.992857142857144,60278.107142857145,2025-02,72.09595959595958,70.70707070707071,94.57070707070707,77.22853535353535
Bihar,26.193548387096776,1179.2,1.0654838709677419,-69.28709677419356,0,7.193548387096774,383073.0,47.983870967741936,7.748387096774193,110.1,5050.322580645161,206021.90322580645,8.613870967741935,5.682258064516129,10.180645161290323,58024.54838709677,2025-03,61.23737373737374,68.43434343434343,89.8989898989899,70.92171717171718
Bihar,29.373333333333335,1126.5,1.41,-69.66333333333334,0,7.133333333333334,369618.0,49.519999999999996,7.433333333333334,109.69666666666667,5053.233333333334,206252.1,8.637,5.618666666666667,10.396666666666667,60562.433333333334,2025-04,63.38383838383839,57.32323232323232,90.27777777777779,67.98611111111111
Bihar,30.932258064516127,1167.1,1.0841935483870968,-69.59677419354838,0,7.451612903225806,374805.0,49.751612903225805,7.525806451612904,108.45806451612903,5189.967741935484,206853.74193548388,8.564193548387097,5.7787096774193545,10.729032258064517,61989.25806451613,2025-05,69.57070707070707,63.13131313131313,92.2979797979798,72.99873737373737
Bihar,31.80666666666667,12952.9,0.6226666666666667,248.66,0,0.0,133707.0,50.336666666666666,4.003333333333333,111.21333333333334,5067.566666666667,206555.1,8.65,5.882666666666666,10.45,58863.333333333336,2025-06,33.58585858585859,22.601010101010104,93.56060606060606,44.734848484848484
Bihar,30.83225806451613,13594.7,0.7648387096774194,254.11935483870968,0,0.0,136458.0,51.093548387096774,3.674193548387097,110.56451612903226,4906.419354838709,205520.4516129032,8.628387096774194,5.9077419354838705,10.519354838709678,59106.45161290323,2025-07,37.62626262626262,10.85858585858586,94.1919191919192,42.398989898989896
Bihar,29.416129032258063,13476.3,1.086774193548387,251.05161290322582,0,0.0,133298.0,49.66129032258065,4.16774193548387,107.23870967741935,5185.870967741936,206483.64516129033,8.70516129032258,5.6329032258064515,10.351612903225806,61206.77419354839,2025-08,40.65656565656566,32.95454545454545,90.65656565656566,50.46085858585859
Bihar,26.863333333333333,13109.8,0.9019999999999999,252.88666666666668,0,0.0,129195.0,50.169999999999995,4.073333333333333,107.93666666666667,5130.2,206356.23333333334,8.621,5.636333333333334,10.526666666666667,59685.13333333333,2025-09,38.51010101010101,26.515151515151516,90.78282828282829,47.380050505050505
Bihar,24.88064516129032,4850.9,0.7912903225806452,26.358064516129033,0,0.0,485039.0,49.87096774193548,3.7870967741935484,111.80645161290323,4962.290322580645,207092.7741935484,8.542903225806452,5.857096774193548,9.806451612903226,61988.93548387097,2025-10,11.363636363636363,17.929292929292927,89.77272727272727,33.263888888888886
Bihar,22.96333333333333,4530.3,0.6276666666666667,21.94333333333333,0,0.0,458070.0,48.75666666666667,4.01,111.86999999999999,4966.966666666666,206092.73333333334,8.707333333333334,5.735666666666666,10.666666666666666,59094.36666666667,2025-11,7.575757575757576,33.58585858585859,93.3080808080808,38.11237373737374
Bihar,21.9,1080.4,0.7816129032258065,-71.85483870967742,0,6.935483870967742,469032.0,49.15806451612904,7.429032258064517,109.63225806451612,4953.709677419355,205725.64516129033,8.63483870967742,5.730645161290322,10.067741935483872,62820.74193548387,2025-12,55.17676767676768,55.80808080808081,90.15151515151516,64.14141414141415
Chandigarh,29.253856720737666,163.32946136402933,-2.0050000000000003,125.55,0,0.0,52466.0,79.80000000000001,3.4499999999999997,90.55,12284.5,158954.60421249107,5.8,5.93,9.8,60146026.5,2024-01,18.497474747474747,1.452020202020202,39.70959595959596,17.83459595959596
Chandigarh,32.95771045285466,38.52964051378565,0.43999999999999995,-46.8,0,5.0,61125.0,82.85,6.699999999999999,123.64999999999999,12547.5,167291.1029839873,6.095000000000001,6.49,11.350000000000001,60732979.5,2024-03,48.54797979797979,44.50757575757576,84.91161616161617,56.224747474747474
Chandigarh,36.91389508525023,0.0,5.56,-100.0,0,10.0,10969.0,79.3,26.1,102.2,12483.0,94530.29117521533,5.31,6.45,8.4,61176769.0,2024-04,98.42171717171718,84.53282828282829,31.25,76.76767676767678
Chandigarh,37.32587392832337,29.749456876238437,3.94,-17.3,0,0.0,35939.0,75.6,4.6,89.0,12546.0,195165.71443317618,5.61,6.82,7.3,61474550.0,2024-05,19.76010101010101,2.840909090909091,35.66919191919192,17.815656565656568
Chandigarh,34.025326676424854,26.860093597384363,3.78,-15.5,0,0.0,38699.0,91.3,1.9,82.7,12985.0,189508.66530183557,5.72,5.86,6.6,61773781.0,2024-06,18.75,0.31565656565656564,14.835858585858585,11.319444444444443
Chandigarh,31.80088969020465,139.91714698676242,-0.53,285.2,0,0.0,40704.0,93.9,3.1,76.1,12960.0,204132.84630358403,5.8,5.4,8.3,62074468.0,2024-07,42.48737373737374,0.5681818181818182,18.623737373737374,21.849747474747474
Chandigarh,36.95753117851887,28.11480269646331,3.29,-7.5,0,0.0,45004.0,92.0,3.0,95.0,12644.0,208744.7037920004,5.95,4.78,6.0,62376618.0,2024-08,17.108585858585858,1.073232323232323,5.6186868686868685,8.623737373737374
Chandigarh,29.326104642507833,0.0,-1.35,-100.0,0,10.0,39452.0,89.1,24.6,115.9,11626.0,211800.68096317508,6.16,5.33,9.0,62680240.0,2024-09,91.47727272727273,82.63888888888889,27.46212121212121,72.3800505050505
Chandigarh,32.61259926303303,0.0,1.83,-100.0,0,10.0,37826.0,90.2,20.0,122.5,11955.0,145060.06409314327,6.11,5.14,6.5,62985339.0,2024-10,94.88636363636364,81.50252525252525,9.154040404040405,68.7689393939394
Chandigarh,25.564025985795023,25.150011886953077,-5.26,-28.7,0,10.0,27535.0,83.9,21.7,93.8,12890.0,168476.79215095236,6.85,5.36,12.3,63291923.0,2024-11,54.22979797979798,81.7550505050505,82.13383838383838,70.83964646464646
Chandigarh,22.9741935483871,2003.7,0.9874193548387097,-69.97096774193548,0,7.032258064516129,41167.0,50.46451612903226,7.464516129032258,113.23225806451612,5013.4838709677415,187293.38709677418,7.555161290322581,5.844193548387096,10.82258064516129,60133.51612903226,2025-01,56.313131313131315,55.17676767676768,87.75252525252525,63.775252525252526
Chandigarh,24.70357142857143,1822.4,1.185,-69.76785714285714,0,7.535714285714286,38244.0,50.082142857142856,8.053571428571429,111.44642857142857,4943.464285714285,187073.2857142857,7.526785714285714,5.804285714285714,10.457142857142857,58650.82142857143,2025-02,73.35858585858585,73.48484848484848,86.11111111111111,76.5909090909091
Chandigarh,27.88064516129032,1991.1,0.9922580645161291,-70.15483870967742,0,7.258064516129032,120131.0,50.461290322580645,7.622580645161291,112.01935483870967,5186.322580645161,187159.93548387097,7.5125806451612895,5.8754838709677415,10.819354838709677,61416.74193548387,2025-03,62.37373737373737,59.46969696969697,87.62626262626263,67.67045454545455
Chandigarh,29.91,1955.2,1.0976666666666666,-69.72,0,7.733333333333333,116407.0,52.28,8.17,107.28666666666666,4838.333333333333,186972.16666666666,7.436000000000001,5.755333333333334,10.72,59614.9,2025-04,77.65151515151516,71.96969696969697,85.85858585858585,77.71464646464646
Chandigarh,31.612903225806452,2010.2,0.9006451612903227,-69.87741935483871,0,7.612903225806452,117417.0,51.75806451612903,7.738709677419355,114.08387096774193,5141.1612903225805,187227.70967741936,7.510322580645161,5.867741935483871,10.116129032258065,59916.6129032258,2025-05,72.47474747474747,63.25757575757576,85.22727272727273,72.43686868686869
Chandigarh,32.736666666666665,23442.4,0.4683333333333334,263.02000000000004,0,0.0,39717.0,49.016666666666666,4.006666666666667,107.84666666666666,4989.266666666666,187075.73333333334,7.394333333333334,5.731,10.323333333333332,59693.7,2025-06,41.035353535353536,31.565656565656564,83.20707070707071,48.263888888888886
Chandigarh,32.061290322580646,23026.6,0.7516129032258064,245.08064516129033,0,0.0,41809.0,49.39032258064516,4.199999999999999,106.51612903225806,5119.903225806452,186611.09677419355,7.507096774193548,5.593548387096774,10.616129032258065,59896.54838709677,2025-07,32.82828282828283,34.974747474747474,83.45959595959596,46.23737373737374
Chandigarh,30.567741935483873,23874.9,1.1480645161290324,257.7967741935484,0,0.0,42311.0,50.66129032258065,3.925806451612903,107.53225806451613,4979.645161290323,187381.7741935484,7.437096774193549,5.888064516129032,10.651612903225805,60800.096774193546,2025-08,45.07575757575758,17.17171717171717,86.9949494949495,45.78914141414141
Chandigarh,28.183333333333334,22797.1,0.571,253.02666666666667,0,0.0,41166.0,48.56666666666667,3.8066666666666666,105.46000000000001,5025.5,187026.26666666666,7.438999999999999,5.661666666666666,10.653333333333334,60062.333333333336,2025-09,34.84848484848485,28.535353535353536,84.21717171717171,44.98106060606061
Chandigarh,25.032258064516128,8130.900000000001,0.8906451612903226,21.85483870967742,0,0.0,148171.0,50.18064516129032,4.22258064516129,108.08387096774193,4812.4838709677415,187432.25806451612,7.4148387096774195,5.841290322580646,10.52258064516129,59108.41935483871,2025-10,9.722222222222223,31.186868686868685,85.98484848484848,36.30050505050505
Chandigarh,24.046666666666667,7736.8,1.2906666666666666,19.81,0,0.0,142438.0,52.49,4.069999999999999,109.64333333333335,4800.2,187461.43333333332,7.451,5.6033333333333335,10.53,60519.46666666667,2025-11,12.878787878787879,11.616161616161616,82.82828282828282,29.924242424242422
Chandigarh,22.72258064516129,2105.4,0.5545161290322581,-68.44193548387096,0,7.580645161290323,144994.0,48.438709677419354,8.193548387096774,104.46774193548387,4991.806451612903,186993.87096774194,7.5203225806451615,5.619354838709677,10.870967741935484,60711.1935483871,2025-12,65.65656565656566,79.41919191919192,85.73232323232324,75.49242424242425
Chhattisgarh,23.9,502.90000000000003,-3.115,174.3,0,0.0,24237.0,53.95,7.0,103.2,4713.5,300730.0,6.44,6.050000000000001,8.95,60146026.5,2024-01,22.22222222222222,44.31818181818182,61.36363636363637,39.74116161616162
Chhattisgarh,26.5,80.1,-0.51,-56.3,0,5.0,26710.0,58.300000000000004,1.8499999999999999,89.25,4842.0,303665.0,6.04,6.404999999999999,10.65,60732979.5,2024-03,47.85353535353536,45.20202020202021,80.8080808080808,55.16414141414141
Chhattisgarh,31.0,0.0,4.01,-100.0,0,10.0,5440.0,49.9,23.5,114.2,5122.0,305884.0,6.24,6.83,10.1,61176769.0,2024-04,97.47474747474747,89.01515151515152,85.47979797979798,91.51515151515152
Chhattisgarh,35.8,96.5,8.77,5.2,0,0.0,13308.0,59.4,1.2,113.0,4950.0,307373.0,5.87,6.26,9.7,61474550.0,2024-05,25.0,2.6515151515151514,65.15151515151516,27.215909090909093
Chhattisgarh,31.8,244.8,4.85,167.1,0,0.0,20540.0,47.4,1.8,86.2,4977.0,308869.0,6.04,5.13,8.5,61773781.0,2024-06,33.08080808080808,7.828282828282829,17.67676767676768,20.391414141414142
Chhattisgarh,25.7,248.4,-1.34,171.0,0,0.0,15730.0,56.8,4.3,75.0,5722.0,310372.0,5.57,5.35,15.0,62074468.0,2024-07,23.98989898989899,8.964646464646464,81.56565656565657,33.125
Chhattisgarh,27.1,159.4,0.12,73.9,0,0.0,14754.0,56.7,8.4,109.1,5285.0,311883.0,6.18,4.84,10.8,62376618.0,2024-08,17.803030303030305,46.21212121212121,29.924242424242426,30.77651515151515
Chhattisgarh,24.1,0.0,-2.88,-100.0,0,10.0,16343.0,61.6,26.9,103.9,5355.0,313401.0,6.24,4.93,10.2,62680240.0,2024-09,88.51010101010101,90.9090909090909,29.545454545454547,74.60858585858587
Chhattisgarh,22.6,0.0,-4.4,-100.0,0,10.0,11785.0,51.6,29.3,136.0,4980.0,314927.0,7.03,4.59,9.9,62985339.0,2024-10,85.35353535353535,98.61111111111111,30.681818181818183,76.32575757575758
Chhattisgarh,24.3,112.3,-2.71,22.6,0,0.0,8566.0,51.6,5.4,116.8,4674.0,316460.0,5.54,5.47,7.2,63291923.0,2024-11,3.1565656565656566,41.16161616161616,10.732323232323232,18.352272727272727
Chhattisgarh,22.874193548387098,1155.3,1.090967741935484,-69.03870967741935,0,7.516129032258065,121587.0,48.46774193548387,8.07741935483871,114.47419354838709,4791.096774193548,309959.32258064515,6.15258064516129,5.68741935483871,10.03225806451613,60138.8064516129,2025-01,71.21212121212122,77.90404040404042,45.83333333333333,67.20959595959596
Chhattisgarh,24.067857142857143,1034.6,0.9135714285714285,-69.31428571428572,0,7.285714285714286,110800.0,51.53928571428571,7.542857142857143,111.80357142857143,4980.678571428572,311107.0,6.062142857142858,5.7560714285714285,10.739285714285714,59885.642857142855,2025-02,61.489898989899,56.69191919191919,64.77272727272727,60.631313131313135
Chhattisgarh,26.906451612903226,1086.0,1.41,-70.89354838709677,0,7.806451612903226,342172.0,47.92580645161291,7.851612903225806,114.31612903225808,5020.4838709677415,310110.6129032258,6.1980645161290315,5.698709677419354,10.3,56622.8064516129,2025-03,81.06060606060606,79.67171717171718,55.3030303030303,74.13510101010101
Chhattisgarh,28.59333333333333,1012.3,0.917,-71.97,0,7.633333333333334,328261.0,50.39,7.6899999999999995,106.16000000000001,4795.933333333333,309133.2,6.182,5.564333333333334,10.373333333333333,61088.86666666667,2025-04,74.87373737373737,68.3080808080808,46.590909090909086,65.50505050505049
Chhattisgarh,30.68064516129032,1091.8,1.3306451612903225,-70.73870967741935,0,7.580645161290323,338363.0,50.36451612903225,7.658064516129032,109.43548387096774,5032.677419354839,309222.51612903224,6.0929032258064515,5.573548387096774,10.216129032258063,58419.41935483871,2025-05,76.89393939393939,65.9090909090909,40.15151515151515,63.86363636363637
Chhattisgarh,31.873333333333335,11992.0,0.9953333333333333,232.10666666666665,0,0.0,118999.0,50.056666666666665,3.93,110.16333333333334,4896.3,309818.93333333335,6.154333333333333,5.85,10.533333333333333,60946.86666666667,2025-06,29.67171717171717,21.71717171717172,70.58080808080808,37.11489898989899
Chhattisgarh,31.551612903225806,13785.3,1.7141935483870967,269.4548387096774,0,0.0,126440.0,48.777419354838706,4.293548387096774,113.99032258064516,4965.419354838709,309595.67741935485,6.137096774193548,5.876451612903225,10.332258064516129,59711.903225806454,2025-07,48.98989898989899,38.51010101010101,66.91919191919192,49.80429292929293
Chhattisgarh,30.48709677419355,13579.6,1.5925806451612903,263.93548387096774,0,0.0,123876.0,48.16129032258065,4.367741935483871,109.5,4962.290322580645,309372.5483870968,6.176451612903226,5.759032258064516,10.103225806451613,59684.25806451613,2025-08,48.23232323232323,40.27777777777778,52.52525252525253,46.52146464646465
Chhattisgarh,27.40666666666667,12555.1,1.0273333333333334,247.69666666666666,0,0.0,116441.0,50.76,4.11,110.14333333333335,5116.733333333334,309317.2,6.144333333333334,5.658666666666666,10.593333333333334,60205.7,2025-09,36.868686868686865,23.484848484848484,57.07070707070707,37.234848484848484
Chhattisgarh,25.05806451612903,4681.4,1.0693548387096774,25.448387096774194,0,0.0,420708.0,51.05483870967742,4.054838709677419,111.81290322580645,5017.0,310087.93548387097,6.113548387096775,5.833870967741936,10.651612903225805,62429.87096774193,2025-10,13.636363636363635,19.065656565656568,70.2020202020202,29.6780303030303
Chhattisgarh,22.990000000000002,4194.2,0.8726666666666667,16.143333333333334,0,0.0,418102.0,51.63333333333333,4.12,108.19333333333334,4913.033333333334,311031.93333333335,6.0376666666666665,5.590999999999999,10.453333333333335,57385.433333333334,2025-11,7.07070707070707,16.91919191919192,42.42424242424242,19.356060606060606
Chhattisgarh,21.651612903225807,1076.4,1.0838709677419356,-71.14838709677419,0,7.32258064516129,428385.0,49.961290322580645,7.54516129032258,112.41935483870968,5077.903225806452,309550.5806451613,6.168709677419354,5.766774193548388,10.574193548387097,58604.0,2025-12,65.78282828282829,60.60606060606061,66.66666666666666,64.1919191919192
Dadra and Nagar Haveli and Daman and Diu,24.300085756310267,564.1775087428952,-2.27,229.95,0,0.0,23674.0,49.4,4.95,112.25,5356.5,209332.89107317798,6.34,5.824999999999999,9.05,60146026.5,2024-01,25.820707070707073,41.47727272727273,41.72979797979798,35.27777777777778
Dadra and Nagar Haveli and Daman and Diu,29.967675280848148,85.60390386117501,2.595,-53.5,0,5.0,22133.0,57.3,5.5,85.45,5331.5,111644.00308751596,6.025,6.4350000000000005,9.05,60732979.5,2024-03,51.70454545454546,51.70454545454546,69.00252525252525,56.0290404040404
Dadra and Nagar Haveli and Daman and Diu,30.629690894812274,0.0,3.39,-100.0,0,10.0,5593.0,56.6,24.1,75.0,5462.0,158690.94078064556,5.73,6.15,6.8,61176769.0,2024-04,96.90656565656566,86.93181818181817,22.53787878787879,74.82323232323233
Dadra and Nagar Haveli and Daman and Diu,32.282440176555625,80.24672580832097,4.07,-14.0,0,0.0,14445.0,60.2,3.4,85.9,4296.0,178520.62403652584,6.62,6.25,7.9,61474550.0,2024-05,19.38131313131313,5.492424242424242,58.90151515151515,24.400252525252526
Dadra and Nagar Haveli and Daman and Diu,30.96640316013615,113.59107570600688,4.81,16.4,0,0.0,10330.0,48.6,6.8,135.1,3959.0,198955.61852034286,6.08,5.95,11.2,61773781.0,2024-06,21.022727272727273,46.78030303030303,77.46212121212122,44.14772727272727
Dadra and Nagar Haveli and Daman and Diu,27.12559353149995,223.7010581918184,-0.95,127.1,0,0.0,20089.0,54.5,5.6,89.1,5200.0,170703.0003446616,6.72,5.19,6.3,62074468.0,2024-07,21.52777777777778,39.58333333333333,14.078282828282829,25.984848484848484
Dadra and Nagar Haveli and Daman and Diu,23.983598557765138,93.89296990604586,-2.03,9.4,0,0.0,14887.0,55.6,8.3,103.0,4818.0,172836.90723825226,5.79,5.01,7.1,62376618.0,2024-08,2.840909090909091,47.41161616161616,8.143939393939394,19.76641414141414
Dadra and Nagar Haveli and Daman and Diu,23.142865173340674,0.0,-4.32,-100.0,0,10.0,14829.0,46.4,25.9,73.0,5372.0,184542.49426558512,5.52,4.9,8.9,62680240.0,2024-09,85.79545454545455,95.64393939393939,10.416666666666668,70.39772727272727
Dadra and Nagar Haveli and Daman and Diu,24.71402408586772,0.0,-1.4,-100.0,0,10.0,12410.0,55.1,24.4,107.0,4730.0,173553.42487122244,6.02,4.71,8.5,62985339.0,2024-10,91.09848484848484,88.4469696969697,11.679292929292929,70.31565656565657
Dadra and Nagar Haveli and Daman and Diu,23.093640361348637,48.90513389491845,-4.86,-42.7,0,10.0,10132.0,50.1,25.6,108.2,4149.0,130615.26686356716,5.54,5.57,11.1,63291923.0,2024-11,58.6489898989899,93.75,35.29040404040404,65.09469696969697
Dadra and Nagar Haveli and Daman and Diu,17.980645161290322,1891.9,0.6838709677419355,-69.50645161290322,0,7.290322580645161,69068.0,50.28064516129032,7.6,107.80967741935484,5114.322580645161,198927.1935483871,7.812258064516129,5.602903225806451,10.225806451612904,58884.32258064516,2025-01,59.59595959595959,59.97474747474747,85.1010101010101,66.10479797979798
Dadra and Nagar Haveli and Daman and Diu,18.935714285714287,1739.0,0.2764285714285714,-68.975,0,7.392857142857143,60485.0,50.525,7.8,102.25357142857142,5049.75,199533.82142857142,7.8307142857142855,5.51,10.310714285714285,59753.42857142857,2025-02,57.1969696969697,63.76262626262626,84.46969696969697,66.31313131313132
Dadra and Nagar Haveli and Daman and Diu,21.93548387096774,1797.1000000000001,0.5525806451612902,-71.03548387096774,0,7.193548387096774,191982.0,47.89354838709678,7.661290322580645,105.47419354838709,5119.967741935484,199326.16129032258,7.857741935483871,5.884838709677419,10.580645161290322,61041.54838709677,2025-03,56.56565656565656,66.54040404040404,88.88888888888889,68.13762626262627
Dadra and Nagar Haveli and Daman and Diu,23.723333333333336,1902.6,1.2,-68.32,0,7.433333333333334,180299.0,51.85,7.666666666666667,108.76666666666667,4920.4,199476.3,7.872,5.822333333333333,10.503333333333334,60003.6,2025-04,69.6969696969697,58.964646464646464,88.25757575757575,70.58080808080808
Dadra and Nagar Haveli and Daman and Diu,26.30322580645161,1798.4,0.7132258064516129,-71.02258064516128,0,7.612903225806452,190045.0,50.29677419354839,7.941935483870967,109.86451612903227,4911.032258064516,199898.25806451612,7.911935483870968,5.814516129032258,10.796774193548387,59451.709677419356,2025-05,70.83333333333334,72.47474747474747,89.14141414141415,75.9848484848485
Dadra and Nagar Haveli and Daman and Diu,26.85,20610.4,0.7473333333333333,243.17666666666668,0,0.0,65545.0,50.10666666666667,4.286666666666666,109.0,4987.366666666667,199647.4,7.837000000000001,5.834666666666666,10.623333333333333,58221.7,2025-06,31.691919191919194,33.45959595959596,88.76262626262627,46.57828282828283
Dadra and Nagar Haveli and Daman and Diu,26.280645161290323,22601.2,0.8025806451612902,264.19354838709677,0,0.0,66044.0,50.05483870967742,4.287096774193548,110.26129032258065,4974.8387096774195,198992.74193548388,7.821612903225806,5.575483870967742,10.706451612903225,54414.83870967742,2025-07,44.823232323232325,33.83838383838384,86.86868686868688,51.48989898989899
Dadra and Nagar Haveli and Daman and Diu,24.76774193548387,21402.9,1.2483870967741937,244.8741935483871,0,0.0,67692.0,50.02903225806452,3.935483870967742,111.62903225806451,4921.258064516129,199731.1935483871,7.811935483870967,5.570967741935483,10.609677419354838,59488.25806451613,2025-08,37.75252525252525,22.348484848484848,86.48989898989899,44.54545454545455
Dadra and Nagar Haveli and Daman and Diu,22.75,20050.1,0.843,233.85,0,0.0,65210.0,51.21,3.93,110.31,5054.433333333333,199131.3,7.814666666666667,5.877,10.326666666666666,59932.4,2025-09,28.914141414141415,13.88888888888889,88.0050505050505,38.428030303030305
Dadra and Nagar Haveli and Daman and Diu,20.45483870967742,7935.4,0.8293548387096774,27.870967741935484,0,0.0,237972.0,49.877419354838715,4.112903225806452,104.90645161290323,4956.8387096774195,199028.5483870968,7.9074193548387095,5.861935483870968,10.229032258064517,58224.32258064516,2025-10,12.75252525252525,29.924242424242426,88.13131313131312,37.607323232323225
Dadra and Nagar Haveli and Daman and Diu,17.703333333333333,7417.3,0.9166666666666666,23.493333333333332,0,0.0,226670.0,48.193333333333335,4.0,107.36666666666666,4721.766666666666,199275.6,7.761,5.634666666666666,9.796666666666665,59130.7,2025-11,10.85858585858586,36.23737373737374,83.08080808080808,37.79671717171718
Dadra and Nagar Haveli and Daman and Diu,16.980645161290322,1822.3,0.4406451612903226,-70.6258064516129,0,6.806451612903226,241911.0,50.119354838709675,7.319354838709677,109.91612903225807,5038.225806451613,199899.93548387097,7.832580645161291,5.991612903225807,10.345161290322581,60126.22580645161,2025-12,53.78787878787878,54.292929292929294,89.01515151515152,62.77146464646465
Delhi,27.417131112289418,164.14215708720286,-4.984999999999999,133.6,0,0.0,66475.0,77.95,6.4,100.9,12694.0,167562.20894779701,6.17,5.82,8.75,60146026.5,2024-01,9.154040404040405,4.22979797979798,33.27020202020202,13.45959595959596
Delhi,33.311978813460804,33.39048464879936,2.415,-45.85,0,5.0,78133.0,87.1,3.1500000000000004,98.15,12468.0,124900.81633998621,6.115,6.62,9.7,60732979.5,2024-03,51.07323232323232,6.628787878787879,79.98737373737373,42.74621212121212
Delhi,39.10455431552431,0.0,7.24,-100.0,0,10.0,12876.0,97.0,26.1,98.8,12601.0,100874.98965800222,6.23,7.1,10.4,61176769.0,2024-04,99.93686868686868,82.38636363636364,88.4469696969697,90.92171717171716
Delhi,41.699930401218865,42.0073500538243,10.44,18.8,0,0.0,45380.0,90.9,8.3,112.8,11928.0,181578.44055293204,6.39,6.33,11.8,61474550.0,2024-05,26.957070707070706,3.4722222222222223,87.31060606060606,33.82575757575758
Delhi,35.25274692097939,104.28196698162314,2.19,212.7,0,0.0,49751.0,86.5,1.6,84.9,12468.0,159259.9069546896,6.2,5.54,11.8,61773781.0,2024-06,30.997474747474747,0.8207070707070708,75.18939393939394,31.483585858585858
Delhi,33.96689822908866,104.49540728396427,2.05,231.7,0,0.0,39966.0,87.1,6.0,132.3,12727.0,123960.0728450767,6.35,5.17,8.0,62074468.0,2024-07,39.58333333333333,1.9570707070707072,20.13888888888889,21.5530303030303
Delhi,33.03839575096147,34.42119066975273,0.95,-2.2,0,0.0,35669.0,90.9,7.9,75.4,12799.0,202215.69539274045,6.15,5.07,9.4,62376618.0,2024-08,4.608585858585858,3.0934343434343434,25.315656565656564,9.255050505050505
Delhi,28.426366095599995,0.0,-4.19,-100.0,0,10.0,42759.0,91.9,24.1,97.0,12563.0,199381.23858025312,6.16,5.31,11.1,62680240.0,2024-09,86.17424242424242,82.13383838383838,45.391414141414145,74.56439393939394
Delhi,27.83476600268926,0.0,-5.22,-100.0,0,10.0,28962.0,79.5,25.0,71.2,13297.0,150957.3683418298,6.1,5.22,6.9,62985339.0,2024-10,83.33333333333334,83.77525252525253,12.058080808080808,65.66919191919192
Delhi,28.112974812715553,21.475168054997248,-4.57,-37.4,0,10.0,24918.0,74.2,22.0,87.2,11838.0,198504.03472863513,6.2,5.84,8.6,63291923.0,2024-11,59.02777777777778,83.01767676767676,33.01767676767677,60.92171717171717
Delhi,20.387096774193548,2223.4,1.2438709677419355,-68.85161290322581,0,8.03225806451613,63950.0,50.75483870967742,7.732258064516128,109.62903225806451,5034.322580645161,157625.61290322582,5.893548387096774,5.639354838709677,10.203225806451613,61066.967741935485,2025-01,82.7020202020202,76.38888888888889,36.61616161616162,68.97095959595958
Delhi,21.739285714285717,2076.9,0.6664285714285715,-67.79285714285714,0,7.678571428571429,61246.0,51.103571428571435,7.8500000000000005,113.53571428571429,5114.678571428572,157322.35714285713,5.794642857142857,5.752142857142857,10.603571428571428,60853.07142857143,2025-02,70.07575757575758,69.6969696969697,45.07575757575758,63.69318181818181
Delhi,24.200000000000003,2283.1,0.5525806451612902,-68.02258064516128,0,7.419354838709677,191947.0,49.722580645161294,7.803225806451613,111.56129032258065,4970.129032258064,157584.4193548387,5.934838709677419,5.838064516129032,10.525806451612903,56524.87096774193,2025-03,61.111111111111114,67.8030303030303,56.94444444444444,62.411616161616166
Delhi,26.623333333333335,2068.8,1.0433333333333334,-70.05666666666666,0,8.033333333333333,180313.0,48.07,8.346666666666668,114.9,4890.7,157823.23333333334,5.898,5.881666666666666,9.966666666666667,60596.36666666667,2025-04,81.81818181818183,81.31313131313132,44.44444444444444,72.2979797979798
Delhi,28.574193548387097,2158.2,1.045483870967742,-69.7741935483871,0,7.387096774193548,181652.0,50.58709677419355,7.861290322580645,114.0,5018.290322580645,157499.09677419355,5.888387096774193,5.7941935483870965,10.293548387096775,59131.83870967742,2025-05,66.41414141414141,64.8989898989899,45.707070707070706,60.707070707070706
Delhi,29.476666666666667,24409.0,0.4083333333333333,253.23666666666668,0,0.0,65002.0,48.080000000000005,4.319999999999999,110.39666666666668,5019.633333333333,157894.06666666668,5.895333333333334,5.8853333333333335,10.120000000000001,61926.46666666667,2025-06,33.964646464646464,40.025252525252526,47.72727272727273,39.52651515151515
Delhi,28.251612903225805,24804.6,1.4464516129032259,247.36774193548385,0,0.0,65877.0,48.54838709677419,4.012903225806451,110.69032258064516,4990.032258064516,157122.70967741936,5.865161290322581,5.876451612903225,10.738709677419354,58464.22580645161,2025-07,42.17171717171717,34.5959595959596,62.121212121212125,44.50757575757576
Delhi,27.322580645161292,22685.1,0.7525806451612903,217.70322580645163,0,0.0,63843.0,49.68387096774194,3.764516129032258,111.05483870967741,5020.5161290322585,158033.64516129033,5.920322580645161,5.975806451612903,10.241935483870968,59130.645161290326,2025-08,27.77777777777778,18.560606060606062,59.46969696969697,32.474747474747474
Delhi,24.623333333333335,25060.5,0.9823333333333333,262.6666666666667,0,0.0,63884.0,48.42666666666666,4.14,110.14,4845.266666666666,156445.06666666668,5.911333333333333,5.620666666666667,10.463333333333333,60179.46666666667,2025-09,45.45454545454545,37.24747474747475,39.8989898989899,41.19318181818182
Delhi,22.719354838709677,8602.7,1.3541935483870966,20.48709677419355,0,0.0,234328.0,50.599999999999994,3.72258064516129,110.3225806451613,5033.0,157127.16129032258,6.0438709677419356,5.651290322580645,10.845161290322581,59987.22580645161,2025-10,14.015151515151514,12.373737373737374,57.57575757575758,24.33080808080808
Delhi,20.35666666666667,8318.0,0.7056666666666668,20.366666666666667,0,0.0,226264.0,49.21666666666667,4.023333333333333,111.36,5123.5,157366.63333333333,5.962666666666666,5.7909999999999995,10.34,61301.9,2025-11,7.449494949494949,31.060606060606062,49.11616161616162,26.130050505050505
Delhi,19.4,2090.2,0.9483870967741935,-70.7258064516129,0,7.451612903225806,230970.0,48.05806451612903,7.709677419354839,108.86774193548388,4976.129032258064,157070.48387096773,5.933225806451613,5.856129032258064,10.616129032258065,59237.6129032258,2025-12,67.92929292929293,73.23232323232324,61.111111111111114,68.08080808080808
Goa,26.8,743.7,-1.22,78.5,0,0.0,24754.0,54.900000000000006,3.7,66.1,4592.0,300730.0,6.125,5.82,10.05,60146026.5,2024-01,15.404040404040403,8.333333333333332,52.90404040404041,22.304292929292927
Goa,28.85,345.2,0.845,-17.15,0,5.0,24056.0,53.65,3.55,106.3,4774.5,303665.0,5.75,6.91,9.25,60732979.5,2024-03,43.56060606060606,50.75757575757576,78.66161616161617,54.85479797979798
Goa,32.5,0.0,4.53,-100.0,0,10.0,3998.0,64.0,24.2,112.8,4714.0,305884.0,5.31,6.5,11.0,61176769.0,2024-04,98.10606060606061,85.35353535353535,75.63131313131312,88.0239898989899
Goa,29.9,212.6,1.9,2.1,0,0.0,16718.0,59.6,9.2,101.2,4677.0,307373.0,7.04,5.82,5.2,61474550.0,2024-05,9.343434343434344,47.72727272727273,24.873737373737374,26.660353535353533
Goa,30.2,650.0,2.21,212.0,0,0.0,17095.0,59.5,6.2,112.7,5525.0,308869.0,6.94,5.92,7.3,61773781.0,2024-06,30.681818181818183,33.207070707070706,39.015151515151516,33.648989898989896
Goa,28.7,833.8,0.66,300.2,0,0.0,13394.0,56.0,9.0,141.5,4655.0,310372.0,6.27,4.51,9.0,62074468.0,2024-07,49.11616161616162,48.86363636363637,13.005050505050505,40.0
Goa,26.4,188.2,-1.57,-9.7,0,0.0,20208.0,51.7,5.6,90.3,4840.0,311883.0,6.16,5.21,7.0,62376618.0,2024-08,3.2828282828282833,42.29797979797979,12.75252525252525,19.30555555555555
Goa,27.1,0.0,-0.87,-100.0,0,10.0,16272.0,52.1,26.6,99.5,6071.0,313401.0,6.04,4.52,9.5,62680240.0,2024-09,91.66666666666666,95.07575757575758,13.131313131313133,73.22601010101009
Goa,24.1,0.0,-3.88,-100.0,0,10.0,16146.0,55.2,26.3,102.4,5307.0,314927.0,5.55,4.81,7.0,62985339.0,2024-10,87.12121212121212,93.18181818181817,5.934343434343434,68.94570707070707
Goa,19.8,219.9,-8.21,5.5,0,0.0,9545.0,46.7,4.2,108.0,5324.0,316460.0,6.33,5.56,8.5,63291923.0,2024-11,0.12626262626262627,40.65656565656566,30.303030303030305,21.85606060606061
Goa,22.874193548387098,2574.5,0.7609677419354839,-68.79354838709678,0,8.0,123544.0,48.854838709677416,8.161290322580646,112.28709677419356,4977.580645161291,310161.8064516129,6.090645161290323,5.99483870967742,10.038709677419355,59777.25806451613,2025-01,79.92424242424242,80.68181818181817,65.9090909090909,76.68560606060606
Goa,24.910714285714285,2294.1,0.8789285714285714,-69.21428571428571,0,7.5,115753.0,51.03214285714286,7.817857142857143,109.64999999999999,4870.964285714285,309907.85714285716,6.1378571428571425,5.579642857142857,10.742857142857144,58875.892857142855,2025-02,67.55050505050505,65.15151515151516,53.78787878787878,63.27020202020202
Goa,26.729032258064517,2395.9,1.583225806451613,-70.96129032258065,0,7.419354838709677,361479.0,50.66129032258065,7.680645161290323,110.61935483870967,5000.4838709677415,309731.67741935485,6.048064516129033,5.756129032258064,10.603225806451613,61506.74193548387,2025-03,75.5050505050505,61.74242424242424,59.34343434343434,66.64772727272728
Goa,29.626666666666665,2376.6,0.9873333333333334,-70.24333333333334,0,7.333333333333333,343219.0,47.29,7.67,113.37333333333332,4868.733333333334,308572.6666666667,6.091666666666667,5.768,10.45,58774.5,2025-04,64.26767676767676,72.34848484848484,58.333333333333336,65.61237373737373
Goa,32.23870967741935,2413.9,1.6625806451612903,-70.73870967741935,0,7.838709677419355,344489.0,50.141935483870974,8.119354838709677,109.38387096774194,4821.967741935484,310602.8387096774,6.138064516129032,5.909354838709677,10.041935483870969,59940.354838709674,2025-05,82.95454545454545,78.78787878787878,61.994949494949495,76.25631313131312
Goa,32.27,28026.3,1.1733333333333333,251.05333333333334,0,0.0,121523.0,49.163333333333334,4.04,112.35333333333332,4888.0,309054.76666666666,6.015333333333333,5.937666666666667,10.166666666666666,58590.46666666667,2025-06,41.66666666666667,31.691919191919194,60.35353535353535,42.84722222222223
Goa,31.73225806451613,28099.3,0.5193548387096775,240.61290322580646,0,0.0,123817.0,50.08709677419355,4.04516129032258,102.81290322580645,5041.290322580645,309170.48387096776,6.090322580645162,5.7132258064516135,10.964516129032257,60213.06451612903,2025-07,29.292929292929294,25.757575757575758,68.3080808080808,37.80934343434343
Goa,29.967741935483872,28995.2,1.1196774193548387,251.4741935483871,0,0.0,125101.0,50.751612903225805,3.9967741935483874,109.4258064516129,5013.258064516129,309168.06451612903,6.1651612903225805,5.641612903225806,10.14516129032258,62832.290322580644,2025-08,41.41414141414141,19.444444444444446,45.95959595959596,34.861111111111114
Goa,27.523333333333333,28484.7,0.27166666666666667,256.79,0,0.0,120283.0,48.25666666666667,4.163333333333333,102.81333333333333,4974.266666666666,309304.4666666667,6.094333333333334,5.683000000000001,10.373333333333333,59636.3,2025-09,34.34343434343434,38.25757575757576,49.494949494949495,39.50126262626263
Goa,25.270967741935483,10010.5,0.8970967741935484,21.351612903225806,0,0.0,440120.0,49.858064516129026,3.696774193548387,110.30000000000001,5064.645161290323,310019.0967741936,6.0845161290322585,5.6,10.54516129032258,60379.903225806454,2025-10,9.469696969696969,15.025252525252524,47.97979797979798,21.041666666666664
Goa,23.466666666666665,9581.3,1.0506666666666666,20.02,0,0.0,421484.0,51.473333333333336,4.033333333333333,103.96333333333334,5089.166666666667,310004.43333333335,6.152666666666667,5.920333333333334,10.523333333333333,60441.46666666667,2025-11,10.227272727272728,15.151515151515152,72.97979797979798,27.63888888888889
Goa,22.787096774193547,2449.6,0.8677419354838709,-70.30000000000001,0,7.774193548387097,443192.0,50.39354838709678,7.770967741935484,112.95161290322581,5092.451612903225,309108.6451612903,6.133870967741935,5.6496774193548385,10.745161290322581,60022.48387096774,2025-12,77.02020202020202,72.85353535353535,59.97474747474747,71.30050505050505
Gujarat,27.6,167.4,-4.39,151.15,0,0.0,30424.0,30.8,9.899999999999999,96.15,6046.5,501217.0,4.494999999999999,5.63,5.35,100243377.5,2024-01,16.792929292929294,53.78787878787878,4.040404040404041,26.553030303030297
Gujarat,34.0,36.3,2.02,-45.55,0,5.0,32278.0,37.65,5.4,89.2,6434.0,506108.0,5.305,6.34,7.4,101221632.0,2024-03,50.75757575757576,53.91414141414141,24.36868686868687,45.26515151515151
Gujarat,35.0,0.0,2.97,-100.0,0,10.0,5340.0,34.9,23.0,123.5,6272.0,509806.0,4.47,6.43,8.9,101961282.0,2024-04,96.08585858585859,94.94949494949495,24.116161616161616,77.69570707070707
Gujarat,37.6,26.2,5.59,-21.4,0,10.0,16666.0,20.8,27.3,123.0,5130.0,512288.0,4.19,5.3,6.3,102457584.0,2024-05,94.44444444444444,100.0,3.535353535353535,73.66161616161615
Gujarat,40.1,104.0,8.06,212.0,0,0.0,16695.0,28.5,1.6,123.2,5766.0,514782.0,4.1,5.18,9.2,102956301.0,2024-06,52.77777777777778,43.93939393939394,6.186868686868687,38.03661616161616
Gujarat,35.8,64.4,3.81,93.3,0,0.0,19247.0,37.4,4.9,101.5,5359.0,517287.0,4.27,4.69,6.9,103457446.0,2024-07,24.62121212121212,48.484848484848484,2.6515151515151514,27.48106060606061
Gujarat,33.6,44.9,1.57,34.8,0,0.0,21587.0,27.2,3.5,91.4,6750.0,519805.0,4.92,3.66,5.5,103961031.0,2024-08,16.414141414141415,50.0,0.7575757575757576,24.255050505050505
Gujarat,27.9,0.0,-4.14,-100.0,0,10.0,21061.0,33.3,24.0,93.6,7038.0,522335.0,4.61,4.56,5.8,104467066.0,2024-09,86.74242424242425,96.96969696969697,2.146464646464646,69.1729797979798
Gujarat,28.5,0.0,-3.5,-100.0,0,10.0,15500.0,40.2,26.3,104.8,5870.0,524878.0,3.56,4.52,5.5,104975565.0,2024-10,87.75252525252525,98.10606060606061,0.3787878787878788,69.53282828282828
Gujarat,30.8,30.9,-1.21,-7.4,0,0.0,13835.0,34.8,4.8,114.6,6026.0,527433.0,3.91,4.51,6.4,105486539.0,2024-11,3.6616161616161618,49.494949494949495,1.2626262626262625,19.10353535353535
Gujarat,28.225806451612904,360.7,1.3635483870967744,-70.54516129032258,0,7.516129032258065,144181.0,50.196774193548386,7.874193548387097,107.88709677419355,4910.354838709677,515765.29032258067,4.433225806451613,5.9151612903225805,10.219354838709679,59643.290322580644,2025-01,75.63131313131312,70.07575757575758,21.59090909090909,60.176767676767675
Gujarat,30.657142857142855,333.6,1.3060714285714285,-69.84285714285714,0,7.25,134513.0,49.471428571428575,7.7,112.47500000000001,4956.071428571428,514360.5714285714,4.53,5.659642857142857,10.307142857142859,59412.75,2025-02,65.27777777777779,62.5,18.181818181818183,52.53156565656566
Gujarat,32.17741935483871,375.0,0.6938709677419355,-69.34516129032258,0,7.225806451612903,421223.0,51.351612903225806,7.638709677419355,104.97419354838709,5015.741935483871,516866.2580645161,4.456774193548387,5.670645161290322,10.483870967741936,61519.54838709677,2025-03,57.32323232323232,56.94444444444444,18.81313131313131,47.563131313131315
Gujarat,35.166666666666664,345.5,0.8973333333333334,-70.82666666666667,0,7.633333333333334,403452.0,48.42333333333333,7.843333333333333,116.08666666666666,5085.2,516433.3,4.572666666666667,5.962666666666666,10.676666666666668,58153.23333333333,2025-04,73.73737373737373,76.89393939393939,28.030303030303028,63.415404040404034
Gujarat,37.15161290322581,343.5,1.1293548387096775,-71.96129032258065,33,7.870967741935484,422344.0,49.49677419354839,8.251612903225807,108.73225806451612,4897.5161290322585,517226.1612903226,4.5196774193548395,5.875806451612903,10.658064516129032,61247.8064516129,2025-05,93.93939393939394,80.17676767676768,25.5050505050505,72.0138888888889
Gujarat,37.983333333333334,4071.4,0.778,243.49666666666664,63,0.0,138283.0,50.41,4.8966666666666665,107.56,4929.133333333333,515953.6666666667,4.461333333333333,5.790666666666667,10.520000000000001,62299.933333333334,2025-06,85.1010101010101,40.4040404040404,21.464646464646464,53.54797979797979
Gujarat,36.980645161290326,4465.8,0.7409677419354839,264.6225806451613,0,0.0,146004.0,50.722580645161294,3.954838709677419,106.16774193548386,5011.580645161291,516681.96774193546,4.529677419354838,5.688387096774194,9.925806451612903,58666.25806451613,2025-07,44.57070707070707,17.67676767676768,16.035353535353536,28.0239898989899
Gujarat,35.667741935483875,4452.2,0.4406451612903226,263.5,0,0.0,146151.0,49.31612903225806,4.035483870967742,107.4,4986.8387096774195,516418.93548387097,4.497096774193548,5.929354838709678,10.629032258064516,58519.16129032258,2025-08,40.909090909090914,30.808080808080806,26.01010101010101,33.6489898989899
Gujarat,33.23,4157.7,0.85,250.8033333333333,0,0.0,141441.0,49.59666666666667,4.09,109.69333333333334,4999.566666666667,515963.1,4.4350000000000005,5.890333333333333,10.443333333333333,63544.73333333333,2025-09,36.74242424242424,30.429292929292927,22.853535353535353,31.06060606060606
Gujarat,30.432258064516127,1477.0,1.1464516129032258,20.567741935483873,0,0.0,512569.0,50.119354838709675,3.9451612903225803,108.29677419354839,5154.1612903225805,516961.5806451613,4.542903225806452,5.726451612903226,10.696774193548388,61804.06451612903,2025-10,11.868686868686869,21.843434343434343,22.97979797979798,18.137626262626263
Gujarat,28.90666666666667,1434.9,1.0573333333333332,21.08,0,0.0,522858.0,50.50333333333333,4.066666666666666,110.35,5003.533333333334,517379.5333333333,4.489,5.672333333333333,10.286666666666667,60183.433333333334,2025-11,11.11111111111111,23.98989898989899,17.55050505050505,17.228535353535353
Gujarat,27.57741935483871,373.1,1.0212903225806451,-69.54516129032258,0,7.903225806451613,520945.0,50.196774193548386,7.974193548387096,112.65483870967742,5107.8387096774195,517039.6129032258,4.406451612903226,5.652903225806452,10.848387096774195,58571.967741935485,2025-12,80.17676767676768,78.15656565656566,20.32828282828283,64.50757575757576
Haryana,27.049999999999997,155.8,-4.984999999999999,133.6,0,0.0,66475.0,77.95,6.4,100.9,12694.0,300730.0,6.17,5.82,8.75,60146026.5,2024-01,9.154040404040405,4.22979797979798,33.27020202020202,13.45959595959596
Haryana,34.45,36.1,2.415,-45.85,0,5.0,78133.0,87.1,3.1500000000000004,98.15,12468.0,303665.0,6.115,6.62,9.7,60732979.5,2024-03,51.07323232323232,6.628787878787879,79.98737373737373,42.74621212121212
Haryana,39.2,0.0,7.24,-100.0,0,10.0,12876.0,97.0,26.1,98.8,12601.0,305884.0,6.23,7.1,10.4,61176769.0,2024-04,99.93686868686868,82.38636363636364,88.4469696969697,90.92171717171716
Haryana,42.4,39.6,10.44,18.8,0,0.0,45380.0,90.9,8.3,112.8,11928.0,307373.0,6.39,6.33,11.8,61474550.0,2024-05,26.957070707070706,3.4722222222222223,87.31060606060606,33.82575757575758
Haryana,34.2,104.2,2.19,212.7,0,0.0,49751.0,86.5,1.6,84.9,12468.0,308869.0,6.2,5.54,11.8,61773781.0,2024-06,30.997474747474747,0.8207070707070708,75.18939393939394,31.483585858585858
Haryana,34.1,110.6,2.05,231.7,0,0.0,39966.0,87.1,6.0,132.3,12727.0,310372.0,6.35,5.17,8.0,62074468.0,2024-07,39.58333333333333,1.9570707070707072,20.13888888888889,21.5530303030303
Haryana,32.9,32.6,0.95,-2.2,0,0.0,35669.0,90.9,7.9,75.4,12799.0,311883.0,6.15,5.07,9.4,62376618.0,2024-08,4.608585858585858,3.0934343434343434,25.315656565656564,9.255050505050505
Haryana,27.8,0.0,-4.19,-100.0,0,10.0,42759.0,91.9,24.1,97.0,12563.0,313401.0,6.16,5.31,11.1,62680240.0,2024-09,86.17424242424242,82.13383838383838,45.391414141414145,74.56439393939394
Haryana,26.8,0.0,-5.22,-100.0,0,10.0,28962.0,79.5,25.0,71.2,13297.0,314927.0,6.1,5.22,6.9,62985339.0,2024-10,83.33333333333334,83.77525252525253,12.058080808080808,65.66919191919192
Haryana,27.4,20.9,-4.57,-37.4,0,10.0,24918.0,74.2,22.0,87.2,11838.0,316460.0,6.2,5.84,8.6,63291923.0,2024-11,59.02777777777778,83.01767676767676,33.01767676767677,60.92171717171717
Haryana,27.86774193548387,377.5,1.1858064516129032,-70.75806451612904,0,7.354838709677419,330963.0,50.36451612903225,7.922580645161291,111.37096774193549,4913.935483870968,310275.0967741936,6.237096774193549,5.829677419354839,10.13225806451613,61269.1935483871,2025-01,67.8030303030303,65.78282828282829,64.52020202020202,66.27525252525253
Haryana,29.57857142857143,345.5,0.6514285714285714,-70.36428571428571,0,7.285714285714286,307209.0,49.18571428571429,7.6,110.425,4952.928571428572,309145.53571428574,6.268928571428572,5.729285714285715,10.635714285714286,56819.28571428572,2025-02,59.72222222222222,62.62626262626263,70.70707070707071,63.484848484848484
Haryana,31.493548387096773,381.1,1.08,-70.48064516129033,0,7.129032258064516,939935.0,49.23548387096774,7.764516129032257,112.05806451612904,5141.612903225807,308918.3870967742,6.141935483870968,5.7219354838709675,10.651612903225805,57824.1935483871,2025-03,60.22727272727273,61.994949494949495,64.26767676767676,61.8560606060606
Haryana,34.43333333333333,378.7,0.5306666666666666,-69.69,0,7.366666666666666,911586.0,49.026666666666664,7.709999999999999,109.28999999999999,4897.466666666666,310468.06666666665,6.246333333333333,5.544333333333333,10.476666666666667,58140.433333333334,2025-04,60.47979797979798,67.17171717171718,50.378787878787875,60.29671717171718
Haryana,36.596774193548384,389.0,1.0151612903225806,-69.87741935483871,32,7.516129032258065,941748.0,50.86129032258064,8.403225806451612,108.19677419354838,5095.032258064516,308974.32258064515,6.250967741935484,5.836451612903226,10.393548387096773,61496.3870967742,2025-05,92.42424242424242,76.26262626262627,71.08585858585859,81.43308080808082
Haryana,37.61333333333334,4184.4,1.4223333333333334,234.90333333333334,41,0.0,307781.0,51.1,4.516666666666667,113.38333333333334,5315.066666666667,309671.73333333334,6.151333333333333,5.75,10.54,59272.3,2025-06,54.67171717171717,33.964646464646464,63.888888888888886,49.72853535353535
Haryana,37.03225806451613,4315.3,0.8270967741935484,234.21290322580646,0,0.0,334963.0,49.567741935483866,3.906451612903226,110.6,5214.354838709677,311238.3548387097,6.251612903225807,6.0203225806451615,10.725806451612904,59178.032258064515,2025-07,29.040404040404038,25.126262626262623,78.53535353535354,40.04419191919192
Haryana,35.900000000000006,4390.5,0.6661290322580646,240.03870967741935,0,0.0,321718.0,49.58064516129032,3.8870967741935485,109.58709677419354,4940.903225806452,310188.1935483871,6.171612903225806,5.812903225806451,10.438709677419356,59371.3870967742,2025-08,30.176767676767675,24.747474747474747,66.79292929292929,37.43055555555556
Haryana,33.11,4262.2,0.781,241.14,0,0.0,308063.0,51.35333333333333,3.9233333333333333,111.08999999999999,5030.633333333333,309335.8333333333,6.128,5.779,10.44,58789.5,2025-09,31.186868686868685,13.383838383838384,61.86868686868687,32.62626262626262
Haryana,30.429032258064513,1580.9,1.339032258064516,22.44516129032258,0,0.0,1175242.0,51.13870967741936,4.064516129032258,113.91612903225807,5104.806451612903,310060.32258064515,6.106774193548387,5.6651612903225805,10.72258064516129,61421.25806451613,2025-10,14.646464646464647,18.434343434343432,58.58585858585859,26.957070707070706
Haryana,28.34333333333333,1468.0,1.5010000000000001,17.490000000000002,0,0.0,1135562.0,50.13,3.896666666666667,109.90666666666667,4876.7,309398.0,6.149666666666667,5.931666666666667,10.203333333333335,57930.1,2025-11,13.88888888888889,20.075757575757574,68.43434343434343,29.690656565656564
Haryana,27.551612903225806,382.1,1.2064516129032257,-70.40322580645162,0,7.645161290322581,1182240.0,50.11290322580645,7.780645161290322,109.24193548387096,4834.193548387097,309205.0,6.189032258064516,5.864193548387097,10.258064516129032,60568.0,2025-12,77.3989898989899,71.08585858585859,67.04545454545455,72.6010101010101
Himachal Pradesh,10.85,590.6,-4.125,195.3,0,0.0,27161.0,59.05,4.0,108.6,4834.0,300730.0,5.595000000000001,5.895,6.5,60146026.5,2024-01,22.727272727272727,7.449494949494949,13.383838383838384,15.04419191919192
Himachal Pradesh,16.65,65.7,1.6700000000000002,-67.15,0,10.0,28502.0,59.15,29.799999999999997,106.69999999999999,5133.0,303665.0,6.385,6.945,9.15,60732979.5,2024-03,93.05555555555556,97.47474747474747,83.96464646464646,92.32954545454545
Himachal Pradesh,21.5,0.0,6.5,-100.0,0,10.0,4246.0,46.5,24.2,98.0,4506.0,305884.0,5.67,6.92,6.8,61176769.0,2024-04,99.36868686868688,92.55050505050505,34.46969696969697,80.75757575757578
Himachal Pradesh,17.2,71.9,2.24,-28.1,0,10.0,11689.0,62.0,25.5,118.4,4215.0,307373.0,6.45,6.35,10.1,61474550.0,2024-05,90.53030303030303,87.62626262626263,81.31313131313132,87.20959595959596
Himachal Pradesh,20.4,315.3,5.36,215.3,0,0.0,12031.0,50.1,7.8,95.5,5275.0,308869.0,5.41,5.53,10.2,61773781.0,2024-06,49.494949494949495,49.11616161616162,28.914141414141415,44.217171717171716
Himachal Pradesh,18.5,589.0,3.53,489.0,0,0.0,12095.0,48.3,5.3,88.0,5160.0,310372.0,5.53,5.44,6.3,62074468.0,2024-07,90.15151515151516,43.30808080808081,7.3232323232323235,53.04924242424243
Himachal Pradesh,16.1,134.1,1.14,34.1,0,0.0,10221.0,54.9,6.3,111.0,5112.0,311883.0,6.42,4.56,10.1,62376618.0,2024-08,15.782828282828282,42.55050505050505,23.863636363636363,27.17171717171717
Himachal Pradesh,14.4,0.0,-0.59,-100.0,0,10.0,19092.0,52.9,25.4,102.4,5272.0,313401.0,6.31,4.59,10.2,62680240.0,2024-09,92.04545454545455,92.17171717171718,23.358585858585858,74.91792929292929
Himachal Pradesh,10.0,0.0,-4.96,-100.0,0,10.0,12117.0,51.5,25.1,86.7,4299.0,314927.0,6.13,4.77,7.0,62985339.0,2024-10,83.83838383838383,91.79292929292929,7.7020202020202015,67.58838383838383
Himachal Pradesh,8.5,92.9,-6.55,-7.1,0,0.0,16199.0,51.5,1.3,85.6,5447.0,316460.0,5.02,5.4,5.9,63291923.0,2024-11,0.6313131313131313,5.05050505050505,4.797979797979798,3.2196969696969693
Himachal Pradesh,11.380645161290323,1469.3,0.8009677419354838,-69.40967741935484,0,7.548387096774194,118148.0,49.13225806451613,7.745161290322581,108.89354838709677,5158.4838709677415,310968.3870967742,5.88516129032258,5.866129032258065,10.461290322580645,60036.06451612903,2025-01,68.68686868686868,71.84343434343434,53.91414141414141,66.09848484848484
Himachal Pradesh,11.567857142857141,1203.9,0.7253571428571429,-72.25,0,7.107142857142857,110250.0,50.04642857142857,7.639285714285714,109.71428571428571,5051.25,308781.4285714286,5.952142857142857,5.936785714285714,10.460714285714285,58993.32142857143,2025-02,56.81818181818182,57.82828282828283,65.02525252525253,59.22348484848486
Himachal Pradesh,14.729032258064517,1435.0,0.9529032258064516,-70.11935483870967,0,7.548387096774194,318461.0,49.648387096774194,7.738709677419355,111.66129032258064,4946.870967741936,308620.77419354836,5.869677419354839,5.710645161290323,10.154838709677419,60784.903225806454,2025-03,71.33838383838383,70.45454545454545,37.878787878787875,62.66414141414141
Himachal Pradesh,16.843333333333334,1366.8,1.5236666666666667,-70.6,0,7.733333333333333,330392.0,52.13,7.836666666666667,113.75666666666666,5049.833333333333,309059.8333333333,5.870333333333334,5.9093333333333335,10.563333333333333,59638.1,2025-04,80.55555555555556,66.03535353535354,60.1010101010101,70.35984848484848
Himachal Pradesh,18.906451612903226,1436.6,1.7764516129032257,-70.1,0,7.32258064516129,330706.0,50.400000000000006,7.748387096774193,110.33225806451614,4989.096774193548,308644.6451612903,5.8109677419354835,5.984516129032259,10.55483870967742,60509.25806451613,2025-05,74.11616161616162,61.61616161616161,62.247474747474755,66.77398989898991
Himachal Pradesh,20.166666666666668,15834.300000000001,1.4703333333333333,240.61333333333332,0,0.0,116784.0,49.36333333333334,4.1433333333333335,104.82333333333332,5011.666666666667,309616.13333333336,5.962000000000001,5.831666666666666,10.406666666666666,61823.03333333333,2025-06,37.5,33.71212121212121,54.54545454545454,40.435606060606055
Himachal Pradesh,19.335483870967742,16469.8,1.4538709677419355,242.86129032258063,0,0.0,120199.0,50.79677419354839,4.325806451612903,113.53870967741935,5021.290322580645,309966.0967741936,5.913225806451613,5.848064516129032,10.780645161290321,59366.74193548387,2025-07,39.141414141414145,30.303030303030305,64.14141414141415,42.2979797979798
Himachal Pradesh,17.606451612903225,17376.4,0.35258064516129034,261.72258064516126,0,0.0,119259.0,50.516129032258064,3.890322580645161,115.27741935483871,4942.548387096775,309923.29032258067,5.833870967741936,5.856129032258064,10.683870967741935,60280.12903225807,2025-08,37.24747474747475,17.045454545454543,56.81818181818182,35.06944444444444
Himachal Pradesh,16.03666666666667,16134.1,1.4373333333333334,247.05666666666667,0,0.0,113128.0,49.13333333333333,4.176666666666667,110.38333333333334,5091.666666666667,309298.2,5.895333333333334,5.736,10.666666666666666,60146.96666666667,2025-09,41.91919191919192,35.73232323232323,50.0,41.773989898989896
Himachal Pradesh,12.69032258064516,5509.3,0.9406451612903226,14.680645161290323,0,0.0,407519.0,51.79354838709677,4.077419354838709,108.45806451612903,5060.129032258064,308900.77419354836,5.892903225806452,5.778709677419355,10.209677419354838,60311.6129032258,2025-10,6.8181818181818175,14.393939393939394,42.04545454545455,18.276515151515152
Himachal Pradesh,10.746666666666666,6145.4,1.392,32.193333333333335,0,0.0,415781.0,50.513333333333335,4.1433333333333335,107.93666666666667,5018.233333333334,308870.73333333334,6.023666666666667,5.575666666666667,10.043333333333333,59181.066666666666,2025-11,16.035353535353536,26.136363636363637,35.858585858585855,24.52651515151515
Himachal Pradesh,10.564516129032258,1420.3,1.507741935483871,-70.44516129032259,0,7.290322580645161,423197.0,50.53548387096774,7.54516129032258,112.70967741935483,4905.193548387097,309114.4516129032,5.8512903225806445,5.650967741935484,10.458064516129031,61618.1935483871,2025-12,69.94949494949495,58.71212121212122,38.88888888888889,58.25126262626262
Jammu and Kashmir,10.781311773516705,565.5999725304646,-4.125,195.3,0,0.0,27161.0,59.05,4.0,108.6,4834.0,171502.06916482095,5.595000000000001,5.895,6.5,60146026.5,2024-01,22.727272727272727,7.449494949494949,13.383838383838384,15.04419191919192
Jammu and Kashmir,16.431841438110467,67.13368429751667,1.6700000000000002,-67.15,0,10.0,28502.0,59.15,29.799999999999997,106.69999999999999,5133.0,114786.5023727415,6.385,6.945,9.15,60732979.5,2024-03,93.05555555555556,97.47474747474747,83.96464646464646,92.32954545454545
Jammu and Kashmir,20.681153387288205,0.0,6.5,-100.0,0,10.0,4246.0,46.5,24.2,98.0,4506.0,140936.13044329744,5.67,6.92,6.8,61176769.0,2024-04,99.36868686868688,92.55050505050505,34.46969696969697,80.75757575757578
Jammu and Kashmir,17.53672306464372,74.42646876830514,2.24,-28.1,0,10.0,11689.0,62.0,25.5,118.4,4215.0,99817.54813573169,6.45,6.35,10.1,61474550.0,2024-05,90.53030303030303,87.62626262626263,81.31313131313132,87.20959595959596
Jammu and Kashmir,20.630536308517826,312.70048251411674,5.36,215.3,0,0.0,12031.0,50.1,7.8,95.5,5275.0,159014.13101586088,5.41,5.53,10.2,61773781.0,2024-06,49.494949494949495,49.11616161616162,28.914141414141415,44.217171717171716
Jammu and Kashmir,18.425436779486603,554.2573425013934,3.53,489.0,0,0.0,12095.0,48.3,5.3,88.0,5160.0,132111.4327636311,5.53,5.44,6.3,62074468.0,2024-07,90.15151515151516,43.30808080808081,7.3232323232323235,53.04924242424243
Jammu and Kashmir,15.838219957036957,122.531289852175,1.14,34.1,0,0.0,10221.0,54.9,6.3,111.0,5112.0,99258.644945574,6.42,4.56,10.1,62376618.0,2024-08,15.782828282828282,42.55050505050505,23.863636363636363,27.17171717171717
Jammu and Kashmir,14.604966461600407,0.0,-0.59,-100.0,0,10.0,19092.0,52.9,25.4,102.4,5272.0,160651.3251538712,6.31,4.59,10.2,62680240.0,2024-09,92.04545454545455,92.17171717171718,23.358585858585858,74.91792929292929
Jammu and Kashmir,10.230001703379457,0.0,-4.96,-100.0,0,10.0,12117.0,51.5,25.1,86.7,4299.0,193688.9624312767,6.13,4.77,7.0,62985339.0,2024-10,83.83838383838383,91.79292929292929,7.7020202020202015,67.58838383838383
Jammu and Kashmir,8.227191316458814,98.8055732054626,-6.55,-7.1,0,0.0,16199.0,51.5,1.3,85.6,5447.0,208512.18301235174,5.02,5.4,5.9,63291923.0,2024-11,0.6313131313131313,5.05050505050505,4.797979797979798,3.2196969696969693
Jammu and Kashmir,23.903225806451612,1651.3,0.3916129032258065,-71.43225806451613,0,7.612903225806452,48718.0,50.32258064516129,7.890322580645161,113.4258064516129,4900.225806451613,151634.93548387097,4.895483870967742,5.7541935483870965,10.370967741935484,62772.93548387097,2025-01,66.54040404040404,71.5909090909091,26.262626262626267,58.23863636363637
Jammu and Kashmir,25.342857142857145,1504.8,0.6939285714285715,-71.175,0,7.535714285714286,41996.0,48.58571428571429,7.753571428571428,114.65714285714286,5103.428571428572,152968.14285714287,4.816071428571428,5.945,10.139285714285714,62666.0,2025-02,67.67676767676768,73.86363636363636,27.27272727272727,59.74116161616161
Jammu and Kashmir,28.60967741935484,1733.8999999999999,0.7961290322580645,-69.99354838709678,0,7.548387096774194,134262.0,50.983870967741936,7.706451612903226,105.98387096774194,5100.548387096775,151655.83870967742,4.79258064516129,5.824193548387097,10.629032258064516,60437.51612903226,2025-03,68.93939393939394,64.52020202020202,28.156565656565657,57.196969696969695
Jammu and Kashmir,30.56,1653.2,0.6,-70.44333333333334,0,7.433333333333334,127818.0,47.1,7.5233333333333325,113.97333333333333,4820.466666666666,152621.4,4.889333333333334,5.769666666666667,10.403333333333334,60678.73333333333,2025-04,63.25757575757576,72.97979797979798,26.89393939393939,57.56944444444444
Jammu and Kashmir,32.31612903225806,1810.6,0.1832258064516129,-68.6741935483871,0,6.935483870967742,131368.0,51.358064516129026,7.467741935483871,107.33225806451614,4843.741935483871,151817.25806451612,4.876451612903225,5.893225806451613,10.635483870967741,58374.06451612903,2025-05,53.661616161616166,54.419191919191924,30.176767676767675,48.05555555555556
Jammu and Kashmir,33.12,19167.9,0.7953333333333333,242.69,0,0.0,45703.0,50.65,4.06,105.65,4941.433333333333,151985.5,4.8389999999999995,5.875666666666667,10.306666666666667,60386.833333333336,2025-06,31.818181818181817,22.22222222222222,27.77777777777778,27.449494949494948
Jammu and Kashmir,33.23548387096774,19575.7,1.0348387096774192,238.68709677419355,0,0.0,46637.0,50.55483870967742,3.8548387096774195,106.3225806451613,5024.612903225807,151832.29032258064,4.772258064516129,5.924516129032258,10.170967741935485,58676.290322580644,2025-07,31.944444444444443,15.404040404040403,26.38888888888889,24.766414141414142
Jammu and Kashmir,31.01290322580645,20156.1,1.194193548387097,248.71935483870968,0,0.0,46614.0,50.806451612903224,3.967741935483871,113.62258064516129,4958.903225806452,151553.29032258064,4.823870967741935,5.71225806451613,10.783870967741937,60376.903225806454,2025-08,40.4040404040404,17.424242424242426,27.146464646464647,29.046717171717173
Jammu and Kashmir,28.366666666666667,19045.2,0.9476666666666667,240.48999999999998,0,0.0,47381.0,49.39333333333333,4.213333333333334,110.36666666666666,5049.966666666666,152042.53333333333,4.803666666666667,5.955333333333333,10.483333333333333,59961.3,2025-09,32.07070707070707,35.22727272727273,29.797979797979796,32.60732323232323
Jammu and Kashmir,26.361290322580647,6650.8,1.3170967741935484,15.067741935483872,0,0.0,161114.0,49.78387096774193,4.019354838709678,106.45161290322581,5030.806451612903,152485.03225806452,4.7948387096774185,5.6729032258064525,10.783870967741937,58635.25806451613,2025-10,10.606060606060606,27.27272727272727,26.136363636363637,20.321969696969695
Jammu and Kashmir,23.86,6826.7,1.0346666666666668,22.043333333333333,0,0.0,161932.0,49.27333333333333,4.416666666666667,108.45333333333333,4927.066666666667,152380.7,4.762666666666666,5.799666666666667,10.853333333333333,61559.53333333333,2025-11,11.616161616161616,38.63636363636363,29.292929292929294,25.492424242424242
Jammu and Kashmir,23.229032258064517,1634.0,0.6796774193548387,-71.7290322580645,0,7.419354838709677,163933.0,50.08387096774193,7.674193548387097,107.75161290322582,4918.225806451613,152548.70967741936,4.860967741935484,5.8990322580645165,10.422580645161291,61071.83870967742,2025-12,64.14141414141415,63.63636363636363,29.67171717171717,55.34722222222222
Jharkhand,25.4,366.70000000000005,-1.585,100.05,0,0.0,28440.0,54.05,5.05,109.15,4894.5,200487.0,8.45,6.66,14.149999999999999,40097351.0,2024-01,16.91919191919192,31.818181818181817,98.86363636363636,42.619949494949495
Jharkhand,28.5,47.3,1.465,-74.2,0,10.0,28860.0,51.7,23.950000000000003,97.65,5886.0,202443.5,8.2,7.595000000000001,13.85,40488653.0,2024-03,93.3080808080808,89.26767676767676,99.62121212121212,93.47222222222223
Jharkhand,31.5,0.0,4.46,-100.0,0,10.0,4196.0,63.4,29.9,88.9,5284.0,203923.0,7.99,7.29,12.7,40784513.0,2024-04,97.97979797979798,96.21212121212122,98.10606060606061,97.39267676767678
Jharkhand,30.6,110.4,3.57,20.4,0,0.0,19885.0,54.0,3.9,88.4,4493.0,204915.0,8.43,7.1,15.6,40983034.0,2024-05,18.939393939393938,9.469696969696969,99.74747474747475,35.8270202020202
Jharkhand,29.9,266.7,2.87,190.9,0,0.0,13052.0,55.2,1.3,84.6,5117.0,205913.0,9.04,6.11,14.0,41182521.0,2024-06,28.66161616161616,3.9141414141414144,98.23232323232324,37.39267676767677
Jharkhand,29.6,201.5,2.59,119.8,0,0.0,10332.0,59.2,6.0,60.1,5187.0,206915.0,9.16,6.12,14.9,41382979.0,2024-07,24.873737373737374,28.40909090909091,99.11616161616162,44.67171717171718
Jharkhand,31.3,109.1,4.29,19.0,0,0.0,18683.0,63.4,1.4,108.4,4647.0,207922.0,9.51,5.94,13.2,41584412.0,2024-08,20.454545454545457,2.146464646464646,97.97979797979798,33.428030303030305
Jharkhand,20.4,0.0,-6.55,-100.0,0,10.0,14833.0,55.4,26.7,110.8,4540.0,208934.0,9.02,5.54,12.8,41786827.0,2024-09,75.0,94.1919191919192,96.71717171717171,87.14646464646464
Jharkhand,21.3,0.0,-5.65,-100.0,0,10.0,12406.0,54.4,20.8,81.9,4632.0,209951.0,8.32,6.1,11.1,41990226.0,2024-10,81.43939393939394,84.21717171717171,95.45454545454545,85.91540404040404
Jharkhand,20.4,88.5,-6.59,-3.4,0,0.0,14967.0,58.0,8.3,78.2,4842.0,210973.0,9.27,6.15,10.0,42194616.0,2024-11,0.25252525252525254,45.83333333333333,96.5909090909091,40.29040404040404
Jharkhand,23.258064516129032,914.1,1.4554838709677418,-70.27741935483871,0,7.645161290322581,131570.0,49.83870967741935,7.987096774193549,108.78709677419356,5193.064516129032,206919.5483870968,8.611290322580645,5.70741935483871,10.48709677419355,56680.354838709674,2025-01,78.66161616161617,75.37878787878788,91.28787878787878,80.66919191919192
Jharkhand,24.15357142857143,834.7,0.8739285714285714,-69.93571428571428,0,6.714285714285714,118578.0,50.21785714285714,7.364285714285714,111.26785714285714,5077.285714285715,206903.14285714287,8.685,5.742857142857143,10.603571428571428,61370.78571428572,2025-02,53.91414141414141,54.166666666666664,92.55050505050505,63.66161616161616
Jharkhand,26.616129032258065,894.6,0.91,-70.89354838709677,0,7.258064516129032,367406.0,50.75806451612903,7.754838709677419,112.24193548387096,5066.935483870968,206630.16129032258,8.609677419354838,5.508064516129032,10.399999999999999,61042.645161290326,2025-03,61.61616161616161,60.22727272727273,89.39393939393939,68.07449494949495
Jharkhand,29.08,873.0,0.8703333333333333,-70.65333333333334,0,7.0,352907.0,49.940000000000005,7.5233333333333325,112.00333333333333,4972.766666666666,206692.43333333332,8.668666666666667,5.909000000000001,10.626666666666667,62228.2,2025-04,55.68181818181818,56.060606060606055,95.07575757575758,65.66287878787878
Jharkhand,30.89032258064516,939.2,0.45774193548387093,-69.4483870967742,0,6.903225806451613,368066.0,48.8,7.835483870967742,110.05483870967741,4919.4838709677415,207135.4516129032,8.573870967741936,5.5845161290322585,10.55483870967742,59920.51612903226,2025-05,54.04040404040404,60.73232323232324,90.02525252525253,65.37878787878789
Jharkhand,31.80666666666667,10634.5,1.2469999999999999,257.38666666666666,0,0.0,122319.0,49.20666666666667,3.9866666666666664,111.88333333333334,4943.9,206644.93333333332,8.754333333333333,5.780666666666666,10.563333333333333,57705.36666666667,2025-06,45.32828282828283,30.176767676767675,93.81313131313132,52.14646464646465
Jharkhand,31.3,10687.9,0.9280645161290323,247.61612903225807,0,0.0,130080.0,50.2,4.0,116.97096774193548,4963.741935483871,207229.12903225806,8.77032258064516,5.9961290322580645,9.941935483870967,62161.8064516129,2025-07,35.73232323232323,23.737373737373737,94.06565656565657,46.11742424242425
Jharkhand,29.451612903225808,11043.1,0.6348387096774194,259.15483870967745,0,0.0,131405.0,48.68709677419355,4.054838709677419,111.84516129032258,5076.129032258064,205862.4193548387,8.720967741935485,5.738387096774194,10.964516129032257,58300.06451612903,2025-08,40.15151515151515,34.84848484848485,94.94949494949495,51.994949494949495
Jharkhand,27.05666666666667,10373.5,1.186,248.62,0,0.0,122296.0,48.89666666666667,3.8,112.46333333333334,5104.2,206868.93333333332,8.656666666666666,5.810666666666666,10.423333333333334,57621.6,2025-09,40.27777777777778,25.88383838383838,92.17171717171718,48.213383838383834
Jharkhand,24.76774193548387,3682.0,0.8351612903225807,19.758064516129032,0,0.0,437900.0,50.225806451612904,4.261290322580645,109.94193548387096,5006.0,206363.8064516129,8.782903225806452,5.85,10.85483870967742,59574.0,2025-10,8.333333333333332,31.944444444444443,95.58080808080808,38.40909090909091
Jharkhand,22.56,3633.0,0.6649999999999999,22.09333333333333,0,0.0,436686.0,50.39666666666667,4.003333333333333,106.92,5029.1,207181.43333333332,8.711,5.7523333333333335,10.233333333333333,59862.03333333333,2025-11,8.080808080808081,21.96969696969697,91.41414141414141,33.775252525252526
Jharkhand,22.325806451612905,914.6,1.3238709677419354,-70.25483870967743,0,7.67741935483871,446190.0,49.65161290322581,7.7935483870967746,114.09677419354838,5019.322580645161,206533.93548387097,8.60741935483871,5.804516129032258,10.932258064516128,57830.645161290326,2025-12,78.4090909090909,73.61111111111111,94.31818181818183,80.70707070707071
Karnataka,23.9,1229.1,-4.11,195.0,0,0.0,47106.0,50.400000000000006,5.4,111.05000000000001,9287.0,501217.0,4.8100000000000005,5.045,7.5,100243377.5,2024-01,22.474747474747474,42.803030303030305,5.05050505050505,25.233585858585858
Karnataka,30.55,167.5,2.54,-59.8,0,5.0,30505.0,46.65,3.6,105.05000000000001,8933.5,506108.0,5.36,6.35,5.699999999999999,101221632.0,2024-03,52.02020202020202,52.14646464646465,13.636363636363635,42.46843434343434
Karnataka,29.8,0.0,1.81,-100.0,0,10.0,9147.0,49.6,24.7,94.2,9134.0,509806.0,5.01,6.47,5.3,101961282.0,2024-04,94.6969696969697,91.54040404040404,9.722222222222223,72.34848484848486
Karnataka,37.2,272.9,9.24,31.0,0,0.0,28737.0,50.0,3.0,96.5,8622.0,512288.0,4.26,6.07,10.1,102457584.0,2024-05,26.515151515151516,9.090909090909092,21.21212121212121,19.090909090909093
Karnataka,29.3,486.5,1.29,133.5,0,0.0,29897.0,45.1,2.3,99.8,9543.0,514782.0,4.78,4.94,10.7,102956301.0,2024-06,24.36868686868687,10.1010101010101,12.5,16.407828282828284
Karnataka,33.0,448.3,5.03,115.2,0,0.0,29563.0,49.1,4.9,127.8,9279.0,517287.0,4.23,4.6,7.4,103457446.0,2024-07,26.767676767676768,41.792929292929294,2.7777777777777777,26.0290404040404
Karnataka,28.9,256.7,0.89,23.2,0,0.0,27056.0,39.7,1.1,93.9,8695.0,519805.0,5.28,4.59,7.6,103961031.0,2024-08,10.353535353535353,9.848484848484848,4.545454545454546,8.724747474747474
Karnataka,23.6,0.0,-4.35,-100.0,0,10.0,25990.0,47.6,25.2,98.6,9243.0,522335.0,4.73,4.21,7.9,104467066.0,2024-09,85.47979797979798,94.44444444444444,3.1565656565656566,68.03661616161615
Karnataka,17.2,0.0,-10.81,-100.0,0,10.0,21879.0,40.3,19.1,97.1,8395.0,524878.0,3.24,4.24,7.2,104975565.0,2024-10,53.03030303030303,85.22727272727273,0.6313131313131313,51.199494949494955
Karnataka,22.5,130.3,-5.51,-37.4,0,10.0,24192.0,51.1,29.6,95.7,9745.0,527433.0,3.92,4.82,6.3,105486539.0,2024-11,54.54545454545454,98.73737373737373,1.7676767676767675,56.818181818181806
Karnataka,22.951612903225808,2440.9,0.6445161290322581,-68.40967741935484,0,7.645161290322581,211890.0,49.329032258064515,7.638709677419355,108.63225806451612,5073.4838709677415,516668.9032258064,4.611612903225807,5.5683870967741935,10.729032258064517,60236.290322580644,2025-01,69.44444444444444,71.33838383838383,20.707070707070706,57.92297979797979
Karnataka,24.832142857142856,2028.8,0.6210714285714286,-70.92857142857143,0,7.821428571428571,198995.0,51.94285714285714,8.214285714285714,105.30714285714285,4975.714285714285,515407.39285714284,4.738571428571428,5.6778571428571425,10.5,59495.53571428572,2025-02,76.38888888888889,75.5050505050505,23.61111111111111,62.88510101010101
Karnataka,27.274193548387096,2408.5,1.3874193548387097,-68.83548387096775,0,7.258064516129032,584095.0,49.68387096774194,7.709677419354839,109.42903225806452,4848.451612903225,514776.9032258064,4.63,5.744516129032259,10.63225806451613,61793.645161290326,2025-03,66.16161616161617,62.121212121212125,24.62121212121212,54.362373737373744
Karnataka,29.740000000000002,2112.4,0.8233333333333334,-71.75666666666666,0,7.633333333333334,592172.0,50.906666666666666,7.739999999999999,111.65333333333334,5127.833333333333,516589.1,4.676333333333333,5.7090000000000005,10.82,60147.5,2025-04,73.10606060606061,66.79292929292929,25.63131313131313,59.02777777777778
Karnataka,31.793548387096774,2280.3,0.8570967741935483,-70.49354838709678,0,7.903225806451613,628147.0,49.89677419354839,7.812903225806451,113.01290322580645,4814.8387096774195,517873.93548387097,4.581935483870968,5.598064516129032,11.009677419354839,57263.45161290323,2025-05,79.41919191919192,77.02020202020202,23.106060606060606,64.50126262626263
Karnataka,32.36,25091.4,0.9289999999999999,235.52,0,0.0,201690.0,48.96,3.9166666666666665,102.11,5076.9,515658.1666666667,4.582666666666666,5.568333333333333,10.41,58354.96666666667,2025-06,30.429292929292927,29.67171717171717,17.803030303030305,27.007575757575758
Karnataka,32.1,26765.6,1.5596774193548388,246.36774193548385,0,0.0,214559.0,50.099999999999994,3.7774193548387096,113.61612903225806,5021.870967741936,516035.5806451613,4.654516129032258,5.881935483870968,10.596774193548388,61056.967741935485,2025-07,43.43434343434344,15.909090909090908,27.02020202020202,29.6969696969697
Karnataka,30.074193548387097,26641.9,1.3312903225806452,244.78064516129032,0,0.0,213400.0,52.064516129032256,3.829032258064516,108.52903225806452,5061.580645161291,515533.96774193546,4.645483870967742,5.805806451612903,10.403225806451612,59363.3870967742,2025-08,38.63636363636363,10.47979797979798,24.494949494949495,25.24621212121212
Karnataka,28.166666666666668,26916.600000000002,0.9246666666666667,259.94,0,0.0,195672.0,48.85,4.08,106.39666666666668,4958.966666666666,516758.9,4.744,5.628333333333333,10.226666666666667,62485.7,2025-09,43.93939393939394,34.72222222222222,20.58080808080808,34.87373737373737
Karnataka,26.03548387096774,9643.1,0.9790322580645162,24.787096774193547,0,0.0,742715.0,50.229032258064514,3.8129032258064517,110.1516129032258,5232.064516129032,515250.51612903224,4.743870967741936,5.797741935483871,10.85483870967742,57942.709677419356,2025-10,12.626262626262626,16.161616161616163,28.28282828282828,17.77777777777778
Karnataka,23.57,8582.6,1.5023333333333333,14.77,0,0.0,723123.0,50.01,4.176666666666667,107.80333333333333,5076.233333333334,515037.86666666664,4.689666666666667,5.413,10.463333333333333,59984.1,2025-11,12.5,30.555555555555557,16.414141414141415,19.7979797979798
Karnataka,22.84193548387097,2306.7,0.6890322580645161,-70.1516129032258,0,7.225806451612903,745080.0,49.541935483870965,7.438709677419355,110.16451612903225,4988.548387096775,516969.48387096776,4.702903225806451,5.479032258064516,10.593548387096773,61972.93548387097,2025-12,57.44949494949495,58.838383838383834,19.570707070707073,48.465909090909086
Kerala,25.75,916.5,-2.225,119.95,0,0.0,24766.0,53.45,4.75,101.35,5200.5,300730.0,6.4,6.275,8.1,60146026.5,2024-01,17.929292929292927,26.38888888888889,52.02020202020202,29.41287878787879
Kerala,31.849999999999998,118.6,3.855,-71.55,0,10.0,25740.0,44.1,21.0,114.75,4848.5,303665.0,6.205,6.715,7.050000000000001,60732979.5,2024-03,95.45454545454545,85.98484848484848,48.484848484848484,80.39772727272728
Kerala,30.4,0.0,2.37,-100.0,0,10.0,4423.0,52.3,17.2,107.8,4261.0,305884.0,6.45,6.48,9.5,61176769.0,2024-04,95.58080808080808,82.82828282828282,80.42929292929293,87.32954545454544
Kerala,33.4,170.8,5.4,-18.0,0,0.0,15550.0,57.9,5.0,102.4,4513.0,307373.0,6.41,6.29,9.9,61474550.0,2024-05,23.232323232323232,10.353535353535353,79.41919191919192,32.77146464646464
Kerala,32.5,503.4,4.47,141.6,0,0.0,18590.0,54.9,4.5,81.3,4778.0,308869.0,5.74,5.74,8.6,61773781.0,2024-06,27.3989898989899,11.237373737373737,26.515151515151516,21.521464646464647
Kerala,30.7,682.2,2.73,227.5,0,0.0,12346.0,63.6,4.5,72.6,4193.0,310372.0,5.63,5.25,5.9,62074468.0,2024-07,44.94949494949495,6.186868686868687,6.565656565656567,21.786616161616163
Kerala,31.2,131.0,3.17,-37.1,0,10.0,19414.0,51.7,24.4,120.8,4697.0,311883.0,5.75,4.85,8.5,62376618.0,2024-08,92.8030303030303,90.27777777777779,9.974747474747476,71.2121212121212
Kerala,29.8,0.0,1.77,-100.0,0,10.0,20478.0,52.6,27.0,143.1,4697.0,313401.0,5.88,4.78,10.0,62680240.0,2024-09,94.57070707070707,95.32828282828282,19.19191919191919,75.9911616161616
Kerala,23.4,0.0,-4.63,-100.0,0,10.0,13781.0,61.5,25.9,131.2,5016.0,314927.0,6.44,4.74,6.6,62985339.0,2024-10,84.84848484848484,89.14141414141415,8.45959595959596,67.25378787878788
Kerala,23.6,169.4,-4.44,-18.7,0,0.0,10192.0,51.6,6.4,140.3,5068.0,316460.0,5.48,5.15,8.3,63291923.0,2024-11,1.7676767676767675,44.06565656565656,10.984848484848484,18.876262626262623
Kerala,24.748387096774195,2116.8,1.4309677419354838,-69.55806451612904,0,7.161290322580645,127667.0,51.5258064516129,7.590322580645162,110.6258064516129,5226.064516129032,309869.51612903224,6.155806451612904,5.725806451612903,10.33548387096774,62538.709677419356,2025-01,64.01515151515152,55.42929292929293,55.93434343434344,58.989898989899
Kerala,26.517857142857142,1904.3,1.3139285714285713,-69.68928571428572,0,7.714285714285714,113219.0,50.0,7.5928571428571425,114.52499999999999,5173.571428571428,310981.85714285716,6.046785714285714,5.803214285714286,10.353571428571428,61825.25,2025-02,78.78787878787878,70.2020202020202,56.060606060606055,70.10101010101009
Kerala,29.216129032258067,2036.9,1.0270967741935484,-70.70645161290322,0,7.612903225806452,361717.0,50.76129032258064,7.651612903225806,110.64838709677419,4924.903225806452,309788.77419354836,6.0525806451612905,5.888387096774193,10.351612903225806,58476.54838709677,2025-03,74.62121212121212,65.40404040404042,64.01515151515152,68.74368686868688
Kerala,31.546666666666667,2110.3,1.59,-68.64666666666668,0,7.666666666666667,349123.0,51.60333333333333,7.776666666666667,105.36,5032.833333333333,309994.0,6.056666666666667,5.5889999999999995,10.816666666666666,60567.46666666667,2025-04,79.7979797979798,65.65656565656566,51.515151515151516,67.77777777777779
Kerala,33.20967741935484,2035.7,1.4138709677419354,-70.72258064516129,0,7.774193548387097,352458.0,49.170967741935485,7.725806451612903,107.88064516129033,5014.806451612903,309979.7419354839,6.0845161290322585,5.607741935483871,10.761290322580646,61297.032258064515,2025-05,80.68181818181817,76.01010101010101,53.15656565656566,72.16540404040404
Kerala,34.156666666666666,24285.9,0.8673333333333333,260.88,0,0.0,125128.0,50.50333333333333,4.126666666666667,106.51333333333334,5055.833333333333,309736.4666666667,6.062333333333333,5.685666666666666,10.473333333333333,59615.3,2025-06,43.686868686868685,25.63131313131313,50.505050505050505,39.071969696969695
Kerala,34.093548387096774,23982.7,1.3319354838709676,244.8709677419355,0,0.0,130651.0,49.41935483870968,4.17741935483871,109.64193548387097,5094.645161290323,310178.93548387097,6.07258064516129,5.582903225806452,10.441935483870967,59926.77419354839,2025-07,38.76262626262626,34.217171717171716,43.56060606060606,38.371212121212125
Kerala,31.75483870967742,24026.5,1.380967741935484,245.50967741935486,0,0.0,127950.0,49.983870967741936,4.070967741935484,109.51290322580645,4938.354838709677,309747.3870967742,6.107741935483871,5.766129032258065,10.258064516129032,59061.74193548387,2025-08,40.782828282828284,27.525252525252526,53.535353535353536,39.33080808080808
Kerala,29.39,23980.5,0.7093333333333334,256.3366666666667,0,0.0,121834.0,50.266666666666666,3.9566666666666666,112.81333333333333,4917.366666666667,309785.93333333335,6.148666666666667,5.578333333333333,10.246666666666666,63861.96666666667,2025-09,38.38383838383838,21.464646464646464,42.29797979797979,33.44065656565657
Kerala,27.200000000000003,8046.6,1.0606451612903227,15.706451612903225,0,0.0,462265.0,49.958064516129035,3.761290322580645,111.86774193548388,4799.870967741936,310198.9032258064,6.09741935483871,5.630645161290323,10.964516129032257,62412.41935483871,2025-10,8.585858585858585,16.28787878787879,62.37373737373737,24.728535353535353
Kerala,24.89,7958.099999999999,0.693,18.253333333333334,0,0.0,441435.0,51.28,4.09,114.52,4919.066666666667,309387.43333333335,6.008333333333334,5.569999999999999,10.583333333333334,62040.833333333336,2025-11,6.4393939393939394,18.30808080808081,42.676767676767675,19.65277777777778
Kerala,24.54516129032258,2135.0,1.1638709677419354,-69.30322580645162,0,8.03225806451613,454470.0,49.148387096774194,7.596774193548387,108.08387096774193,5010.967741935484,308724.06451612903,6.037419354838709,5.789677419354838,10.212903225806452,58040.16129032258,2025-12,82.44949494949495,78.28282828282829,50.252525252525245,72.94191919191918
Ladakh,10.890031778409547,582.5859337041805,-4.125,195.3,0,0.0,27161.0,59.05,4.0,108.6,4834.0,179925.85259420943,5.595000000000001,5.895,6.5,60146026.5,2024-01,22.727272727272727,7.449494949494949,13.383838383838384,15.04419191919192
Ladakh,15.882213221817453,65.35373812151329,1.6700000000000002,-67.15,0,10.0,28502.0,59.15,29.799999999999997,106.69999999999999,5133.0,143924.9349658843,6.385,6.945,9.15,60732979.5,2024-03,93.05555555555556,97.47474747474747,83.96464646464646,92.32954545454545
Ladakh,20.908916679256986,0.0,6.5,-100.0,0,10.0,4246.0,46.5,24.2,98.0,4506.0,108932.51278268357,5.67,6.92,6.8,61176769.0,2024-04,99.36868686868688,92.55050505050505,34.46969696969697,80.75757575757578
Ladakh,17.158190862338547,69.0364770395134,2.24,-28.1,0,10.0,11689.0,62.0,25.5,118.4,4215.0,162262.6236767987,6.45,6.35,10.1,61474550.0,2024-05,90.53030303030303,87.62626262626263,81.31313131313132,87.20959595959596
Ladakh,19.496997638467402,333.3003178882401,5.36,215.3,0,0.0,12031.0,50.1,7.8,95.5,5275.0,119079.33407298081,5.41,5.53,10.2,61773781.0,2024-06,49.494949494949495,49.11616161616162,28.914141414141415,44.217171717171716
Ladakh,18.210690579443643,642.314999078539,3.53,489.0,0,0.0,12095.0,48.3,5.3,88.0,5160.0,171518.35999111907,5.53,5.44,6.3,62074468.0,2024-07,90.15151515151516,43.30808080808081,7.3232323232323235,53.04924242424243
Ladakh,16.697443717294586,134.6322756421293,1.14,34.1,0,0.0,10221.0,54.9,6.3,111.0,5112.0,174210.5051974679,6.42,4.56,10.1,62376618.0,2024-08,15.782828282828282,42.55050505050505,23.863636363636363,27.17171717171717
Ladakh,14.052466158397289,0.0,-0.59,-100.0,0,10.0,19092.0,52.9,25.4,102.4,5272.0,212786.55399838218,6.31,4.59,10.2,62680240.0,2024-09,92.04545454545455,92.17171717171718,23.358585858585858,74.91792929292929
Ladakh,9.691466628876919,0.0,-4.96,-100.0,0,10.0,12117.0,51.5,25.1,86.7,4299.0,146111.39135880762,6.13,4.77,7.0,62985339.0,2024-10,83.83838383838383,91.79292929292929,7.7020202020202015,67.58838383838383
Ladakh,8.495998183757626,98.32204155519537,-6.55,-7.1,0,0.0,16199.0,51.5,1.3,85.6,5447.0,118027.31760238584,5.02,5.4,5.9,63291923.0,2024-11,0.6313131313131313,5.05050505050505,4.797979797979798,3.2196969696969693
Ladakh,21.93548387096774,1214.2,1.4361290322580647,-71.18064516129031,0,7.483870967741935,45370.0,50.02258064516129,7.419354838709677,110.16129032258064,4928.8387096774195,216797.12903225806,6.662903225806452,5.948709677419354,10.461290322580645,59624.0,2025-01,75.75757575757575,61.23737373737374,79.7979797979798,71.68560606060606
Ladakh,23.285714285714285,1101.8,0.5589285714285714,-71.07142857142857,0,7.071428571428571,40626.0,50.53214285714286,7.585714285714286,108.57142857142857,5055.0,216562.82142857142,6.698571428571428,5.711071428571429,10.921428571428573,63565.03571428572,2025-02,55.55555555555556,56.56565656565656,79.16666666666666,61.811868686868685
Ladakh,25.629032258064516,1280.3,0.7732258064516129,-69.62258064516129,0,8.161290322580646,127660.0,49.57741935483871,8.216129032258063,108.65806451612903,4898.354838709677,215969.12903225806,6.645161290322581,5.812258064516129,10.174193548387096,59560.77419354839,2025-03,82.32323232323232,80.93434343434343,76.13636363636364,80.29040404040404
Ladakh,28.09,1253.5,0.6313333333333334,-69.24,0,7.333333333333333,123392.0,50.5,7.546666666666667,114.09333333333333,4988.3,216363.86666666667,6.635000000000001,5.512666666666666,10.68,59644.1,2025-04,60.35353535353535,59.72222222222222,73.35858585858585,63.38383838383838
Ladakh,30.5,1210.1,1.5019354838709678,-71.28064516129032,0,7.774193548387097,133511.0,50.122580645161285,8.029032258064516,107.08064516129032,5050.677419354839,215401.8064516129,6.636774193548387,5.968387096774194,10.535483870967743,59870.096774193546,2025-05,81.18686868686868,77.14646464646465,80.17676767676768,79.52020202020202
Ladakh,31.37,14627.9,0.6993333333333334,258.7366666666667,0,0.0,41204.0,50.54,3.95,112.81666666666666,4995.466666666666,215959.23333333334,6.667666666666666,5.757333333333333,10.573333333333332,60490.03333333333,2025-06,41.16161616161616,19.19191919191919,78.4090909090909,42.78409090909091
Ladakh,30.26451612903226,14373.9,1.23,241.1483870967742,0,0.0,44704.0,49.89677419354839,4.193548387096774,116.79032258064517,4945.4838709677415,216269.96774193548,6.609354838709678,5.840645161290323,10.422580645161291,60462.12903225807,2025-07,35.22727272727273,32.07070707070707,78.15656565656566,44.85479797979798
Ladakh,28.383870967741935,14034.8,0.9609677419354838,233.10000000000002,0,0.0,44777.0,47.58387096774193,4.232258064516128,112.6258064516129,4890.903225806452,216407.96774193548,6.5603225806451615,5.648709677419355,10.51290322580645,61473.77419354839,2025-08,29.924242424242426,40.15151515151515,73.98989898989899,44.52020202020202
Ladakh,26.2,13974.5,0.9373333333333334,242.72333333333333,0,0.0,44058.0,48.723333333333336,4.1066666666666665,113.46000000000001,4908.166666666667,216745.1,6.541666666666667,5.900666666666667,10.416666666666666,63328.3,2025-09,33.83838383838384,36.11111111111111,78.28282828282829,45.744949494949495
Ladakh,24.529032258064515,4957.7,0.9448387096774193,17.66774193548387,0,0.0,157176.0,49.76451612903226,4.058064516129032,112.10967741935484,5114.645161290323,215940.51612903227,6.551612903225807,5.639354838709677,10.319354838709677,61608.6129032258,2025-10,8.45959595959596,28.66161616161616,71.21212121212122,31.218434343434346
Ladakh,22.103333333333335,5016.9,0.756,23.033333333333335,0,0.0,150278.0,51.43,4.003333333333334,111.68,5063.233333333334,216430.26666666666,6.6273333333333335,5.775666666666667,10.696666666666665,60939.9,2025-11,8.712121212121213,14.646464646464647,78.91414141414141,28.339646464646464
Ladakh,21.13225806451613,1275.6,1.058064516129032,-69.72258064516129,0,7.387096774193548,157027.0,49.68387096774194,7.783870967741936,110.84193548387097,5002.032258064516,215727.8064516129,6.6648387096774195,5.664193548387097,10.04516129032258,61410.1935483871,2025-12,66.66666666666666,66.28787878787878,71.96969696969697,67.85984848484847
Lakshadweep,24.815472283485533,602.3722389280194,-2.27,229.95,0,0.0,23674.0,49.4,4.95,112.25,5356.5,158201.28186050477,6.34,5.824999999999999,9.05,60146026.5,2024-01,25.820707070707073,41.47727272727273,41.72979797979798,35.27777777777778
Lakshadweep,29.697502273102195,77.47735778853944,2.595,-53.5,0,5.0,22133.0,57.3,5.5,85.45,5331.5,168718.19881689138,6.025,6.4350000000000005,9.05,60732979.5,2024-03,51.70454545454546,51.70454545454546,69.00252525252525,56.0290404040404
Lakshadweep,29.124217627681436,0.0,3.39,-100.0,0,10.0,5593.0,56.6,24.1,75.0,5462.0,145443.5821031344,5.73,6.15,6.8,61176769.0,2024-04,96.90656565656566,86.93181818181817,22.53787878787879,74.82323232323233
Lakshadweep,32.5792332367497,73.53924455886151,4.07,-14.0,0,0.0,14445.0,60.2,3.4,85.9,4296.0,132501.81879941007,6.62,6.25,7.9,61474550.0,2024-05,19.38131313131313,5.492424242424242,58.90151515151515,24.400252525252526
Lakshadweep,32.02394959417302,102.16463085201158,4.81,16.4,0,0.0,10330.0,48.6,6.8,135.1,3959.0,176295.14614756257,6.08,5.95,11.2,61773781.0,2024-06,21.022727272727273,46.78030303030303,77.46212121212122,44.14772727272727
Lakshadweep,26.302600166853612,195.13326213168943,-0.95,127.1,0,0.0,20089.0,54.5,5.6,89.1,5200.0,188999.40486136283,6.72,5.19,6.3,62074468.0,2024-07,21.52777777777778,39.58333333333333,14.078282828282829,25.984848484848484
Lakshadweep,24.27289443645518,93.26235324945347,-2.03,9.4,0,0.0,14887.0,55.6,8.3,103.0,4818.0,204140.14666299263,5.79,5.01,7.1,62376618.0,2024-08,2.840909090909091,47.41161616161616,8.143939393939394,19.76641414141414
Lakshadweep,22.154270696612155,0.0,-4.32,-100.0,0,10.0,14829.0,46.4,25.9,73.0,5372.0,133896.96779872657,5.52,4.9,8.9,62680240.0,2024-09,85.79545454545455,95.64393939393939,10.416666666666668,70.39772727272727
Lakshadweep,26.441993009948245,0.0,-1.4,-100.0,0,10.0,12410.0,55.1,24.4,107.0,4730.0,95839.72322778813,6.02,4.71,8.5,62985339.0,2024-10,91.09848484848484,88.4469696969697,11.679292929292929,70.31565656565657
Lakshadweep,23.204586832644047,52.00248230651032,-4.86,-42.7,0,10.0,10132.0,50.1,25.6,108.2,4149.0,116823.6552418744,5.54,5.57,11.1,63291923.0,2024-11,58.6489898989899,93.75,35.29040404040404,65.09469696969697
Lakshadweep,18.26451612903226,1496.0,0.8977419354838709,-69.79354838709678,0,6.935483870967742,55606.0,48.70322580645161,7.296774193548386,109.3483870967742,4958.064516129032,149867.03225806452,7.4961290322580645,5.596451612903226,10.958064516129031,60864.41935483871,2025-01,55.42929292929293,55.55555555555556,85.35353535353535,62.95454545454545
Lakshadweep,20.37142857142857,1281.1,1.9507142857142856,-71.36785714285715,0,7.428571428571429,50669.0,49.082142857142856,7.792857142857143,108.53928571428571,4889.5,150207.39285714287,7.571785714285714,5.775714285714286,11.078571428571427,62840.82142857143,2025-02,78.53535353535354,70.58080808080808,87.87878787878788,78.08712121212122
Lakshadweep,22.10967741935484,1443.6,1.0548387096774194,-70.85806451612903,0,6.838709677419355,162196.0,50.670967741935485,7.474193548387096,112.26451612903226,5093.612903225807,150188.93548387097,7.473870967741935,5.661290322580645,10.670967741935485,62110.93548387097,2025-03,55.05050505050505,54.54545454545454,84.59595959595958,62.260101010101
Lakshadweep,25.276666666666664,1353.6,1.3353333333333335,-71.75333333333333,0,8.2,145985.0,50.43,8.276666666666667,109.25333333333333,4978.9,150305.73333333334,7.545,5.929666666666666,10.243333333333334,59817.2,2025-04,84.59595959595958,80.8080808080808,86.74242424242425,83.80681818181817
Lakshadweep,26.73225806451613,1509.5,1.1612903225806452,-69.52258064516128,0,7.612903225806452,160793.0,50.461290322580645,8.109677419354838,107.76129032258065,4934.645161290323,150504.64516129033,7.473870967741935,5.7858064516129035,10.312903225806451,59666.096774193546,2025-05,75.25252525252525,74.87373737373737,84.72222222222221,77.48737373737373
Lakshadweep,27.84333333333333,17059.7,1.3823333333333332,255.90333333333334,0,0.0,54297.0,49.86,3.9433333333333334,118.00333333333333,4903.466666666666,149970.66666666666,7.521333333333333,5.724,9.96,59773.666666666664,2025-06,45.83333333333333,24.62121212121212,82.44949494949495,47.56313131313131
Lakshadweep,27.938709677419357,17878.4,1.2832258064516129,260.93870967741935,0,0.0,56885.0,49.7,4.119354838709677,116.63870967741936,4949.193548387097,150441.64516129033,7.445806451612903,5.631612903225807,10.638709677419355,56699.709677419356,2025-07,46.84343434343434,30.934343434343436,83.33333333333334,50.39772727272727
Lakshadweep,26.280645161290323,17419.4,1.4970967741935486,251.66774193548386,0,0.0,56907.0,49.483870967741936,4.232258064516128,105.87741935483871,4881.354838709677,150125.64516129033,7.4880645161290325,5.695806451612903,10.712903225806452,58661.16129032258,2025-08,45.20202020202021,35.35353535353536,85.60606060606061,51.85606060606061
Lakshadweep,23.253333333333334,16669.4,0.27999999999999997,247.75333333333336,0,0.0,52485.0,49.656666666666666,4.02,109.66666666666667,4838.666666666667,149618.6,7.501666666666667,5.909000000000001,10.513333333333332,60022.46666666667,2025-09,30.303030303030305,28.156565656565657,87.12121212121212,43.756313131313135
Lakshadweep,21.164516129032258,6235.7,1.5429032258064515,25.893548387096775,0,0.0,197600.0,50.89032258064516,3.770967741935484,110.78387096774195,5084.451612903225,150100.29032258064,7.489354838709678,5.611290322580645,10.616129032258065,58515.41935483871,2025-10,15.530303030303031,12.247474747474747,83.71212121212122,31.42676767676768
Lakshadweep,19.013333333333332,5810.3,1.2369999999999999,21.216666666666665,0,0.0,192451.0,49.36333333333334,4.266666666666667,115.77666666666667,5101.666666666667,150180.4,7.557333333333333,5.579,10.2,59903.46666666667,2025-11,13.131313131313133,36.48989898989899,82.32323232323232,38.60479797979798
Lakshadweep,17.825806451612905,1581.7,1.2119354838709677,-68.07096774193548,0,7.67741935483871,195465.0,49.50645161290323,7.793548387096774,101.40322580645162,4919.5161290322585,150245.90322580645,7.48483870967742,5.7051612903225815,10.341935483870968,60170.6129032258,2025-12,76.64141414141415,74.36868686868688,83.58585858585859,77.58207070707071
Madhya Pradesh,22.8,527.7,-4.215,187.8,0,0.0,38784.0,43.0,3.75,102.15,9479.5,300730.0,5.855,5.945,8.0,60146026.5,2024-01,20.707070707070706,42.17171717171717,28.535353535353536,30.176767676767675
Madhya Pradesh,29.5,72.6,2.505,-60.4,0,10.0,46419.0,42.849999999999994,25.85,119.55,9461.0,303665.0,5.6850000000000005,6.68,7.15,60732979.5,2024-03,93.68686868686868,96.5909090909091,32.82828282828283,79.48863636363636
Madhya Pradesh,33.0,0.0,5.96,-100.0,0,10.0,7842.0,45.3,27.8,105.4,9764.0,305884.0,5.82,6.76,9.4,61176769.0,2024-04,98.73737373737373,98.35858585858585,77.14646464646465,93.2070707070707
Madhya Pradesh,30.3,76.3,3.34,-16.8,0,0.0,29742.0,50.4,6.6,92.7,8580.0,307373.0,7.35,6.4,7.0,61474550.0,2024-05,18.055555555555554,45.32828282828283,76.51515151515152,42.21590909090909
Madhya Pradesh,32.8,296.3,5.82,223.2,0,0.0,21358.0,55.3,0.0,77.9,8889.0,308869.0,5.95,5.27,8.8,61773781.0,2024-06,50.88383838383839,2.398989898989899,21.71717171717172,26.62247474747475
Madhya Pradesh,29.5,259.3,2.46,182.8,0,0.0,25505.0,49.1,5.9,117.2,8708.0,310372.0,5.58,5.57,7.9,62074468.0,2024-07,27.65151515151515,44.19191919191919,15.530303030303031,30.410353535353536
Madhya Pradesh,29.6,75.4,2.56,-17.7,0,0.0,26098.0,43.8,5.8,132.1,9245.0,311883.0,5.94,4.74,12.5,62376618.0,2024-08,16.666666666666664,46.464646464646464,33.83838383838384,31.388888888888886
Madhya Pradesh,25.6,0.0,-1.41,-100.0,0,10.0,30968.0,50.9,27.0,103.6,8352.0,313401.0,5.84,5.35,10.6,62680240.0,2024-09,90.78282828282829,95.95959595959596,32.07070707070707,77.91666666666666
Madhya Pradesh,22.2,0.0,-4.77,-100.0,0,10.0,23327.0,42.4,23.0,111.7,9619.0,314927.0,6.24,5.04,9.8,62985339.0,2024-10,84.34343434343434,91.16161616161617,28.40909090909091,72.74621212121212
Madhya Pradesh,23.7,114.0,-3.35,24.4,0,0.0,21692.0,53.5,5.9,104.8,10301.0,316460.0,5.04,5.22,10.7,63291923.0,2024-11,2.272727272727273,42.04545454545455,19.82323232323232,20.58080808080808
Madhya Pradesh,22.94516129032258,1084.5,1.3167741935483872,-70.47419354838709,0,7.806451612903226,210475.0,49.79677419354839,7.874193548387097,110.73870967741935,4992.709677419355,309875.0967741936,5.913225806451613,5.7941935483870965,10.438709677419356,58689.967741935485,2025-01,80.42929292929293,76.76767676767676,49.24242424242424,71.35101010101009
Madhya Pradesh,24.87142857142857,998.0,0.8135714285714286,-69.91428571428571,0,7.714285714285714,189656.0,48.53928571428571,7.546428571428572,109.40357142857144,4865.0,310945.5714285714,5.9174999999999995,5.534999999999999,10.417857142857143,61081.03571428572,2025-02,74.74747474747475,74.24242424242425,35.984848484848484,64.8800505050505
Madhya Pradesh,26.990322580645163,1108.4,0.9835483870967743,-69.81612903225808,0,7.870967741935484,585363.0,49.6741935483871,7.938709677419355,118.06129032258065,4864.193548387097,309584.7419354839,5.886129032258064,5.674838709677419,10.412903225806453,58431.41935483871,2025-03,79.67171717171718,78.66161616161617,40.909090909090914,69.62752525252526
Madhya Pradesh,30.153333333333332,1141.1,1.404,-67.9,0,7.4,579113.0,49.330000000000005,7.79,108.31,5131.566666666667,310068.1,5.832333333333334,5.876,10.203333333333335,57087.63333333333,2025-04,70.58080808080808,69.06565656565657,46.21212121212121,63.958333333333336
Madhya Pradesh,32.05806451612903,1140.0,0.9925806451612903,-68.95806451612903,0,7.064516129032258,601500.0,49.983870967741936,7.248387096774193,108.60645161290323,4904.870967741936,310337.3548387097,5.895161290322581,5.9235483870967744,10.829032258064515,60061.16129032258,2025-05,56.69191919191919,54.67171717171717,69.31818181818183,59.141414141414145
Madhya Pradesh,32.68666666666667,12221.9,0.8426666666666667,243.89666666666668,0,0.0,205180.0,50.943333333333335,4.14,111.68666666666667,4854.233333333334,308872.9,5.916333333333333,5.83,10.573333333333332,61111.2,2025-06,33.33333333333333,23.232323232323232,56.439393939393945,35.57449494949495
Madhya Pradesh,32.41290322580645,12813.3,0.8951612903225806,248.9064516129032,0,0.0,213050.0,49.190322580645166,4.132258064516129,111.48387096774194,5013.967741935484,310383.9032258064,5.901935483870968,5.860645161290323,10.85483870967742,61382.58064516129,2025-07,36.11111111111111,34.46969696969697,66.16161616161617,43.04924242424242
Madhya Pradesh,30.548387096774192,12566.4,1.4164516129032256,242.18064516129033,0,0.0,221012.0,48.39032258064516,4.083870967741936,107.24838709677418,5116.322580645161,308856.87096774194,5.881290322580645,5.9877419354838715,10.616129032258065,59831.25806451613,2025-08,38.131313131313135,36.61616161616162,68.05555555555556,45.08207070707071
Madhya Pradesh,27.793333333333333,12427.3,1.5006666666666668,249.66,0,0.0,192648.0,49.38666666666666,3.8400000000000003,110.15666666666668,4952.533333333334,309056.06666666665,5.790666666666667,5.6080000000000005,9.963333333333333,61541.3,2025-09,44.31818181818182,24.242424242424242,32.196969696969695,34.26136363636364
Madhya Pradesh,25.896774193548385,4345.7,0.7554838709677419,18.322580645161292,0,0.0,721693.0,49.78387096774193,4.180645161290323,106.25806451612904,4899.741935483871,308608.29032258067,5.887741935483871,5.666129032258064,10.661290322580646,59784.096774193546,2025-10,6.944444444444445,32.57575757575758,45.58080808080808,25.57449494949495
Madhya Pradesh,23.156666666666663,4199.4,1.2366666666666668,18.166666666666668,0,0.0,711598.0,50.51,3.9133333333333336,114.11666666666666,5140.433333333333,309549.1666666667,5.940666666666667,5.757333333333333,10.566666666666666,61875.433333333334,2025-11,11.48989898989899,17.803030303030305,51.26262626262626,23.642676767676768
Madhya Pradesh,22.183870967741935,1042.4,1.6761290322580646,-71.61612903225806,0,7.741935483870968,755330.0,50.38709677419355,8.203225806451613,109.49677419354839,5074.870967741936,308156.2580645161,5.893870967741936,5.899677419354839,10.5,59204.54838709677,2025-12,81.6919191919192,78.03030303030303,58.45959595959596,74.60227272727273
Maharashtra,25.6,479.1,-1.43,161.35000000000002,0,0.0,48551.0,43.849999999999994,2.3,101.69999999999999,9110.0,501217.0,4.915,5.425000000000001,6.6,100243377.5,2024-01,23.61111111111111,11.868686868686869,6.0606060606060606,15.113636363636363
Maharashtra,28.65,88.1,1.67,-51.95,0,5.0,42613.0,47.65,7.699999999999999,102.6,8704.5,506108.0,4.51,6.3149999999999995,4.75,101221632.0,2024-03,50.63131313131313,54.04040404040404,5.808080808080808,40.618686868686865
Maharashtra,29.7,0.0,2.69,-100.0,0,10.0,7587.0,44.4,26.9,108.4,8556.0,509806.0,4.38,5.98,10.6,101961282.0,2024-04,95.83333333333334,97.97979797979798,25.126262626262623,78.90782828282828
Maharashtra,30.0,58.3,2.99,-36.4,0,10.0,24638.0,43.1,27.2,134.5,8800.0,512288.0,5.31,6.37,6.4,102457584.0,2024-05,92.67676767676768,98.23232323232324,16.91919191919192,75.68181818181819
Maharashtra,33.6,309.9,6.65,238.1,0,0.0,28213.0,37.9,7.8,64.8,8237.0,514782.0,4.65,4.75,9.7,102956301.0,2024-06,52.65151515151515,52.02020202020202,6.691919191919192,40.94065656565657
Maharashtra,30.7,297.6,3.75,224.7,0,0.0,33818.0,57.8,3.3,88.7,9092.0,517287.0,3.92,4.77,4.6,103457446.0,2024-07,48.358585858585855,6.0606060606060606,0.8838383838383838,21.68560606060606
Maharashtra,27.0,67.0,-0.02,-26.9,0,10.0,35327.0,55.3,31.0,124.2,9512.0,519805.0,4.21,4.08,5.5,103961031.0,2024-08,87.24747474747475,99.36868686868688,0.5050505050505051,69.80429292929294
Maharashtra,24.7,0.0,-2.35,-100.0,0,10.0,30200.0,42.2,27.3,83.6,8998.0,522335.0,4.23,4.04,8.4,104467066.0,2024-09,89.26767676767676,98.48484848484848,2.272727272727273,70.74494949494948
Maharashtra,24.6,0.0,-2.38,-100.0,0,10.0,20865.0,48.5,23.6,119.1,9044.0,524878.0,3.95,4.4,9.2,104975565.0,2024-10,89.14141414141415,90.15151515151516,3.2828282828282833,68.03030303030303
Maharashtra,20.3,82.8,-6.65,-9.6,0,0.0,27983.0,44.0,1.6,85.7,8067.0,527433.0,4.24,4.48,6.3,105486539.0,2024-11,0.8838383838383838,8.83838383838384,1.6414141414141417,3.8573232323232323
Maharashtra,23.36774193548387,1081.2,0.4880645161290323,-69.7258064516129,0,7.290322580645161,231671.0,48.36774193548387,7.435483870967742,112.93225806451613,4772.258064516129,517348.06451612903,4.392903225806452,5.676774193548387,10.341935483870968,60359.354838709674,2025-01,57.07070707070707,63.005050505050505,16.54040404040404,49.015151515151516
Maharashtra,24.714285714285715,957.4,0.9974999999999999,-70.32857142857144,0,8.0,206213.0,50.35,7.903571428571429,106.39642857142857,5264.321428571428,517292.0714285714,4.5164285714285715,5.784642857142857,10.460714285714285,60466.57142857143,2025-02,81.31313131313132,78.4090909090909,22.095959595959595,65.49242424242425
Maharashtra,27.461290322580645,1068.3,0.9432258064516128,-70.09354838709677,0,7.161290322580645,655256.0,50.79032258064516,7.503225806451613,108.89032258064516,4981.225806451613,514707.48387096776,4.4793548387096775,5.849354838709678,10.077419354838709,59620.54838709677,2025-03,58.333333333333336,56.186868686868685,19.696969696969695,47.92297979797979
Maharashtra,29.663333333333334,1006.6,0.831,-70.89,0,8.0,641757.0,49.76,7.963333333333334,110.86333333333333,4968.033333333334,515599.8,4.585666666666667,5.8806666666666665,10.56,59079.3,2025-04,80.8080808080808,79.54545454545455,25.88383838383838,66.63510101010101
Maharashtra,32.148387096774194,1002.2,1.0551612903225807,-71.95483870967742,0,7.387096774193548,669878.0,50.52903225806452,7.580645161290323,108.27741935483871,4912.387096774193,515076.6451612903,4.386451612903225,5.5848387096774195,10.35483870967742,57337.51612903226,2025-05,68.05555555555556,60.47979797979798,15.025252525252524,52.14646464646464
Maharashtra,32.43333333333333,12158.6,0.904,251.70333333333335,0,0.0,219655.0,48.64,3.643333333333333,115.20666666666666,4997.6,519367.9666666667,4.4976666666666665,5.545333333333334,10.520000000000001,59255.566666666666,2025-06,37.878787878787875,22.095959595959595,16.666666666666664,27.051767676767675
Maharashtra,31.97741935483871,12691.2,1.2406451612903227,255.2741935483871,0,0.0,226374.0,50.33548387096774,3.958064516129032,113.18709677419355,4945.419354838709,518312.87096774194,4.412258064516129,5.832580645161291,10.874193548387098,60502.32258064516,2025-07,44.696969696969695,21.085858585858585,24.747474747474747,31.445707070707073
Maharashtra,29.94516129032258,13204.4,0.8761290322580645,269.6322580645161,0,0.0,236129.0,50.016129032258064,3.8870967741935485,107.80322580645162,4982.096774193548,516717.51612903224,4.506774193548387,5.519354838709678,10.19032258064516,60576.87096774193,2025-08,47.0959595959596,20.833333333333336,14.393939393939394,29.728535353535356
Maharashtra,28.17,11909.7,0.7453333333333333,244.50666666666666,0,0.0,218643.0,49.07333333333334,3.8466666666666667,109.89333333333335,5039.733333333334,516228.56666666665,4.503666666666667,5.806333333333333,9.986666666666668,60004.96666666667,2025-09,32.196969696969695,26.262626262626267,18.939393939393938,26.805555555555557
Maharashtra,25.309677419354838,4380.4,1.1796774193548387,22.616129032258065,0,0.0,812030.0,51.016129032258064,3.767741935483871,109.6032258064516,5107.1612903225805,516216.70967741933,4.417419354838709,5.661612903225806,10.461290322580645,59617.8064516129,2025-10,13.383838383838384,11.742424242424242,17.17171717171717,13.75631313131313
Maharashtra,23.383333333333333,4173.7,1.5426666666666666,20.73,0,0.0,782361.0,49.54,4.266666666666667,104.55666666666666,5088.666666666667,516277.7,4.452,5.6386666666666665,10.596666666666666,61287.8,2025-11,14.898989898989898,35.858585858585855,19.065656565656568,23.27651515151515
Maharashtra,23.103225806451615,1075.8,0.5693548387096774,-69.89032258064516,0,7.451612903225806,819400.0,52.42258064516129,7.945161290322581,106.7709677419355,4997.322580645161,517409.51612903224,4.438064516129033,5.756451612903225,10.938709677419356,60377.25806451613,2025-12,63.13131313131313,61.111111111111114,24.242424242424242,52.70202020202021
Manipur,23.2,476.79999999999995,-3.82,160.1,0,0.0,28252.0,60.25,6.6499999999999995,104.05,4504.0,300730.0,6.415,5.915,9.15,60146026.5,2024-01,18.30808080808081,38.38383838383838,53.40909090909091,34.109848484848484
Manipur,28.05,77.7,1.025,-57.6,0,5.0,20420.0,55.300000000000004,6.8500000000000005,118.7,4841.0,303665.0,5.88,6.765000000000001,9.4,60732979.5,2024-03,49.87373737373738,53.28282828282829,78.78787878787878,58.29545454545455
Manipur,28.4,0.0,1.43,-100.0,0,10.0,4534.0,57.6,20.2,89.3,4415.0,305884.0,5.68,6.8,4.8,61176769.0,2024-04,94.31818181818183,83.45959595959596,20.833333333333336,72.14646464646465
Manipur,30.6,85.8,3.56,-6.4,0,0.0,6383.0,63.9,4.9,133.2,4771.0,307373.0,5.71,6.29,7.2,61474550.0,2024-05,17.67676767676768,7.07070707070707,27.904040404040405,16.521464646464647
Manipur,32.0,361.3,4.95,294.1,0,0.0,13193.0,50.0,6.4,106.0,5383.0,308869.0,5.53,5.6,9.6,61773781.0,2024-06,53.15656565656566,45.07575757575758,27.65151515151515,43.95202020202021
Manipur,31.2,238.4,4.22,160.1,0,0.0,18681.0,54.0,4.7,82.4,4587.0,310372.0,5.91,4.63,4.8,62074468.0,2024-07,27.904040404040405,20.2020202020202,3.9141414141414144,19.210858585858585
Manipur,27.0,64.1,-0.04,-30.1,0,10.0,14321.0,59.6,26.1,83.9,5746.0,311883.0,5.7,5.07,3.5,62376618.0,2024-08,87.37373737373737,90.40404040404042,3.4090909090909087,67.44318181818183
Manipur,24.5,0.0,-2.54,-100.0,0,10.0,14187.0,51.3,24.9,51.5,5442.0,313401.0,5.75,4.64,11.8,62680240.0,2024-09,89.01515151515152,91.28787878787878,26.767676767676768,74.24873737373738
Manipur,23.3,0.0,-3.68,-100.0,0,10.0,13768.0,55.3,24.2,110.3,4219.0,314927.0,5.81,5.05,9.3,62985339.0,2024-10,87.5,87.87878787878788,18.434343434343432,70.3661616161616
Manipur,23.0,133.8,-3.96,46.0,0,0.0,10730.0,48.7,7.4,105.9,4322.0,316460.0,4.93,5.53,9.4,63291923.0,2024-11,2.525252525252525,48.61111111111111,15.151515151515152,21.811868686868685
Manipur,22.73225806451613,1111.2,0.9696774193548388,-70.09032258064516,0,7.225806451612903,108193.0,51.71612903225807,7.796774193548386,113.70967741935483,4944.580645161291,309735.3548387097,5.819354838709677,5.534193548387097,10.148387096774194,60326.22580645161,2025-01,61.36363636363637,57.57575757575758,32.44949494949495,52.80934343434344
Manipur,23.967857142857145,1063.8,0.8807142857142857,-68.3,0,7.357142857142857,101504.0,49.25714285714286,7.578571428571428,115.43214285714285,5132.392857142857,309837.1785714286,5.776428571428572,5.6085714285714285,11.053571428571429,62625.642857142855,2025-02,62.878787878787875,63.510101010101,44.823232323232325,58.58585858585859
Manipur,27.112903225806452,1094.8,1.401290322580645,-70.52903225806452,0,7.419354838709677,321965.0,50.71612903225807,7.612903225806452,106.75483870967743,4992.8387096774195,309982.0,5.803548387096774,5.667419354838709,10.761290322580646,59690.22580645161,2025-03,72.72727272727273,60.984848484848484,43.30808080808081,61.26262626262626
Manipur,28.553333333333335,1143.8,0.32133333333333336,-68.18,0,7.5,300340.0,48.93333333333333,7.716666666666667,107.35333333333332,5003.566666666667,310598.93333333335,5.711666666666667,5.703,10.433333333333334,59903.03333333333,2025-04,60.858585858585855,70.95959595959596,36.74242424242424,58.36489898989899
Manipur,30.606451612903225,1103.6,0.7735483870967742,-70.29354838709678,0,7.419354838709677,310088.0,50.167741935483875,7.761290322580645,110.66129032258064,4936.774193548387,309279.1612903226,5.764516129032257,5.663548387096774,10.54516129032258,59930.12903225807,2025-05,64.39393939393939,65.27777777777779,38.38383838383838,58.20075757575758
Manipur,31.779999999999998,12945.6,0.5696666666666667,260.1333333333333,0,0.0,110845.0,52.59,4.08,106.48666666666666,4903.266666666666,309472.5,5.740333333333334,5.828,10.273333333333333,59826.833333333336,2025-06,39.8989898989899,11.48989898989899,40.65656565656566,30.145202020202024
Manipur,31.187096774193545,12773.9,0.6638709677419354,243.89354838709676,0,0.0,106322.0,50.483870967741936,4.032258064516129,108.14193548387097,4954.967741935484,310139.48387096776,5.837741935483871,5.564838709677419,10.780645161290321,56827.51612903226,2025-07,31.439393939393938,22.474747474747474,39.52020202020202,30.321969696969695
Manipur,30.080645161290324,13188.5,1.1958064516129032,255.05161290322582,0,0.0,113379.0,48.70967741935484,4.33225806451613,108.64193548387097,4875.709677419355,309917.8387096774,5.774516129032258,5.6006451612903225,10.461290322580645,59796.83870967742,2025-08,44.19191919191919,38.76262626262626,34.84848484848485,39.95580808080808
Manipur,26.876666666666665,12642.3,0.8863333333333333,251.68333333333334,0,0.0,109480.0,48.916666666666664,4.003333333333333,107.81,4796.7,309941.36666666664,5.796666666666667,5.641333333333334,10.493333333333334,58143.9,2025-09,37.37373737373738,32.70202020202021,37.37373737373738,35.73863636363637
Manipur,24.725806451612904,4299.9,1.6080645161290323,15.761290322580646,0,0.0,396250.0,50.81935483870968,4.138709677419355,115.54838709677419,5102.677419354839,310781.29032258067,5.788387096774193,5.637096774193548,10.496774193548386,60366.6129032258,2025-10,14.14141414141414,24.494949494949495,36.994949494949495,23.478535353535353
Manipur,22.470000000000002,4210.2,0.3333333333333333,17.133333333333333,0,0.0,372581.0,49.55333333333333,3.89,113.36,4920.466666666666,308867.43333333335,5.846333333333333,5.725666666666667,10.613333333333333,59647.23333333333,2025-11,4.924242424242424,24.873737373737374,46.33838383838384,22.26010101010101
Manipur,22.15806451612903,1127.2,0.8303225806451613,-69.65483870967742,0,7.806451612903226,384318.0,49.73225806451613,7.95483870967742,112.27741935483871,5066.193548387097,309035.93548387097,5.747419354838709,5.5925806451612905,10.932258064516128,61174.32258064516,2025-12,77.27272727272727,77.65151515151516,40.4040404040404,68.18813131313131
Meghalaya,21.2,1275.0,-2.835,173.2,0,0.0,23174.0,53.8,5.25,101.5,4832.0,300730.0,6.555,6.595000000000001,7.199999999999999,60146026.5,2024-01,22.97979797979798,37.37373737373738,64.39393939393939,38.371212121212125
Meghalaya,25.549999999999997,234.2,1.5750000000000002,-49.8,0,5.0,25236.0,48.15,4.45,100.7,5019.0,303665.0,6.07,6.4399999999999995,9.2,60732979.5,2024-03,50.12626262626263,52.65151515151515,73.23232323232324,56.78661616161616
Meghalaya,28.4,0.0,4.38,-100.0,0,10.0,2637.0,58.1,22.0,141.1,5010.0,305884.0,5.79,6.33,8.1,61176769.0,2024-04,97.85353535353535,84.84848484848484,33.45959595959596,77.20328282828282
Meghalaya,31.9,300.5,7.9,28.8,0,0.0,12816.0,61.9,4.5,87.1,4600.0,307373.0,6.63,6.14,9.7,61474550.0,2024-05,25.126262626262623,7.196969696969697,79.04040404040404,32.32954545454545
Meghalaya,32.6,490.7,8.64,110.3,0,0.0,13552.0,55.6,2.1,132.5,5162.0,308869.0,5.63,6.03,10.4,61773781.0,2024-06,43.18181818181818,4.797979797979798,50.12626262626263,31.483585858585858
Meghalaya,28.2,672.5,4.24,188.2,0,0.0,14243.0,47.2,4.1,117.7,4961.0,310372.0,6.92,5.25,10.3,62074468.0,2024-07,38.25757575757576,39.8989898989899,63.005050505050505,45.01893939393939
Meghalaya,28.4,176.8,4.38,-24.2,0,10.0,14459.0,56.5,34.6,85.0,4787.0,311883.0,6.05,5.32,7.6,62376618.0,2024-08,93.56060606060606,99.87373737373737,15.404040404040403,76.23106060606061
Meghalaya,19.8,0.0,-4.18,-100.0,0,10.0,18445.0,47.8,25.3,118.4,4666.0,313401.0,6.37,4.74,8.9,62680240.0,2024-09,86.36363636363636,94.57070707070707,17.424242424242426,72.00126262626263
Meghalaya,15.4,0.0,-8.58,-100.0,0,10.0,16496.0,52.8,28.2,125.6,5034.0,314927.0,6.05,5.01,8.8,62985339.0,2024-10,54.92424242424242,97.09595959595958,17.2979797979798,60.27777777777777
Meghalaya,17.5,243.9,-6.52,4.5,0,0.0,14047.0,50.8,6.5,87.1,5515.0,316460.0,6.11,5.77,11.0,63291923.0,2024-11,0.3787878787878788,44.823232323232325,72.47474747474747,33.958333333333336
Meghalaya,20.583870967741937,2543.4,0.8451612903225806,-70.98709677419355,0,7.935483870967742,116858.0,48.70645161290323,7.9,112.34193548387097,5139.096774193548,309945.03225806454,6.17741935483871,5.779032258064516,10.53225806451613,60971.967741935485,2025-01,80.05050505050505,79.7979797979798,67.17171717171718,76.74242424242425
Meghalaya,22.189285714285713,2414.0,0.6449999999999999,-69.51785714285714,0,8.178571428571429,110436.0,49.857142857142854,7.714285714285714,114.78928571428571,5014.285714285715,308500.25,6.293928571428571,5.890714285714286,10.414285714285715,59652.17857142857,2025-02,81.56565656565657,79.16666666666666,74.24242424242425,78.89520202020202
Meghalaya,24.0258064516129,2638.5,1.1858064516129032,-69.90645161290323,0,7.483870967741935,343003.0,47.958064516129035,7.393548387096774,112.27741935483871,5031.193548387097,308800.5806451613,6.272903225806452,5.936774193548387,10.519354838709678,59450.8064516129,2025-03,71.84343434343434,68.68686868686868,75.37878787878788,71.62247474747474
Meghalaya,26.90666666666667,2574.6,0.6436666666666667,-69.64333333333335,0,7.733333333333333,328334.0,51.873333333333335,7.79,111.83666666666666,4910.433333333333,310364.0333333333,6.247,5.790333333333334,10.463333333333333,61783.166666666664,2025-04,72.6010101010101,66.16161616161617,69.57070707070707,69.58964646464648
Meghalaya,28.925806451612903,2652.4,0.8419354838709678,-69.74516129032257,0,7.32258064516129,336595.0,49.18064516129032,7.809677419354839,106.10645161290323,4804.5161290322585,309343.3870967742,6.27258064516129,5.5522580645161295,10.903225806451612,60431.290322580644,2025-05,62.121212121212125,67.67676767676768,65.40404040404042,64.88636363636364
Meghalaya,29.483333333333334,28726.1,0.6203333333333333,238.58666666666667,0,0.0,117508.0,50.0,4.043333333333333,108.35999999999999,4792.3,309289.06666666665,6.3133333333333335,5.556666666666667,10.479999999999999,58057.9,2025-06,29.166666666666668,26.641414141414145,55.68181818181818,34.911616161616166
Meghalaya,29.44193548387097,31808.8,1.504193548387097,262.83870967741933,0,0.0,121249.0,51.193548387096776,3.864516129032258,116.09354838709677,5147.225806451613,310362.87096774194,6.2622580645161285,5.630322580645161,10.141935483870967,62499.290322580644,2025-07,47.97979797979798,12.626262626262626,48.86363636363637,35.82702020202021
Meghalaya,27.69677419354839,31435.7,0.7990322580645162,258.56451612903226,0,0.0,120624.0,48.57741935483871,3.92258064516129,108.75483870967743,5013.129032258064,308334.03225806454,6.1896774193548385,5.737096774193549,10.548387096774194,62377.645161290326,2025-08,41.792929292929294,32.323232323232325,65.65656565656566,44.44444444444444
Meghalaya,24.896666666666665,28720.4,1.0886666666666664,238.52,0,0.0,120341.0,48.57666666666667,4.073333333333333,111.95333333333333,5052.9,309143.9,6.292666666666666,5.474666666666667,10.59,60599.9,2025-09,32.44949494949495,35.984848484848484,50.63131313131313,38.23232323232323
Meghalaya,22.990322580645163,10446.8,0.4970967741935484,19.154838709677417,0,0.0,425906.0,49.89032258064516,4.196774193548387,109.81290322580645,4931.677419354839,309849.1935483871,6.21516129032258,5.732258064516128,10.183870967741935,58322.93548387097,2025-10,6.186868686868687,32.44949494949495,55.80808080808081,27.784090909090907
Meghalaya,21.2,10018.3,0.7046666666666667,18.086666666666666,0,0.0,405033.0,50.013333333333335,3.9699999999999998,110.35,4966.266666666666,309819.8333333333,6.217,5.583666666666667,10.396666666666667,58352.3,2025-11,6.565656565656567,24.36868686868687,49.621212121212125,23.560606060606062
Meghalaya,20.42258064516129,2609.5,0.9516129032258065,-70.23548387096774,0,7.193548387096774,417071.0,50.50645161290323,7.603225806451612,111.73548387096774,5134.741935483871,310202.29032258067,6.201612903225806,5.840645161290323,10.703225806451613,57745.77419354839,2025-12,60.60606060606061,57.7020202020202,73.73737373737373,62.87247474747475
Mizoram,21.9,1523.4,-2.125,226.45,0,0.0,20635.0,56.150000000000006,4.449999999999999,103.45,5628.5,300730.0,6.455,6.109999999999999,9.55,60146026.5,2024-01,25.37878787878788,9.722222222222223,74.74747474747475,32.24116161616162
Mizoram,23.049999999999997,267.8,-0.97,-42.6,0,5.0,27665.0,55.35,6.5,111.80000000000001,5208.5,303665.0,5.75,6.85,6.9,60732979.5,2024-03,37.121212121212125,52.90404040404041,34.974747474747474,42.108585858585855
Mizoram,30.7,0.0,6.69,-100.0,0,10.0,5338.0,55.8,24.1,126.4,4497.0,305884.0,6.32,6.61,9.6,61176769.0,2024-04,99.68434343434343,87.37373737373737,81.06060606060606,90.71969696969697
Mizoram,25.6,328.1,1.57,40.6,0,0.0,18420.0,54.4,9.0,57.6,4696.0,307373.0,5.43,6.33,3.0,61474550.0,2024-05,17.424242424242426,49.621212121212125,6.313131313131313,25.915404040404038
Mizoram,28.1,874.2,4.1,274.7,0,0.0,18891.0,50.0,4.9,89.9,5420.0,308869.0,5.91,5.31,11.4,61773781.0,2024-06,52.14646464646465,40.782828282828284,40.27777777777778,45.2020202020202
Mizoram,23.3,522.9,-0.69,124.1,0,0.0,16640.0,53.2,4.3,92.2,4539.0,310372.0,6.39,5.44,12.0,62074468.0,2024-07,21.843434343434343,13.257575757575758,76.89393939393939,32.601010101010104
Mizoram,24.0,236.6,0.01,1.4,0,0.0,19846.0,61.1,4.0,130.4,5499.0,311883.0,5.53,5.46,10.9,62376618.0,2024-08,4.292929292929292,6.313131313131313,31.818181818181817,11.881313131313131
Mizoram,20.6,0.0,-3.4,-100.0,0,10.0,13705.0,54.9,26.2,81.9,5162.0,313401.0,5.88,5.14,6.8,62680240.0,2024-09,87.87878787878788,93.05555555555556,8.585858585858585,69.86742424242424
Mizoram,17.5,0.0,-6.47,-100.0,0,10.0,9170.0,52.7,28.6,104.0,5142.0,314927.0,5.59,4.75,7.9,62985339.0,2024-10,76.01010101010101,97.85353535353535,6.8181818181818175,66.35732323232322
Mizoram,19.2,269.3,-4.76,15.4,0,0.0,11379.0,52.6,6.8,117.4,4327.0,316460.0,5.47,5.67,8.5,63291923.0,2024-11,1.6414141414141417,44.696969696969695,20.454545454545457,21.41414141414141
Mizoram,18.616129032258065,3161.6,1.255483870967742,-69.56774193548387,0,7.032258064516129,120827.0,50.5516129032258,7.412903225806452,111.16451612903225,4925.774193548387,309964.3870967742,5.877741935483871,5.821612903225806,10.580645161290322,61911.93548387097,2025-01,57.82828282828283,54.7979797979798,52.77777777777778,55.505050505050505
Mizoram,20.88214285714286,2828.0,0.7782142857142856,-69.87142857142857,0,7.357142857142857,113587.0,48.846428571428575,7.682142857142857,111.63928571428572,5148.428571428572,310247.6785714286,5.905,5.7975,10.146428571428572,61705.0,2025-02,62.752525252525245,67.04545454545455,42.803030303030305,59.26767676767677
Mizoram,23.161290322580644,3111.8,1.0070967741935484,-70.05806451612904,0,7.451612903225806,350400.0,49.89677419354839,7.854838709677419,105.1774193548387,5089.677419354839,309569.5806451613,5.900645161290322,5.72258064516129,10.148387096774194,58457.645161290326,2025-03,68.56060606060606,69.44444444444444,39.141414141414145,61.515151515151516
Mizoram,25.956666666666667,2990.2,0.7046666666666667,-70.25666666666666,0,7.233333333333333,351214.0,48.443333333333335,7.456666666666666,110.11999999999999,4927.166666666667,308934.9666666667,5.875333333333333,5.766333333333334,10.466666666666667,60730.53333333333,2025-04,57.7020202020202,61.489898989899,46.84343434343434,56.31313131313132
Mizoram,27.248387096774195,2926.0,0.7883870967741936,-71.84516129032258,0,7.064516129032258,351877.0,49.46451612903226,7.6,114.02580645161291,5216.645161290323,309584.9032258064,5.8990322580645165,5.811290322580645,10.619354838709677,58320.87096774193,2025-05,56.186868686868685,58.58585858585859,54.7979797979798,56.67929292929293
Mizoram,28.21333333333333,35398.3,0.5623333333333334,252.01999999999998,0,0.0,119266.0,49.85,4.266666666666667,115.67666666666668,4850.9,309391.0333333333,5.898666666666667,5.746333333333333,10.113333333333333,60385.433333333334,2025-06,34.46969696969697,34.34343434343434,39.26767676767677,35.625
Mizoram,27.95483870967742,33400.2,1.185483870967742,221.44516129032257,0,0.0,128039.0,50.538709677419355,3.9645161290322584,109.78709677419356,5099.741935483871,309791.0967741936,5.9474193548387095,5.659677419354838,10.448387096774193,58796.967741935485,2025-07,28.535353535353536,19.696969696969695,42.17171717171717,28.851010101010104
Mizoram,25.76451612903226,36627.9,1.5264516129032257,252.49354838709678,0,0.0,121651.0,50.519354838709674,3.8806451612903223,111.23870967741935,5005.741935483871,309500.48387096776,5.9070967741935485,5.607096774193548,10.370967741935484,60801.709677419356,2025-08,45.707070707070706,16.666666666666664,37.75252525252525,33.55429292929293
Mizoram,23.58,36126.0,1.4126666666666667,259.26,0,0.0,123852.0,51.343333333333334,4.05,112.77333333333333,5078.366666666667,309482.26666666666,5.890333333333333,5.79,10.286666666666667,60714.86666666667,2025-09,46.96969696969697,16.414141414141415,45.20202020202021,35.833333333333336
Mizoram,21.416129032258063,12637.9,1.2790322580645161,21.625806451612902,0,0.0,434462.0,50.403225806451616,3.864516129032258,109.24193548387096,4903.935483870968,309743.2580645161,5.86483870967742,5.9554838709677425,10.287096774193548,58216.967741935485,2025-10,13.762626262626263,16.792929292929294,55.55555555555556,25.271464646464647
Mizoram,19.273333333333333,11963.5,1.4043333333333334,18.970000000000002,0,0.0,432221.0,49.69666666666667,3.756666666666667,110.75,5016.533333333334,309909.9666666667,6.0,5.662999999999999,10.533333333333333,59719.166666666664,2025-11,13.51010101010101,18.055555555555554,47.6010101010101,23.62373737373737
Mizoram,18.27741935483871,3136.3,0.6338709677419354,-69.81612903225808,0,7.67741935483871,446454.0,48.519354838709674,8.07741935483871,113.62258064516129,5039.741935483871,310921.22580645164,5.980322580645161,5.823225806451613,10.787096774193548,58668.51612903226,2025-12,71.08585858585859,79.29292929292929,66.03535353535354,72.69570707070707
Nagaland,22.75,512.3,-4.24,179.45,0,0.0,24734.0,53.7,8.45,99.55000000000001,5406.0,300730.0,6.16,5.68,7.15,60146026.5,2024-01,20.2020202020202,48.73737373737374,21.843434343434343,30.59974747474747
Nagaland,30.15,71.1,3.13,-61.25,0,10.0,22645.0,56.4,26.3,97.25,5179.0,303665.0,5.6850000000000005,7.22,9.05,60732979.5,2024-03,94.06565656565657,92.8030303030303,80.93434343434343,90.3409090909091
Nagaland,33.7,0.0,6.69,-100.0,0,10.0,4465.0,56.7,24.7,103.8,5355.0,305884.0,6.27,6.73,9.5,61176769.0,2024-04,99.68434343434343,88.13131313131312,81.94444444444444,91.20580808080808
Nagaland,36.1,139.9,9.12,52.7,0,0.0,13694.0,53.7,6.5,114.8,5308.0,307373.0,6.64,6.52,9.6,61474550.0,2024-05,27.525252525252526,43.56060606060606,82.7020202020202,46.93181818181818
Nagaland,30.8,323.4,3.83,252.8,0,0.0,12194.0,52.3,8.3,116.2,5184.0,308869.0,5.17,5.51,8.8,61773781.0,2024-06,50.378787878787875,49.368686868686865,14.520202020202019,41.06060606060606
Nagaland,30.8,353.3,3.79,285.4,0,0.0,20515.0,53.3,4.3,99.6,4848.0,310372.0,6.05,4.96,13.8,62074468.0,2024-07,52.27272727272727,12.75252525252525,74.87373737373737,44.09090909090909
Nagaland,25.1,110.5,-1.93,20.6,0,0.0,17400.0,49.7,0.2,78.6,5475.0,311883.0,6.76,5.11,9.1,62376618.0,2024-08,3.535353535353535,4.040404040404041,30.934343434343436,10.561868686868687
Nagaland,26.6,0.0,-0.38,-100.0,0,10.0,20132.0,54.2,24.7,101.4,5581.0,313401.0,5.89,4.51,9.2,62680240.0,2024-09,92.55050505050505,89.77272727272727,10.1010101010101,70.96590909090908
Nagaland,20.3,0.0,-6.7,-100.0,0,10.0,9774.0,59.9,25.7,110.0,5095.0,314927.0,6.13,4.56,9.7,62985339.0,2024-10,72.97979797979798,89.64646464646465,15.782828282828282,64.51388888888889
Nagaland,21.5,111.4,-5.54,21.5,0,0.0,14403.0,58.4,0.0,86.9,4085.0,316460.0,5.92,4.73,7.3,63291923.0,2024-11,1.2626262626262625,1.7676767676767675,6.944444444444445,2.859848484848485
Nagaland,23.061290322580643,1241.0,0.4080645161290323,-70.39354838709677,0,7.387096774193548,124807.0,48.70967741935484,7.593548387096774,105.50967741935484,4921.1612903225805,309981.8387096774,6.0600000000000005,5.95741935483871,10.587096774193547,63553.93548387097,2025-01,59.97474747474747,66.66666666666666,72.6010101010101,65.47348484848484
Nagaland,25.22142857142857,1153.9,1.1721428571428572,-69.50714285714285,0,7.785714285714286,112526.0,49.767857142857146,7.7250000000000005,111.19642857142857,4979.142857142857,309824.39285714284,6.103214285714286,5.716071428571429,9.985714285714286,63419.142857142855,2025-02,79.16666666666666,74.74747474747475,43.43434343434344,68.68686868686868
Nagaland,27.603225806451615,1192.2,0.8858064516129032,-71.54193548387097,0,7.548387096774194,344841.0,50.832258064516125,7.712903225806452,109.8483870967742,5162.451612903225,311178.5483870968,6.029677419354838,5.823870967741935,10.303225806451612,57481.354838709674,2025-03,71.46464646464646,65.02525252525253,55.42929292929293,65.20202020202021
Nagaland,29.84,1213.0,0.8706666666666667,-70.08666666666666,0,7.2,342063.0,50.23666666666667,7.510000000000001,110.34333333333333,5026.433333333333,309442.56666666665,5.928,5.749333333333333,10.666666666666666,57102.833333333336,2025-04,59.21717171717171,57.44949494949495,51.89393939393939,56.76767676767676
Nagaland,31.293548387096774,1265.9,1.0235483870967743,-69.78064516129032,0,7.258064516129032,352484.0,49.89032258064517,7.438709677419355,115.14516129032258,4872.193548387097,310745.5806451613,5.985806451612904,5.661290322580645,10.441935483870967,59863.709677419356,2025-05,62.5,58.45959595959596,44.696969696969695,56.63510101010101
Nagaland,32.163333333333334,13864.1,1.4273333333333333,241.91666666666666,0,0.0,114480.0,50.99333333333333,4.026666666666666,111.31,5038.366666666667,309976.3,5.991333333333333,5.702333333333333,10.803333333333335,62367.4,2025-06,38.005050505050505,18.181818181818183,57.1969696969697,35.86489898989899
Nagaland,32.403225806451616,14119.4,0.7451612903225807,236.9806451612903,0,0.0,126041.0,49.71290322580645,3.8193548387096774,110.48064516129033,4965.903225806452,309244.1935483871,5.989032258064516,5.655483870967742,10.558064516129033,60746.83870967742,2025-07,29.797979797979796,20.32828282828283,47.0959595959596,30.80808080808081
Nagaland,30.629032258064516,13813.9,0.5835483870967741,229.68709677419355,0,0.0,123858.0,48.75483870967742,4.087096774193548,111.58387096774193,4964.290322580645,310342.0967741936,6.073548387096774,5.735483870967743,10.496774193548386,60170.83870967742,2025-08,28.030303030303028,35.47979797979798,56.186868686868685,37.676767676767675
Nagaland,28.263333333333332,13825.0,1.2903333333333333,240.96,0,0.0,121166.0,50.166666666666664,3.95,115.44666666666667,4846.5,309902.0,6.088666666666667,5.761333333333334,10.536666666666667,60988.666666666664,2025-09,35.858585858585855,21.59090909090909,60.73232323232324,37.08333333333333
Nagaland,25.24516129032258,4826.2,1.3129032258064517,15.180645161290323,0,0.0,443524.0,52.00645161290323,3.8677419354838714,113.21290322580644,4991.548387096775,310180.4516129032,6.026774193548387,5.738709677419355,10.600000000000001,60884.41935483871,2025-10,10.732323232323232,10.984848484848484,56.56565656565656,22.2790404040404
Nagaland,23.423333333333336,4581.9,0.5619999999999999,13.003333333333334,0,0.0,417857.0,49.11666666666667,3.783333333333333,111.09,4971.233333333334,309939.8,6.020666666666667,5.650666666666667,10.756666666666666,59645.3,2025-11,5.05050505050505,24.116161616161616,52.14646464646465,23.497474747474747
Nagaland,23.32903225806452,1248.9,0.8761290322580645,-70.19354838709677,0,7.516129032258065,428237.0,49.270967741935486,7.906451612903226,110.23225806451612,5055.967741935484,309516.03225806454,6.143870967741936,5.735483870967743,10.958064516129031,60314.967741935485,2025-12,69.1919191919192,73.35858585858585,71.5909090909091,71.25
Odisha,26.75,402.7,-0.28500000000000003,119.7,0,0.0,28383.0,56.5,9.5,110.3,5002.5,200487.0,8.059999999999999,7.11,11.8,40097351.0,2024-01,21.96969696969697,49.87373737373738,97.6010101010101,50.64393939393939
Odisha,26.950000000000003,90.1,-0.07000000000000006,-50.85,0,5.0,24733.0,64.7,3.8,92.0,5079.5,202443.5,9.1,7.165,11.3,40488653.0,2024-03,48.10606060606061,46.33838383838384,98.98989898989899,60.208333333333336
Odisha,27.2,0.0,0.2,-100.0,0,10.0,4258.0,51.9,21.0,99.3,4785.0,203923.0,8.21,7.68,9.7,40784513.0,2024-04,93.43434343434343,85.1010101010101,97.47474747474747,91.52777777777777
Odisha,29.4,110.1,2.39,20.1,0,0.0,12923.0,54.6,0.8,69.9,5380.0,204915.0,7.08,6.86,13.9,40983034.0,2024-05,16.54040404040404,3.2828282828282833,97.22222222222221,32.07070707070707
Odisha,32.1,179.8,5.06,96.2,0,0.0,15247.0,53.5,0.6,85.0,5160.0,205913.0,9.1,6.36,11.9,41182521.0,2024-06,26.136363636363637,3.6616161616161618,97.72727272727273,36.167929292929294
Odisha,28.5,170.9,1.47,86.4,0,0.0,19021.0,55.6,0.0,96.8,5336.0,206915.0,9.08,5.44,12.0,41382979.0,2024-07,22.095959595959595,2.272727272727273,96.46464646464646,33.75
Odisha,26.9,117.9,-0.13,28.7,0,0.0,15640.0,53.4,2.7,84.1,5538.0,207922.0,8.6,5.77,11.7,41584412.0,2024-08,5.42929292929293,6.944444444444445,95.95959595959596,28.592171717171716
Odisha,22.5,0.0,-4.47,-100.0,0,10.0,15064.0,54.7,30.7,85.8,4243.0,208934.0,8.52,4.75,11.4,41786827.0,2024-09,84.97474747474747,98.98989898989899,86.23737373737373,90.19570707070706
Odisha,21.6,0.0,-5.39,-100.0,0,10.0,7672.0,56.3,20.2,110.2,4209.0,209951.0,8.73,5.34,12.9,41990226.0,2024-10,82.82828282828282,83.58585858585859,96.33838383838383,86.47095959595958
Odisha,21.8,63.2,-5.21,-31.1,0,10.0,14148.0,55.7,23.6,132.2,5448.0,210973.0,8.72,5.9,13.1,42194616.0,2024-11,54.419191919191924,86.36363636363636,97.09595959595958,76.26893939393939
Odisha,22.541935483870965,916.4,1.028709677419355,-68.73870967741935,0,7.064516129032258,119925.0,50.17741935483871,7.648387096774194,111.09032258064516,5137.580645161291,205961.8064516129,8.57516129032258,5.784193548387097,10.8,57040.903225806454,2025-01,56.94444444444444,57.1969696969697,93.05555555555556,66.06060606060606
Odisha,23.610714285714288,807.8,0.8885714285714286,-69.48214285714286,0,7.892857142857143,107503.0,51.69285714285714,8.042857142857143,104.87857142857142,4811.892857142857,206510.5,8.458214285714286,5.541071428571429,10.674999999999999,57814.92857142857,2025-02,79.04040404040404,75.25252525252525,89.52020202020202,80.33459595959596
Odisha,25.75483870967742,848.4,0.92,-71.06129032258065,0,7.516129032258065,338472.0,50.62580645161291,8.141935483870968,108.16774193548386,4956.193548387097,206977.87096774194,8.56,5.623225806451613,10.561290322580644,56701.06451612903,2025-03,70.2020202020202,72.72727272727273,90.40404040404042,76.13636363636364
Odisha,28.86,836.5,0.6753333333333333,-70.49,0,7.5,329997.0,50.06666666666667,7.753333333333333,111.12666666666668,5064.233333333334,206911.9,8.430666666666667,5.999333333333333,11.270000000000001,60876.46666666667,2025-04,65.9090909090909,66.91919191919192,95.70707070707071,73.71212121212122
Odisha,31.038709677419355,834.6,0.8558064516129033,-71.53225806451613,0,7.451612903225806,348049.0,49.94193548387097,7.870967741935484,110.74193548387096,5125.806451612903,205791.25806451612,8.626129032258065,5.71516129032258,10.248387096774193,59039.8064516129,2025-05,67.04545454545455,69.57070707070707,90.53030303030303,73.80050505050505
Odisha,31.546666666666667,9759.6,1.1943333333333332,244.04,0,0.0,116897.0,49.806666666666665,3.8,112.35666666666665,5138.233333333334,206818.13333333333,8.513333333333334,5.877666666666666,10.076666666666666,61232.433333333334,2025-06,36.48989898989899,19.318181818181817,90.9090909090909,44.08459595959596
Odisha,30.593548387096774,10202.0,0.5958064516129032,248.03870967741935,0,0.0,117598.0,50.96451612903226,4.058064516129032,112.04193548387097,5011.935483870968,206749.2258064516,8.483225806451614,5.819999999999999,10.687096774193549,59729.0,2025-07,32.70202020202021,19.94949494949495,91.91919191919192,43.042929292929294
Odisha,28.951612903225808,10562.6,1.2119354838709677,260.35161290322577,0,0.0,120043.0,50.11612903225806,4.145161290322581,110.16129032258064,5185.967741935484,207117.1935483871,8.538709677419355,5.815806451612903,10.738709677419354,62192.25806451613,2025-08,46.21212121212121,29.166666666666668,92.8030303030303,51.89393939393939
Odisha,27.273333333333333,9628.2,0.6536666666666666,239.41333333333333,0,0.0,116626.0,50.88666666666666,4.016666666666667,112.82666666666667,5078.766666666666,206935.83333333334,8.574000000000002,5.754666666666666,10.973333333333333,57443.566666666666,2025-09,30.05050505050505,18.81313131313131,93.43434343434343,41.963383838383834
Odisha,24.46451612903226,3472.3,1.3619354838709676,18.461290322580645,0,0.0,422025.0,50.29677419354839,4.003225806451613,111.40967741935484,5106.709677419355,206695.7741935484,8.51,5.942258064516129,11.009677419354839,57343.6129032258,2025-10,13.005050505050505,23.106060606060606,95.32828282828282,37.12121212121212
Odisha,22.423333333333336,3500.1,0.5239999999999999,23.383333333333333,0,0.0,411904.0,50.943333333333335,3.996666666666667,111.59666666666666,4933.166666666667,206387.16666666666,8.598666666666666,5.775,10.423333333333334,59052.13333333333,2025-11,7.3232323232323235,17.55050505050505,91.66666666666666,31.98863636363636
Odisha,21.53548387096774,918.2,1.0264516129032257,-68.65483870967742,0,7.451612903225806,434173.0,49.32258064516129,7.774193548387097,108.80322580645162,5140.806451612903,206424.12903225806,8.567741935483872,5.948064516129032,10.80967741935484,59717.54838709677,2025-12,67.2979797979798,69.82323232323232,95.2020202020202,75.15782828282829
Puducherry,24.94511720171841,670.8642753358856,-2.84,55.45,0,0.0,23055.0,54.599999999999994,5.6,83.30000000000001,4882.0,282913.08752871276,4.1,5.470000000000001,6.25,100243377.5,2024-01,4.103535353535354,39.07828282828283,3.7247474747474745,16.25
Puducherry,28.392355810850297,219.71154831303076,-0.26,-49.3,0,5.0,21705.0,53.1,2.9,84.15,4930.0,246853.53943464544,3.365,5.890000000000001,5.85,101221632.0,2024-03,47.53787878787879,50.31565656565656,2.967171717171717,37.367424242424235
Puducherry,34.33124200356227,0.0,6.34,-100.0,0,10.0,5829.0,53.7,24.4,59.9,5318.0,193977.57798624603,5.16,6.16,5.5,101961282.0,2024-04,99.0530303030303,89.45707070707071,8.901515151515152,73.15656565656565
Puducherry,36.03455568952355,148.65374094450831,6.67,-33.9,0,10.0,11282.0,56.4,25.2,127.2,4346.0,215962.81493563185,4.73,5.56,5.4,102457584.0,2024-05,96.40151515151516,89.96212121212122,4.22979797979798,71.10479797979798
Puducherry,34.36898517964092,755.663067754787,5.39,291.4,0,0.0,5941.0,64.0,5.6,124.8,5105.0,239750.76472091913,3.92,4.67,6.0,102956301.0,2024-06,53.34595959595959,8.6489898989899,1.452020202020202,24.728535353535353
Puducherry,26.743933572172267,408.3446431690861,-2.44,107.9,0,0.0,13525.0,50.1,7.4,109.5,5253.0,315606.4724994461,4.58,4.67,5.9,103457446.0,2024-07,16.224747474747474,48.29545454545455,2.462121212121212,24.008838383838384
Puducherry,27.747770626542433,197.5769235110767,1.15,-6.1,0,0.0,18181.0,57.0,13.3,89.8,4987.0,178893.6267370559,4.03,4.52,4.1,103961031.0,2024-08,5.871212121212121,53.09343434343434,0.1893939393939394,20.97853535353535
Puducherry,27.131480589993497,0.0,-1.76,-100.0,0,10.0,9693.0,53.0,22.9,89.5,5076.0,196821.84349603087,4.89,3.9,5.2,104467066.0,2024-09,89.83585858585859,86.17424242424242,1.073232323232323,66.36363636363637
Puducherry,22.699099402030395,0.0,-4.16,-100.0,0,10.0,10026.0,55.0,28.4,99.8,4836.0,224249.31256195085,3.77,4.18,8.7,104975565.0,2024-10,86.5530303030303,96.78030303030303,1.9570707070707072,68.98358585858585
Puducherry,24.21147832793855,224.89250785818425,-2.66,7.6,0,0.0,12372.0,50.7,7.5,86.8,4848.0,316429.45095298614,4.76,4.99,7.8,105486539.0,2024-11,2.083333333333333,48.042929292929294,5.23989898989899,18.958333333333332
Puducherry,19.009677419354837,2019.6,0.7593548387096773,-69.46451612903226,0,7.258064516129032,51756.0,51.329032258064515,7.806451612903226,115.19677419354838,5124.322580645161,107095.32258064517,5.830322580645162,5.538064516129032,10.619354838709677,60825.967741935485,2025-01,59.46969696969697,59.59595959595959,36.23737373737374,53.705808080808076
Puducherry,20.90357142857143,1841.7,0.8967857142857143,-69.15357142857142,0,7.75,47386.0,49.07142857142857,8.071428571428571,110.04642857142858,4957.678571428572,107349.25,5.781071428571429,6.021785714285714,10.478571428571428,59186.53571428572,2025-02,76.51515151515152,79.04040404040404,61.61616161616161,73.67424242424242
Puducherry,22.925806451612903,1966.1,0.9835483870967742,-70.25806451612904,0,7.258064516129032,152002.0,50.167741935483875,7.554838709677419,109.60967741935484,5059.064516129032,107794.19354838709,5.769677419354839,5.717096774193548,10.432258064516128,61659.0,2025-03,62.247474747474755,59.34343434343434,38.76262626262626,55.359848484848484
Puducherry,25.52,1959.7,0.853,-69.36999999999999,0,7.8,138440.0,47.60666666666667,8.29,108.90333333333334,5062.366666666667,107143.16666666667,5.820666666666667,5.720666666666667,10.59,59465.3,2025-04,77.14646464646465,81.06060606060606,43.813131313131315,70.1830808080808
Puducherry,27.325806451612905,2006.7,1.2941935483870968,-69.66129032258064,0,7.612903225806452,148133.0,47.670967741935485,7.622580645161291,108.73870967741935,5118.967741935484,107382.87096774194,5.760322580645161,5.675806451612903,10.503225806451614,58715.354838709674,2025-05,76.76767676767676,76.13636363636364,38.131313131313135,66.88762626262627
Puducherry,28.436666666666667,22721.2,0.6226666666666667,255.13666666666668,0,0.0,51098.0,50.39666666666667,4.34,107.15,5005.833333333333,107460.4,5.733333333333333,6.040333333333334,10.873333333333333,59227.566666666666,2025-06,36.61616161616162,33.33333333333333,69.94949494949495,43.80050505050505
Puducherry,27.73225806451613,23536.4,1.0258064516129033,256.0,0,0.0,51971.0,48.803225806451614,3.8806451612903223,106.53225806451613,5097.709677419355,107615.64516129032,5.82774193548387,5.6812903225806455,10.37741935483871,61605.41935483871,2025-07,43.30808080808081,29.545454545454547,38.51010101010101,37.29166666666667
Puducherry,26.816129032258065,22206.6,1.2532258064516129,235.89354838709676,0,0.0,52587.0,50.99354838709677,4.093548387096774,108.32903225806452,4942.129032258064,107534.6129032258,5.777096774193549,5.752580645161291,10.380645161290323,60191.67741935484,2025-08,33.207070707070706,20.95959595959596,40.025252525252526,30.625
Puducherry,23.816666666666666,21637.0,0.6623333333333333,238.17999999999998,0,0.0,49289.0,51.55333333333333,3.9433333333333334,103.31,5035.266666666666,107386.26666666666,5.795,5.653333333333333,10.103333333333333,59069.566666666666,2025-09,29.419191919191917,12.878787878787879,33.58585858585859,24.671717171717173
Puducherry,21.009677419354837,7528.900000000001,0.7058064516129032,13.89032258064516,0,0.0,184842.0,49.8258064516129,3.9838709677419355,115.71612903225807,4983.258064516129,107197.87096774194,5.688709677419355,5.647741935483872,9.94516129032258,59878.06451612903,2025-10,5.681818181818182,25.37878787878788,31.565656565656564,19.046717171717173
Puducherry,19.35,7958.6,0.37,24.39,0,0.0,175697.0,49.65,4.1433333333333335,109.81666666666666,5213.133333333333,107698.83333333333,5.806,5.703,10.203333333333335,60083.73333333333,2025-11,6.313131313131313,32.196969696969695,36.48989898989899,22.916666666666664
Puducherry,18.438709677419357,1964.2,0.8390322580645161,-70.29032258064517,0,7.193548387096774,179895.0,50.11612903225806,7.564516129032258,107.84193548387097,5090.419354838709,107435.29032258065,5.804193548387097,5.708709677419355,10.638709677419355,56372.6129032258,2025-12,58.080808080808076,58.333333333333336,43.18181818181818,54.44444444444444
Punjab,30.0,150.3,-2.0050000000000003,125.55,0,0.0,52466.0,79.80000000000001,3.4499999999999997,90.55,12284.5,300730.0,5.8,5.93,9.8,60146026.5,2024-01,18.497474747474747,1.452020202020202,39.70959595959596,17.83459595959596
Punjab,32.45,35.5,0.43999999999999995,-46.8,0,5.0,61125.0,82.85,6.699999999999999,123.64999999999999,12547.5,303665.0,6.095000000000001,6.49,11.350000000000001,60732979.5,2024-03,48.54797979797979,44.50757575757576,84.91161616161617,56.224747474747474
Punjab,37.6,0.0,5.56,-100.0,0,10.0,10969.0,79.3,26.1,102.2,12483.0,305884.0,5.31,6.45,8.4,61176769.0,2024-04,98.42171717171718,84.53282828282829,31.25,76.76767676767678
Punjab,35.9,27.6,3.94,-17.3,0,0.0,35939.0,75.6,4.6,89.0,12546.0,307373.0,5.61,6.82,7.3,61474550.0,2024-05,19.76010101010101,2.840909090909091,35.66919191919192,17.815656565656568
Punjab,35.8,28.2,3.78,-15.5,0,0.0,38699.0,91.3,1.9,82.7,12985.0,308869.0,5.72,5.86,6.6,61773781.0,2024-06,18.75,0.31565656565656564,14.835858585858585,11.319444444444443
Punjab,31.5,128.4,-0.53,285.2,0,0.0,40704.0,93.9,3.1,76.1,12960.0,310372.0,5.8,5.4,8.3,62074468.0,2024-07,42.48737373737374,0.5681818181818182,18.623737373737374,21.849747474747474
Punjab,35.3,30.8,3.29,-7.5,0,0.0,45004.0,92.0,3.0,95.0,12644.0,311883.0,5.95,4.78,6.0,62376618.0,2024-08,17.108585858585858,1.073232323232323,5.6186868686868685,8.623737373737374
Punjab,30.7,0.0,-1.35,-100.0,0,10.0,39452.0,89.1,24.6,115.9,11626.0,313401.0,6.16,5.33,9.0,62680240.0,2024-09,91.47727272727273,82.63888888888889,27.46212121212121,72.3800505050505
Punjab,33.8,0.0,1.83,-100.0,0,10.0,37826.0,90.2,20.0,122.5,11955.0,314927.0,6.11,5.14,6.5,62985339.0,2024-10,94.88636363636364,81.50252525252525,9.154040404040405,68.7689393939394
Punjab,26.7,23.8,-5.26,-28.7,0,10.0,27535.0,83.9,21.7,93.8,12890.0,316460.0,6.85,5.36,12.3,63291923.0,2024-11,54.22979797979798,81.7550505050505,82.13383838383838,70.83964646464646
Punjab,28.719354838709677,331.7,1.1135483870967744,-69.75806451612904,0,7.32258064516129,319009.0,51.05483870967742,7.65483870967742,109.94193548387096,5050.806451612903,309718.29032258067,5.973225806451612,5.5,10.903225806451612,59261.967741935485,2025-01,64.8989898989899,59.21717171717171,43.93939393939394,57.67045454545454
Punjab,30.12857142857143,291.9,1.2964285714285713,-70.53214285714286,0,7.178571428571429,276262.0,50.65,7.682142857142857,110.46428571428571,5057.714285714285,309999.64285714284,5.951785714285714,5.794642857142857,10.596428571428572,60625.5,2025-02,63.76262626262626,58.080808080808076,56.313131313131315,59.91161616161616
Punjab,32.5258064516129,323.5,0.30580645161290326,-70.50967741935484,0,7.419354838709677,873169.0,48.57096774193548,7.725806451612903,112.09032258064516,4982.354838709677,309375.87096774194,5.9312903225806455,5.701612903225806,10.567741935483872,60889.06451612903,2025-03,59.84848484848485,70.83333333333334,47.474747474747474,60.599747474747474
Punjab,34.78333333333333,318.4,0.9806666666666666,-70.00666666666666,8,7.433333333333334,839647.0,49.64333333333333,7.956666666666666,107.57333333333332,4943.333333333333,309615.6,5.981,5.827333333333333,10.59,58906.166666666664,2025-04,82.07070707070707,71.21212121212122,60.858585858585855,72.96717171717172
Punjab,36.564516129032256,341.9,1.5983870967741935,-68.83870967741936,8,7.32258064516129,843268.0,50.71935483870968,7.65483870967742,106.09677419354838,4816.741935483871,309862.87096774194,5.936451612903226,5.8667741935483875,10.712903225806452,60232.74193548387,2025-05,83.08080808080808,60.1010101010101,65.27777777777779,70.5871212121212
Punjab,38.333333333333336,3651.3,1.472,243.97666666666666,58,0.0,300451.0,48.84666666666667,5.086666666666667,108.14666666666668,5036.033333333334,310306.8333333333,5.897333333333333,5.931,10.346666666666666,57979.3,2025-06,84.46969696969697,42.92929292929293,57.44949494949495,63.17550505050505
Punjab,37.748387096774195,3835.5,0.8074193548387097,249.67419354838708,0,0.0,299486.0,51.141935483870974,4.312903225806451,111.71612903225805,4946.064516129032,309520.2580645161,5.89483870967742,5.8103225806451615,10.516129032258064,59584.58064516129,2025-07,35.60606060606061,27.77777777777778,51.388888888888886,36.811868686868685
Punjab,35.4741935483871,3676.9,1.1029032258064515,235.22903225806454,0,0.0,311629.0,50.596774193548384,4.083870967741936,104.69677419354838,4924.935483870968,309478.96774193546,5.875806451612903,5.690645161290322,10.832258064516129,59016.06451612903,2025-08,31.313131313131315,23.863636363636363,49.87373737373738,33.3459595959596
Punjab,33.36333333333333,3764.1,0.8716666666666666,254.60333333333335,0,0.0,302808.0,48.333333333333336,3.7133333333333334,109.78999999999999,4902.2,310468.9666666667,5.986666666666666,5.768666666666666,10.286666666666667,61905.9,2025-09,40.025252525252526,27.02020202020202,48.358585858585855,37.55681818181818
Punjab,30.712903225806453,1306.2,1.1070967741935485,19.080645161290324,0,0.0,1051857.0,50.83870967741935,3.92258064516129,108.62258064516129,5032.5161290322585,309758.70967741933,5.967096774193548,5.64,10.548387096774194,57489.290322580644,2025-10,10.47979797979798,15.530303030303031,44.94949494949495,20.86489898989899
Punjab,28.46333333333333,1266.2,0.36333333333333334,19.25,0,0.0,1038218.0,50.769999999999996,4.096666666666667,102.98,5090.466666666666,310291.36666666664,5.977,5.6386666666666665,10.1,62203.166666666664,2025-11,5.303030303030303,22.853535353535353,37.24747474747475,19.43181818181818
Punjab,28.080645161290324,313.4,1.138709677419355,-71.42903225806452,0,6.806451612903226,1051127.0,48.68709677419355,7.358064516129032,109.42903225806452,5233.032258064516,310042.8387096774,5.985483870967743,5.809354838709678,10.387096774193548,59837.77419354839,2025-12,55.3030303030303,54.92424242424242,53.03030303030303,54.60227272727273
Rajasthan,26.25,148.8,-5.775,123.25,0,0.0,30253.0,37.650000000000006,8.55,85.55,5431.0,300730.0,5.955,6.359999999999999,9.55,60146026.5,2024-01,4.41919191919192,52.52525252525253,71.71717171717171,38.08080808080808
Rajasthan,34.3,22.5,2.29,-66.2,0,10.0,28682.0,33.0,26.200000000000003,99.9,5854.0,303665.0,6.02,6.725,7.35,60732979.5,2024-03,93.81313131313132,98.86363636363636,46.717171717171716,83.80681818181819
Rajasthan,36.3,0.0,4.31,-100.0,0,10.0,5894.0,33.7,23.9,132.0,6280.0,305884.0,5.97,7.03,5.1,61176769.0,2024-04,97.72727272727273,96.33838383838383,30.808080808080806,80.51136363636364
Rajasthan,37.2,24.7,5.15,-25.8,0,10.0,16936.0,33.3,27.1,123.5,6185.0,307373.0,6.07,5.75,10.5,61474550.0,2024-05,94.1919191919192,99.62121212121212,57.7020202020202,86.96969696969697
Rajasthan,39.4,105.8,7.38,217.4,0,0.0,17614.0,27.1,6.3,77.5,5403.0,308869.0,5.95,5.93,7.3,61773781.0,2024-06,52.3989898989899,52.3989898989899,25.0,45.54924242424242
Rajasthan,32.4,85.9,0.43,157.6,0,0.0,18515.0,46.2,10.2,112.8,6250.0,310372.0,6.64,5.61,10.2,62074468.0,2024-07,24.494949494949495,52.27272727272727,70.95959595959596,45.83333333333333
Rajasthan,30.2,19.5,-1.75,-41.5,0,10.0,11516.0,31.1,23.4,87.6,5916.0,311883.0,5.94,5.11,7.6,62376618.0,2024-08,84.21717171717171,96.46464646464646,12.373737373737374,70.54292929292929
Rajasthan,31.4,0.0,-0.65,-100.0,0,10.0,16300.0,38.7,19.1,78.5,6120.0,313401.0,6.43,5.29,11.1,62680240.0,2024-09,91.79292929292929,85.47979797979798,58.207070707070706,81.18686868686869
Rajasthan,24.9,0.0,-7.13,-100.0,0,10.0,20373.0,22.3,22.2,94.3,6550.0,314927.0,5.64,5.04,6.4,62985339.0,2024-10,67.17171717171718,97.72727272727273,6.4393939393939394,62.68308080808081
Rajasthan,25.7,28.5,-6.3,-14.6,0,0.0,20040.0,37.5,1.3,90.7,5947.0,316460.0,6.29,5.44,5.3,63291923.0,2024-11,1.0101010101010102,20.58080808080808,9.469696969696969,9.974747474747474
Rajasthan,27.57741935483871,331.4,0.7964516129032259,-70.54516129032258,0,7.580645161290323,145467.0,50.832258064516125,7.72258064516129,107.79032258064517,5075.645161290323,309300.06451612903,6.069677419354838,5.596129032258064,10.058064516129033,61461.48387096774,2025-01,70.32828282828282,65.53030303030303,38.005050505050505,60.56818181818181
Rajasthan,28.717857142857145,307.4,0.5296428571428572,-69.75714285714285,0,7.642857142857143,127487.0,51.63928571428572,7.964285714285714,106.58928571428571,5082.75,310664.35714285716,6.091071428571429,5.554642857142857,10.367857142857144,62719.92857142857,2025-02,68.43434343434343,69.1919191919192,41.41414141414141,61.94444444444444
Rajasthan,31.02258064516129,327.8,1.0270967741935484,-70.87096774193549,0,7.290322580645161,416058.0,50.00322580645161,7.570967741935483,107.13548387096773,4811.677419354839,309233.12903225806,6.102258064516128,5.960967741935484,10.51290322580645,59207.032258064515,2025-03,63.888888888888886,60.35353535353535,72.85353535353535,64.89267676767676
Rajasthan,33.67666666666666,314.4,0.926,-71.12333333333332,5,7.666666666666667,397590.0,51.39666666666667,8.04,109.51333333333334,5012.3,310740.56666666665,6.019666666666667,5.868666666666667,10.663333333333332,57186.73333333333,2025-04,81.94444444444444,71.46464646464646,68.18181818181817,74.83585858585859
Rajasthan,35.65806451612904,357.7,0.7951612903225808,-68.21612903225805,5,7.516129032258065,402353.0,50.61612903225806,7.596774193548387,112.11935483870967,4994.322580645161,309610.67741935485,6.16,5.861612903225807,10.712903225806452,61630.12903225807,2025-05,77.90404040404042,62.37373737373737,73.48484848484848,71.36363636363637
Rajasthan,36.55333333333333,3543.0,1.2916666666666667,225.26666666666668,20,0.0,138578.0,49.25666666666667,4.283333333333333,108.2,4814.933333333333,307414.23333333334,6.151,5.513333333333334,10.59,61274.3,2025-06,50.505050505050505,36.868686868686865,46.464646464646464,44.72222222222223
Rajasthan,35.99032258064516,3986.6,1.1038709677419354,254.2,0,0.0,147448.0,49.24516129032258,3.9935483870967743,110.25806451612904,5000.4838709677415,308886.03225806454,6.08225806451613,5.78774193548387,10.46774193548387,58853.3870967742,2025-07,42.92929292929293,30.05050505050505,60.60606060606061,42.84090909090909
Rajasthan,34.88709677419355,4083.3,1.1712903225806452,262.758064516129,0,0.0,143893.0,51.23225806451613,3.92258064516129,111.30967741935484,4961.774193548387,309404.12903225806,6.081935483870968,5.6974193548387095,10.948387096774193,58801.77419354839,2025-08,46.717171717171716,13.636363636363635,66.41414141414141,40.06313131313131
Rajasthan,32.056666666666665,3927.4,1.2093333333333334,260.56,0,0.0,141162.0,51.86666666666667,4.02,105.02,4974.766666666666,308916.1,6.1146666666666665,5.702,10.726666666666667,60076.4,2025-09,46.33838383838384,13.131313131313133,62.62626262626263,38.78787878787879
Rajasthan,29.338709677419356,1397.4,0.7606451612903226,24.148387096774194,0,0.0,523701.0,51.34193548387096,4.070967741935484,103.70967741935483,4838.419354838709,309205.32258064515,6.041935483870968,5.646451612903226,10.206451612903225,60874.16129032258,2025-10,9.595959595959595,17.2979797979798,41.28787878787879,20.214646464646464
Rajasthan,27.35,1295.0,1.272,18.910000000000004,0,0.0,490836.0,51.12,3.9866666666666664,104.91333333333334,5170.866666666667,310263.0,6.092,5.7620000000000005,10.346666666666666,62089.46666666667,2025-11,12.121212121212121,15.782828282828282,55.17676767676768,24.166666666666668
Rajasthan,26.674193548387095,331.9,0.8132258064516129,-70.52258064516128,0,7.483870967741935,503227.0,47.561290322580646,7.735483870967743,109.50322580645161,5044.4838709677415,309686.7419354839,6.055483870967742,5.764193548387096,10.319354838709677,61803.16129032258,2025-12,66.91919191919192,75.63131313131312,51.641414141414145,66.1489898989899
Sikkim,11.05,407.5,-3.955,103.75,0,0.0,30581.0,54.65,3.2,107.4,5185.5,300730.0,5.41,6.07,8.95,60146026.5,2024-01,6.0606060606060606,7.7020202020202015,30.05050505050505,12.632575757575758
Sikkim,16.25,98.5,1.28,-50.75,0,5.0,25369.0,59.099999999999994,1.95,90.65,5118.0,303665.0,6.365,6.545,9.45,60732979.5,2024-03,49.74747474747475,44.94949494949495,80.3030303030303,55.7070707070707
Sikkim,18.2,0.0,3.18,-100.0,0,10.0,4404.0,44.3,29.1,162.8,5528.0,305884.0,6.25,6.56,8.7,61176769.0,2024-04,96.21212121212122,99.4949494949495,75.0,92.0580808080808
Sikkim,21.0,70.7,6.0,-29.3,0,10.0,15670.0,56.4,24.8,110.4,5323.0,307373.0,6.37,5.73,11.6,61474550.0,2024-05,95.2020202020202,88.88888888888889,79.29292929292929,89.0151515151515
Sikkim,19.5,334.8,4.53,234.8,0,0.0,16667.0,54.0,5.3,97.0,4903.0,308869.0,6.04,5.68,8.8,61773781.0,2024-06,50.0,37.5,30.555555555555557,40.763888888888886
Sikkim,14.2,317.7,-0.84,217.7,0,0.0,18401.0,40.3,6.8,113.1,5097.0,310372.0,5.98,4.78,12.0,62074468.0,2024-07,26.262626262626267,50.505050505050505,32.323232323232325,36.26262626262626
Sikkim,13.7,117.1,-1.33,17.1,0,0.0,14944.0,60.6,3.8,119.0,4614.0,311883.0,6.02,5.07,10.9,62376618.0,2024-08,3.787878787878788,5.808080808080808,31.439393939393938,11.407828282828284
Sikkim,11.0,0.0,-4.03,-100.0,0,10.0,16221.0,48.1,22.1,87.5,5431.0,313401.0,5.49,4.94,8.5,62680240.0,2024-09,86.9949494949495,86.61616161616162,9.343434343434344,67.44949494949495
Sikkim,7.4,0.0,-7.59,-100.0,0,10.0,14288.0,58.6,26.5,110.3,4679.0,314927.0,6.42,4.3,8.8,62985339.0,2024-10,61.74242424242424,91.41414141414141,11.237373737373737,59.50126262626262
Sikkim,10.5,72.9,-4.48,-27.1,0,10.0,13037.0,58.8,27.4,123.8,5354.0,316460.0,5.7,5.43,9.9,63291923.0,2024-11,55.80808080808081,94.06565656565657,29.419191919191917,62.601010101010104
Sikkim,9.935483870967742,1055.1,1.1858064516129032,-71.2258064516129,0,7.709677419354839,130783.0,49.45161290322581,7.806451612903226,107.64838709677419,4959.580645161291,308804.1612903226,5.953548387096775,5.6977419354838705,10.077419354838709,58726.41935483871,2025-01,78.15656565656566,75.12626262626263,38.63636363636363,67.2159090909091
Sikkim,11.632142857142856,1027.3,1.397857142857143,-68.97142857142858,0,7.285714285714286,118876.0,52.65714285714286,7.632142857142858,110.41428571428571,5042.25,308891.21428571426,5.931785714285715,5.528214285714285,10.407142857142857,60032.71428571428,2025-02,66.79292929292929,55.3030303030303,36.11111111111111,55.1010101010101
Sikkim,13.787096774193548,1119.6,1.0074193548387096,-69.47096774193548,0,7.612903225806452,369561.0,48.18709677419355,7.893548387096774,110.47096774193548,4979.032258064516,309997.03225806454,6.06258064516129,5.877419354838709,10.738709677419354,64335.903225806454,2025-03,73.61111111111111,77.77777777777779,72.09595959595958,74.69065656565657
Sikkim,16.516666666666666,1053.9,0.58,-70.3,0,7.966666666666667,369985.0,49.15333333333333,8.17,112.03999999999999,5086.8,309690.0,5.971,5.4366666666666665,10.446666666666665,61097.5,2025-04,78.28282828282829,80.42929292929293,34.217171717171716,68.01767676767678
Sikkim,18.306451612903224,1098.5,1.0487096774193547,-70.03548387096774,0,7.612903225806452,377473.0,51.03548387096774,7.632258064516129,108.36451612903227,5008.4838709677415,311265.3870967742,5.98258064516129,5.814193548387097,10.52258064516129,62194.22580645161,2025-05,74.36868686868688,64.39393939393939,58.080808080808076,66.80555555555556
Sikkim,19.34333333333333,12345.0,1.1736666666666666,247.92999999999998,0,0.0,126079.0,52.019999999999996,3.8633333333333337,118.38666666666667,5300.1,308638.6,5.9366666666666665,5.961333333333333,10.623333333333333,65269.6,2025-06,38.88888888888889,10.732323232323232,68.68686868686868,36.483585858585855
Sikkim,18.76774193548387,12687.1,1.284516129032258,246.05161290322582,0,0.0,135031.0,52.81935483870968,3.987096774193548,107.52580645161291,5080.419354838709,309391.32258064515,6.021612903225806,5.853870967741935,10.770967741935483,60486.83870967742,2025-07,39.015151515151516,10.606060606060606,69.6969696969697,36.74242424242425
Sikkim,17.08709677419355,12765.8,1.182258064516129,248.19354838709677,0,0.0,134352.0,48.167741935483875,4.132258064516129,115.15806451612903,4984.709677419355,310541.3870967742,5.934193548387097,5.951935483870967,10.40967741935484,58336.41935483871,2025-08,39.39393939393939,37.878787878787875,63.25757575757576,44.82954545454545
Sikkim,15.066666666666666,11661.0,0.7176666666666667,228.67666666666668,0,0.0,125105.0,51.32,3.9266666666666667,111.3,5012.066666666667,308974.7,5.945333333333334,5.593999999999999,10.513333333333332,60522.46666666667,2025-09,28.28282828282828,13.51010101010101,40.782828282828284,26.237373737373737
Sikkim,11.806451612903226,4496.6,0.9629032258064517,22.651612903225807,0,0.0,457561.0,49.81612903225806,3.735483870967742,117.63870967741936,5031.548387096775,309516.77419354836,5.918709677419354,5.9070967741935485,10.86774193548387,61091.1935483871,2025-10,10.984848484848484,16.54040404040404,70.32828282828282,27.765151515151516
Sikkim,10.129999999999999,4561.3,0.7623333333333334,28.55666666666667,0,0.0,455516.0,50.64,4.16,109.53666666666666,5019.066666666667,309418.1666666667,6.021,5.67,10.633333333333333,59472.2,2025-11,11.994949494949495,26.01010101010101,50.88383838383839,26.622474747474747
Sikkim,9.458064516129031,1104.7,0.35258064516129034,-69.86451612903227,0,7.612903225806452,453568.0,49.932258064516134,8.012903225806452,115.77741935483871,4926.645161290323,309870.51612903224,5.974838709677419,5.651612903225806,10.45483870967742,58639.93548387097,2025-12,64.64646464646465,75.0,43.686868686868685,63.03030303030303
Tamil Nadu,25.15,647.9,-2.84,55.45,0,0.0,23055.0,54.599999999999994,5.6,83.30000000000001,4882.0,501217.0,4.1,5.470000000000001,6.25,100243377.5,2024-01,4.103535353535354,39.07828282828283,3.7247474747474745,16.25
Tamil Nadu,27.75,211.3,-0.26,-49.3,0,5.0,21705.0,53.1,2.9,84.15,4930.0,506108.0,3.365,5.890000000000001,5.85,101221632.0,2024-03,47.53787878787879,50.31565656565656,2.967171717171717,37.367424242424235
Tamil Nadu,34.3,0.0,6.34,-100.0,0,10.0,5829.0,53.7,24.4,59.9,5318.0,509806.0,5.16,6.16,5.5,101961282.0,2024-04,99.0530303030303,89.45707070707071,8.901515151515152,73.15656565656565
Tamil Nadu,34.7,137.7,6.67,-33.9,0,10.0,11282.0,56.4,25.2,127.2,4346.0,512288.0,4.73,5.56,5.4,102457584.0,2024-05,96.40151515151516,89.96212121212122,4.22979797979798,71.10479797979798
Tamil Nadu,33.4,815.3,5.39,291.4,0,0.0,5941.0,64.0,5.6,124.8,5105.0,514782.0,3.92,4.67,6.0,102956301.0,2024-06,53.34595959595959,8.6489898989899,1.452020202020202,24.728535353535353
Tamil Nadu,25.6,433.1,-2.44,107.9,0,0.0,13525.0,50.1,7.4,109.5,5253.0,517287.0,4.58,4.67,5.9,103457446.0,2024-07,16.224747474747474,48.29545454545455,2.462121212121212,24.008838383838384
Tamil Nadu,29.2,195.6,1.15,-6.1,0,0.0,18181.0,57.0,13.3,89.8,4987.0,519805.0,4.03,4.52,4.1,103961031.0,2024-08,5.871212121212121,53.09343434343434,0.1893939393939394,20.97853535353535
Tamil Nadu,26.2,0.0,-1.76,-100.0,0,10.0,9693.0,53.0,22.9,89.5,5076.0,522335.0,4.89,3.9,5.2,104467066.0,2024-09,89.83585858585859,86.17424242424242,1.073232323232323,66.36363636363637
Tamil Nadu,23.8,0.0,-4.16,-100.0,0,10.0,10026.0,55.0,28.4,99.8,4836.0,524878.0,3.77,4.18,8.7,104975565.0,2024-10,86.5530303030303,96.78030303030303,1.9570707070707072,68.98358585858585
Tamil Nadu,25.3,224.2,-2.66,7.6,0,0.0,12372.0,50.7,7.5,86.8,4848.0,527433.0,4.76,4.99,7.8,105486539.0,2024-11,2.083333333333333,48.042929292929294,5.23989898989899,18.958333333333332
Tamil Nadu,24.26774193548387,2022.3,1.4493548387096775,-70.62258064516129,0,8.03225806451613,102037.0,51.432258064516134,7.993548387096775,108.80967741935484,4958.709677419355,515182.12903225806,4.139354838709677,5.792903225806452,10.67741935483871,60105.967741935485,2025-01,83.58585858585859,77.3989898989899,17.045454545454543,64.78535353535354
Tamil Nadu,25.771428571428572,1810.7,1.102142857142857,-70.87857142857142,0,7.285714285714286,92474.0,49.43928571428571,7.925,108.28928571428571,4999.214285714285,515169.60714285716,4.201071428571429,5.9071428571428575,10.725,59786.57142857143,2025-02,64.52020202020202,68.05555555555556,21.338383838383837,54.96212121212121
Tamil Nadu,28.05483870967742,2123.0,0.7554838709677419,-69.1741935483871,0,7.548387096774194,299709.0,48.561290322580646,7.774193548387097,110.0258064516129,4996.064516129032,515456.7419354839,4.21225806451613,5.676451612903226,10.203225806451613,57761.8064516129,2025-03,67.42424242424242,74.62121212121212,13.762626262626263,56.52777777777778
Tamil Nadu,30.23,1975.0,0.5273333333333333,-70.35333333333332,0,7.8,277389.0,50.24666666666667,8.066666666666666,104.49666666666667,5206.8,516266.5333333333,4.245,5.58,10.846666666666666,59228.566666666666,2025-04,73.86363636363636,77.52525252525253,15.909090909090908,60.656565656565654
Tamil Nadu,32.303225806451614,2130.7,1.025483870967742,-69.06451612903226,0,7.161290322580645,290532.0,49.593548387096774,7.796774193548386,115.06129032258065,4987.258064516129,516167.67741935485,4.273548387096774,5.773548387096774,10.306451612903226,61493.032258064515,2025-05,59.34343434343434,61.86868686868687,16.28787878787879,49.46338383838384
Tamil Nadu,32.873333333333335,22826.8,0.9253333333333333,242.61333333333332,0,0.0,97217.0,49.193333333333335,3.9433333333333334,109.43666666666667,4989.7,514799.0333333333,4.199333333333334,5.604333333333333,10.653333333333334,57838.76666666667,2025-06,33.45959595959596,28.78787878787879,14.646464646464647,27.12121212121212
Tamil Nadu,32.348387096774196,23543.5,1.0090322580645161,241.96129032258065,0,0.0,103990.0,50.380645161290325,3.796774193548387,106.67096774193548,5020.935483870968,516768.0967741936,4.120322580645161,5.888064516129032,10.490322580645161,60845.48387096774,2025-07,34.090909090909086,14.898989898989898,17.929292929292927,23.33333333333333
Tamil Nadu,31.261290322580646,24614.1,0.7441935483870968,257.50967741935483,0,0.0,99757.0,50.096774193548384,4.258064516129032,110.82903225806452,4802.8387096774195,517655.5483870968,4.203225806451614,5.833870967741936,10.46774193548387,59870.48387096774,2025-08,40.53030303030303,33.08080808080808,18.055555555555554,32.30429292929293
Tamil Nadu,28.473333333333336,23226.6,0.9266666666666666,248.61333333333332,0,0.0,99539.0,53.05333333333333,3.893333333333333,113.03999999999999,4946.3,517282.8,4.1706666666666665,5.503666666666667,10.303333333333335,62476.333333333336,2025-09,36.23737373737374,9.974747474747476,12.247474747474747,21.0479797979798
Tamil Nadu,26.01290322580645,8180.5,1.286451612903226,18.816129032258065,0,0.0,358883.0,51.229032258064514,3.925806451612903,109.09354838709677,4795.258064516129,515332.9032258064,4.218064516129032,5.851935483870967,10.551612903225807,57850.74193548387,2025-10,12.373737373737374,13.762626262626263,19.444444444444446,14.627525252525253
Tamil Nadu,24.540000000000003,8003.2,1.636,20.116666666666667,0,0.0,348473.0,50.28333333333333,4.156666666666667,110.44333333333334,4996.333333333333,515791.8333333333,4.314666666666667,5.866333333333333,10.26,60474.46666666667,2025-11,15.151515151515152,28.28282828282828,19.318181818181817,20.78914141414141
Tamil Nadu,23.299999999999997,2106.6,0.9122580645161291,-69.40645161290323,0,7.516129032258065,353890.0,51.15483870967742,7.77741935483871,115.90645161290323,4877.1612903225805,517015.29032258067,4.232258064516128,5.851612903225806,10.635483870967741,60530.58064516129,2025-12,69.06565656565657,64.26767676767676,19.94949494949495,55.10732323232323
Telangana,23.4,437.4,-3.565,138.60000000000002,0,0.0,21235.0,53.45,5.05,112.65,5039.5,300730.0,6.0600000000000005,5.82,9.100000000000001,60146026.5,2024-01,17.2979797979798,35.1010101010101,34.090909090909086,27.727272727272727
Telangana,28.950000000000003,80.1,1.935,-56.3,0,5.0,26860.0,52.0,5.6,99.55,5405.0,303665.0,6.405,7.345000000000001,8.0,60732979.5,2024-03,51.26262626262626,52.77777777777778,84.34343434343434,60.06313131313131
Telangana,33.1,0.0,6.07,-100.0,0,10.0,4382.0,58.1,24.1,124.1,4930.0,305884.0,5.23,6.1,10.4,61176769.0,2024-04,98.86363636363636,86.48989898989899,37.62626262626262,79.22348484848486
Telangana,34.4,80.4,7.4,-12.2,0,0.0,13649.0,58.0,5.0,71.1,3852.0,307373.0,5.06,6.19,9.9,61474550.0,2024-05,24.116161616161616,10.227272727272728,32.57575757575758,21.369949494949495
Telangana,27.3,174.7,0.25,90.6,0,0.0,13348.0,52.5,1.3,97.0,4773.0,308869.0,6.09,5.93,9.4,61773781.0,2024-06,19.94949494949495,4.41919191919192,44.06565656565656,20.542929292929294
Telangana,25.8,224.0,-1.24,144.4,0,0.0,19357.0,56.5,6.0,112.4,4431.0,310372.0,6.64,5.01,7.6,62074468.0,2024-07,23.106060606060606,39.26767676767677,18.30808080808081,27.563131313131315
Telangana,27.0,137.8,0.04,50.3,0,0.0,18117.0,58.4,4.8,78.6,4223.0,311883.0,5.61,5.18,10.8,62376618.0,2024-08,15.025252525252524,9.343434343434344,29.166666666666668,16.5719696969697
Telangana,25.2,0.0,-1.85,-100.0,0,10.0,17454.0,50.5,26.1,82.6,5563.0,313401.0,6.23,5.16,6.6,62680240.0,2024-09,89.52020202020202,94.82323232323232,10.85858585858586,71.71085858585859
Telangana,24.3,0.0,-2.67,-100.0,0,10.0,9145.0,50.5,29.9,112.8,4836.0,314927.0,6.83,5.39,10.5,62985339.0,2024-10,88.76262626262627,99.11616161616162,72.34848484848484,88.28282828282829
Telangana,22.5,112.9,-4.53,23.1,0,0.0,13448.0,54.2,3.4,100.8,4499.0,316460.0,6.89,4.8,8.0,63291923.0,2024-11,1.893939393939394,7.954545454545454,20.95959595959596,8.781565656565656
Telangana,22.51290322580645,1027.3,1.0080645161290323,-68.12258064516129,0,7.967741935483871,118646.0,48.9483870967742,7.751612903225807,103.92903225806452,4940.354838709677,309778.29032258067,6.145161290322581,5.618709677419355,10.561290322580644,62015.48387096774,2025-01,80.3030303030303,78.91414141414141,51.76767676767676,72.6830808080808
Telangana,24.582142857142856,860.8,0.8253571428571428,-70.41785714285714,0,7.428571428571429,110593.0,48.99285714285714,7.9071428571428575,105.80357142857143,4704.428571428572,310155.0,6.096428571428571,5.97,10.332142857142857,58268.642857142855,2025-02,65.40404040404042,72.6010101010101,70.83333333333334,69.28030303030303
Telangana,26.751612903225805,978.5,0.9738709677419354,-69.64516129032258,0,7.67741935483871,330925.0,51.619354838709675,7.919354838709677,106.74516129032257,5151.4838709677415,309597.3548387097,6.133870967741935,5.919677419354838,10.696774193548388,61810.22580645161,2025-03,75.12626262626263,69.31818181818183,74.36868686868688,72.90404040404042
Telangana,29.446666666666665,946.7,1.3836666666666666,-69.64,0,7.633333333333334,341174.0,51.68,7.653333333333333,108.98333333333333,4945.433333333333,309904.1666666667,6.162999999999999,5.758,10.49,57799.433333333334,2025-04,77.77777777777779,62.247474747474755,63.63636363636363,68.80681818181819
Telangana,31.18064516129032,978.6,1.1474193548387097,-69.62258064516129,0,7.580645161290323,346216.0,49.33870967741935,7.764516129032257,112.20645161290322,4853.225806451613,310087.3870967742,6.018387096774194,5.88,10.97741935483871,58206.354838709674,2025-05,74.24242424242425,72.22222222222221,73.61111111111111,73.37752525252526
Telangana,32.41,10973.8,1.3996666666666668,251.91,0,0.0,118506.0,49.736666666666665,4.03,111.77333333333333,4990.4,309305.0333333333,6.132333333333333,5.692666666666667,10.166666666666666,59746.26666666667,2025-06,44.44444444444444,28.030303030303028,47.85353535353536,39.551767676767675
Telangana,31.083870967741937,11594.9,0.8058064516129032,259.841935483871,0,0.0,122357.0,50.332258064516125,3.9,110.99032258064516,4916.193548387097,309824.12903225806,6.051290322580646,5.842258064516129,10.183870967741935,58656.1935483871,2025-07,42.803030303030305,18.68686868686869,54.67171717171717,37.32954545454545
Telangana,30.322580645161292,11277.6,0.9332258064516129,249.98709677419356,0,0.0,121360.0,50.18709677419355,4.0612903225806445,108.01612903225806,5070.741935483871,310568.6451612903,6.148064516129033,5.646774193548388,10.538709677419355,61638.032258064515,2025-08,36.994949494949495,25.5050505050505,54.419191919191924,37.32954545454545
Telangana,27.626666666666665,11274.5,1.3526666666666667,261.56666666666666,0,0.0,119581.0,51.25,3.7666666666666666,115.01666666666667,4734.233333333334,309826.76666666666,6.17,5.5649999999999995,9.84,61990.23333333333,2025-09,47.22222222222222,11.363636363636363,36.868686868686865,32.08333333333333
Telangana,24.835483870967742,3911.4,0.87,21.38064516129032,0,0.0,435440.0,51.274193548387096,4.209677419354839,110.51612903225806,4912.806451612903,310001.77419354836,6.091290322580646,5.8432258064516125,10.30967741935484,58767.54838709677,2025-10,8.83838383838384,23.358585858585858,61.23737373737374,27.02020202020202
Telangana,22.45,3649.4,1.3150000000000002,17.016666666666666,0,0.0,406973.0,49.95,3.93,110.73,5119.866666666667,310409.26666666666,6.082,5.854,9.886666666666667,60568.96666666667,2025-11,11.742424242424242,22.97979797979798,48.98989898989899,24.987373737373737
Telangana,22.55483870967742,1015.4,1.5693548387096774,-68.48709677419355,0,6.935483870967742,424760.0,50.038709677419355,7.648387096774194,111.40645161290323,4947.903225806452,309509.4516129032,6.1335483870967735,5.627096774193548,10.696774193548388,60235.32258064516,2025-12,57.95454545454546,56.313131313131315,56.69191919191919,57.064393939393945
Tripura,19.45,1414.3000000000002,-4.555,203.04999999999998,0,0.0,25320.0,56.4,7.85,89.85,4294.0,300730.0,6.005,6.365,8.65,60146026.5,2024-01,22.348484848484848,45.58080808080808,51.13636363636363,37.676767676767675
Tripura,26.1,392.3,2.065,-15.950000000000003,0,5.0,25778.0,52.1,6.449999999999999,117.9,5327.0,303665.0,6.38,6.7,8.1,60732979.5,2024-03,48.86363636363637,53.535353535353536,75.75757575757575,57.22222222222222
Tripura,27.4,0.0,3.41,-100.0,0,10.0,4646.0,55.5,23.3,131.0,4380.0,305884.0,5.79,6.06,6.9,61176769.0,2024-04,97.22222222222221,85.85858585858585,22.22222222222222,74.4949494949495
Tripura,30.7,173.4,6.66,-25.7,0,10.0,10597.0,55.3,25.5,103.5,5122.0,307373.0,6.96,5.92,9.4,61474550.0,2024-05,95.95959595959596,90.78282828282829,78.03030303030303,89.66540404040404
Tripura,28.5,546.1,4.47,134.1,0,0.0,14330.0,47.0,9.5,83.4,4948.0,308869.0,6.5,5.42,9.4,61773781.0,2024-06,27.146464646464647,51.388888888888886,34.72222222222222,37.525252525252526
Tripura,27.5,701.3,3.46,200.6,0,0.0,10070.0,63.3,4.5,100.4,5115.0,310372.0,6.47,5.3,14.7,62074468.0,2024-07,36.36363636363637,6.4393939393939394,87.5,38.67424242424242
Tripura,26.1,197.6,2.08,-15.3,0,0.0,11220.0,53.1,3.2,93.6,5641.0,311883.0,5.17,5.25,8.7,62376618.0,2024-08,15.277777777777779,8.080808080808081,11.11111111111111,11.717171717171716
Tripura,21.0,0.0,-3.04,-100.0,0,10.0,16673.0,56.2,21.7,110.0,5570.0,313401.0,6.39,4.93,7.5,62680240.0,2024-09,88.13131313131312,84.97474747474747,12.878787878787879,68.21338383838383
Tripura,18.8,0.0,-5.22,-100.0,0,10.0,15793.0,50.9,22.0,74.8,4883.0,314927.0,6.11,4.38,10.2,62985339.0,2024-10,83.33333333333334,85.60606060606061,15.277777777777779,67.11489898989899
Tripura,20.5,168.8,-3.49,-27.7,0,10.0,13119.0,54.6,28.0,93.6,5076.0,316460.0,6.15,5.49,11.1,63291923.0,2024-11,65.53030303030303,96.08585858585859,57.95454545454546,74.33080808080808
Tripura,20.274193548387096,2697.5,1.285483870967742,-70.93870967741935,0,8.258064516129032,112831.0,50.42903225806452,8.399999999999999,110.06129032258065,4958.903225806452,309521.0,6.214838709677419,5.952903225806451,10.619354838709677,61260.903225806454,2025-01,84.72222222222221,81.18686868686868,75.5050505050505,81.18055555555554
Tripura,21.675,2529.1,0.9267857142857142,-69.83571428571427,0,7.142857142857143,100349.0,49.85,7.625,110.58928571428571,4871.321428571428,309485.78571428574,6.174285714285714,5.713214285714286,10.389285714285714,60590.32142857143,2025-02,57.57575757575758,59.09090909090909,57.82828282828283,58.16919191919192
Tripura,24.54516129032258,2842.1,0.9548387096774194,-69.38387096774194,0,8.129032258064516,306020.0,49.880645161290325,7.97741935483871,112.73548387096774,4858.096774193548,309908.1935483871,6.252258064516129,5.687096774193549,10.16451612903226,59675.22580645161,2025-03,82.57575757575758,80.05050505050505,53.28282828282829,74.36868686868686
Tripura,26.503333333333334,2689.7,0.5266666666666667,-70.06666666666666,0,7.633333333333334,315479.0,51.29333333333333,7.6866666666666665,111.98333333333333,4977.8,309388.3,6.246333333333333,5.840999999999999,10.613333333333333,61922.433333333334,2025-04,68.18181818181817,64.64646464646465,73.86363636363636,68.36489898989899
Tripura,29.07741935483871,2797.9,0.954516129032258,-69.86451612903227,0,7.161290322580645,323506.0,50.17741935483871,7.319354838709677,109.28064516129032,4862.806451612903,310287.8387096774,6.088064516129032,5.7212903225806455,10.62258064516129,59969.12903225807,2025-05,58.207070707070706,55.68181818181818,59.59595959595959,57.67045454545455
Tripura,29.233333333333334,30065.1,1.0386666666666666,234.63,0,0.0,111180.0,50.49666666666667,3.8133333333333335,106.18666666666667,5224.866666666667,309442.56666666665,6.2956666666666665,5.469333333333334,10.433333333333334,58965.5,2025-06,30.808080808080806,14.772727272727273,47.22222222222222,29.299242424242422
Tripura,29.01290322580645,32228.3,0.7038709677419355,247.14193548387095,0,0.0,115572.0,51.093548387096774,4.106451612903226,108.40322580645162,4965.709677419355,310848.51612903224,6.1570967741935485,5.940645161290322,10.899999999999999,61370.58064516129,2025-07,33.71212121212121,20.707070707070706,76.26262626262627,39.7979797979798
Tripura,27.325806451612905,31750.7,1.1996774193548387,241.99677419354836,0,0.0,111364.0,50.28387096774193,3.958064516129032,110.63870967741936,4853.290322580645,308945.6129032258,6.230645161290322,5.783225806451613,10.925806451612903,59772.74193548387,2025-08,35.47979797979798,21.338383838383837,74.4949494949495,40.28409090909091
Tripura,24.763333333333332,31200.2,0.36266666666666664,247.26666666666668,0,0.0,109761.0,49.45,4.0,108.26,5226.766666666666,310225.2,6.227,5.828666666666666,10.16,58542.9,2025-09,30.555555555555557,28.914141414141415,64.64646464646465,38.503787878787875
Tripura,22.461290322580645,11203.2,0.7048387096774192,20.66774193548387,0,0.0,395744.0,51.748387096774195,4.12258064516129,113.47419354838709,4981.967741935484,310035.1612903226,6.2132258064516135,5.817096774193549,10.32258064516129,58983.48387096774,2025-10,7.7020202020202015,16.035353535353536,66.54040404040404,25.32828282828283
Tripura,20.55,10884.7,0.8859999999999999,21.153333333333332,0,0.0,389742.0,49.25666666666667,4.04,109.08333333333333,5095.366666666667,309248.5,6.224333333333333,5.723666666666667,10.32,58567.53333333333,2025-11,8.964646464646464,31.313131313131315,59.72222222222222,29.476010101010104
Tripura,19.493548387096773,2930.9,0.9409677419354838,-68.43225806451613,0,7.258064516129032,398423.0,51.21612903225807,7.706451612903226,110.43870967741935,4938.419354838709,309621.06451612903,6.1003225806451615,5.756129032258064,9.845161290322581,59634.0,2025-12,60.984848484848484,58.207070707070706,43.05555555555556,55.53030303030303
Uttar Pradesh,24.85,743.7,-2.13,305.65,0,0.0,55030.0,80.1,7.8500000000000005,100.05000000000001,13349.0,200487.0,8.41,6.95,13.3,40097351.0,2024-01,35.35353535353536,5.934343434343434,98.61111111111111,40.871212121212125
Uttar Pradesh,25.7,57.4,-1.3050000000000002,-68.65,0,10.0,50260.0,82.6,24.9,117.6,12051.5,202443.5,8.735,7.54,13.75,40488653.0,2024-03,88.38383838383838,83.33333333333334,99.87373737373737,89.48863636363636
Uttar Pradesh,32.6,0.0,5.64,-100.0,0,10.0,12974.0,87.1,23.0,100.4,12179.0,203923.0,8.06,7.25,13.2,40784513.0,2024-04,98.61111111111111,81.94444444444444,98.73737373737373,92.80934343434343
Uttar Pradesh,32.6,60.7,5.56,-33.8,0,10.0,41159.0,84.0,30.4,114.4,11853.0,204915.0,8.82,6.94,11.0,40983034.0,2024-05,95.07575757575758,88.76262626262627,97.85353535353535,93.56060606060606
Uttar Pradesh,36.2,260.1,9.22,183.8,0,0.0,30327.0,92.4,6.4,107.1,12343.0,205913.0,8.94,6.72,10.9,41182521.0,2024-06,52.52525252525253,1.6414141414141417,97.34848484848484,45.92171717171718
Uttar Pradesh,29.7,305.0,2.72,232.7,0,0.0,37495.0,88.0,1.2,117.6,12274.0,206915.0,9.18,6.35,13.0,41382979.0,2024-07,46.590909090909086,0.12626262626262627,98.35858585858585,43.27020202020202
Uttar Pradesh,28.0,97.8,0.96,6.7,0,0.0,33975.0,82.8,5.8,98.7,13550.0,207922.0,8.54,5.8,11.0,41584412.0,2024-08,5.1767676767676765,2.525252525252525,93.93939393939394,26.439393939393938
Uttar Pradesh,22.9,0.0,-4.08,-100.0,0,10.0,35647.0,81.8,23.9,114.9,12409.0,208934.0,8.52,4.85,14.5,41786827.0,2024-09,86.86868686868688,83.20707070707071,95.83333333333334,87.82828282828284
Uttar Pradesh,26.4,0.0,-0.57,-100.0,0,10.0,26104.0,92.1,29.0,88.0,11567.0,209951.0,7.72,6.09,12.1,41990226.0,2024-10,92.2979797979798,84.72222222222221,94.6969696969697,90.24621212121211
Uttar Pradesh,25.2,77.6,-1.81,-15.3,0,0.0,36045.0,89.0,2.9,60.6,12946.0,210973.0,8.39,5.81,12.2,42194616.0,2024-11,3.4090909090909087,1.2626262626262625,96.21212121212122,25.85858585858586
Uttar Pradesh,24.200000000000003,1245.3,0.7906451612903226,-69.91935483870968,0,7.774193548387097,262993.0,48.76129032258064,7.764516129032258,117.23548387096774,4919.258064516129,206213.90322580645,8.540645161290323,5.60516129032258,10.364516129032259,58766.290322580644,2025-01,76.26262626262627,77.27272727272727,89.64646464646465,79.96212121212122
Uttar Pradesh,25.724999999999998,1191.0,0.8164285714285714,-68.15,0,7.714285714285714,246651.0,50.996428571428574,7.646428571428571,107.64999999999999,5026.642857142857,207351.5357142857,8.5875,5.950714285714286,10.424999999999999,61716.892857142855,2025-02,73.48484848484848,66.41414141414141,93.68686868686868,76.06060606060606
Uttar Pradesh,27.75483870967742,1276.5,0.8606451612903225,-69.15483870967742,0,7.32258064516129,793413.0,50.9483870967742,7.922580645161291,105.78709677419356,4847.387096774193,205471.87096774194,8.597096774193549,5.775483870967742,10.641935483870967,59298.87096774193,2025-03,61.86868686868687,62.752525252525245,92.04545454545455,69.72222222222223
Uttar Pradesh,30.316666666666666,1150.3,0.7246666666666666,-71.28666666666666,0,7.266666666666667,748448.0,49.0,7.84,111.28666666666666,5032.266666666666,206766.63333333333,8.514333333333333,5.973666666666667,10.66,58699.96666666667,2025-04,60.73232323232324,67.55050505050505,94.44444444444444,71.54671717171718
Uttar Pradesh,31.509677419354837,1272.6,1.1970967741935483,-69.25161290322582,0,8.0,777163.0,48.49354838709677,7.97741935483871,116.04516129032258,4946.419354838709,206688.2258064516,8.470967741935485,5.79,10.951612903225806,62144.06451612903,2025-05,82.1969696969697,80.3030303030303,92.67676767676768,84.1540404040404
Uttar Pradesh,33.21,14069.2,1.3793333333333335,251.22333333333333,0,0.0,275353.0,48.480000000000004,4.2,105.18,4933.0,207107.8,8.392,5.920333333333334,10.76,61734.53333333333,2025-06,43.813131313131315,38.005050505050505,92.92929292929293,54.05934343434343
Uttar Pradesh,32.49677419354838,15105.6,0.5519354838709677,264.93548387096774,0,0.0,270417.0,51.041935483870965,3.793548387096774,107.80645161290323,4873.225806451613,206341.4516129032,8.506129032258064,5.770645161290323,10.525806451612903,59757.8064516129,2025-07,43.05555555555556,11.994949494949495,91.16161616161617,44.21085858585859
Uttar Pradesh,30.967741935483872,14061.2,0.905483870967742,239.70967741935485,0,0.0,269097.0,50.958064516129035,4.077419354838709,113.63870967741936,4985.935483870968,206481.12903225806,8.516129032258064,5.860645161290323,10.406451612903227,59986.967741935485,2025-08,31.565656565656564,20.454545454545457,91.79292929292929,42.733585858585855
Uttar Pradesh,28.516666666666666,13706.3,1.0283333333333333,242.16333333333333,0,0.0,272669.0,48.2,4.126666666666667,113.07666666666667,5022.833333333333,206351.5,8.606666666666666,5.949333333333333,10.596666666666666,56867.5,2025-09,34.217171717171716,37.75252525252525,94.82323232323232,50.60606060606061
Uttar Pradesh,25.738709677419354,5419.8,0.6525806451612903,30.929032258064513,0,0.0,962272.0,51.11612903225806,4.245161290322581,112.87741935483871,5096.290322580645,206657.38709677418,8.423225806451613,5.577096774193548,10.064516129032258,65165.6129032258,2025-10,12.247474747474747,25.252525252525253,88.63636363636364,35.89646464646465
Uttar Pradesh,23.94,4920.8,0.9746666666666667,22.84333333333333,0,0.0,954592.0,52.15333333333333,4.073333333333333,112.86333333333333,5062.266666666666,207031.73333333334,8.453333333333333,5.935333333333333,10.543333333333333,56709.333333333336,2025-11,11.237373737373737,13.005050505050505,92.42424242424242,32.15277777777778
Uttar Pradesh,22.993548387096773,1275.7,1.4519354838709677,-69.1774193548387,0,7.354838709677419,967313.0,48.52258064516129,7.435483870967742,110.8483870967742,5014.967741935484,206747.70967741936,8.49709677419355,5.704193548387098,10.851612903225806,56990.48387096774,2025-12,70.45454545454545,64.01515151515152,91.54040404040404,73.47222222222223
Uttarakhand,10.649999999999999,625.8,-4.35,212.89999999999998,0,0.0,22740.0,56.5,6.25,110.2,4507.0,300730.0,6.4399999999999995,5.495,9.2,60146026.5,2024-01,23.484848484848484,40.909090909090914,33.71212121212121,32.140151515151516
Uttarakhand,14.399999999999999,145.9,-0.5999999999999999,-27.05,0,5.0,30093.0,56.55,4.949999999999999,72.2,4949.5,303665.0,6.705,6.640000000000001,6.9,60732979.5,2024-03,32.57575757575758,51.26262626262626,67.92929292929293,47.95454545454545
Uttarakhand,17.3,0.0,2.31,-100.0,0,10.0,3748.0,59.4,26.1,91.6,3698.0,305884.0,6.11,6.36,11.2,61176769.0,2024-04,95.32828282828282,90.53030303030303,82.57575757575758,90.46085858585857
Uttarakhand,21.6,102.2,6.65,2.2,0,0.0,15597.0,57.0,6.3,124.7,4464.0,307373.0,6.53,6.46,9.7,61474550.0,2024-05,23.358585858585858,40.53030303030303,81.81818181818183,43.98358585858586
Uttarakhand,16.8,167.1,1.75,67.1,0,0.0,17041.0,46.1,8.6,106.4,4748.0,308869.0,6.88,5.8,6.6,61773781.0,2024-06,20.32828282828283,50.88383838383839,30.429292929292927,33.5479797979798
Uttarakhand,16.8,410.0,1.83,310.0,0,0.0,14755.0,52.6,6.0,86.5,5017.0,310372.0,6.22,5.93,7.0,62074468.0,2024-07,51.388888888888886,43.05555555555556,26.641414141414145,42.285353535353536
Uttarakhand,14.5,54.9,-0.52,-45.1,0,10.0,11738.0,58.4,21.7,77.0,5333.0,311883.0,5.82,5.06,8.9,62376618.0,2024-08,88.0050505050505,84.34343434343434,15.656565656565657,68.63636363636363
Uttarakhand,12.0,0.0,-2.99,-100.0,0,10.0,16388.0,51.6,19.8,123.9,4509.0,313401.0,5.51,5.14,13.6,62680240.0,2024-09,88.25757575757575,84.0909090909091,60.22727272727273,79.79166666666667
Uttarakhand,5.3,0.0,-9.72,-100.0,0,10.0,10885.0,58.9,26.4,95.0,4701.0,314927.0,6.1,4.66,5.9,62985339.0,2024-10,53.535353535353536,91.03535353535354,5.42929292929293,54.63383838383839
Uttarakhand,9.5,120.9,-5.46,20.9,0,0.0,15414.0,59.9,10.2,101.7,4596.0,316460.0,6.13,5.63,10.0,63291923.0,2024-11,1.3888888888888888,49.74747474747475,40.53030303030303,28.099747474747474
Uttarakhand,10.09032258064516,1297.7,0.22741935483870968,-69.12258064516129,0,7.774193548387097,125722.0,51.5516129032258,7.97741935483871,107.48387096774194,4913.548387096775,309393.4193548387,6.226129032258064,5.811612903225806,10.680645161290323,59935.0,2025-01,68.3080808080808,72.09595959595958,73.10606060606061,70.83333333333333
Uttarakhand,11.4,1173.3,0.3760714285714286,-69.08571428571429,0,7.857142857142857,111899.0,49.721428571428575,7.728571428571429,110.69642857142857,5138.678571428572,310514.46428571426,6.327857142857143,5.688571428571429,10.478571428571428,60756.17857142857,2025-02,72.85353535353535,75.88383838383838,67.42424242424242,72.55681818181819
Uttarakhand,13.361290322580645,1248.0,1.34,-70.30000000000001,0,7.32258064516129,355576.0,49.12580645161291,7.793548387096774,110.4483870967742,4856.064516129032,309368.93548387097,6.258064516129032,5.855483870967742,10.703225806451613,59401.354838709674,2025-03,68.81313131313132,67.42424242424242,74.62121212121212,69.77904040404042
Uttarakhand,15.466666666666667,1206.7,0.602,-70.33666666666666,0,7.9,340288.0,49.00333333333333,7.54,111.34333333333333,5006.933333333333,309484.3,6.264666666666667,5.938,10.2,62919.066666666666,2025-04,77.52525252525253,76.51515151515152,72.72727272727273,75.97222222222223
Uttarakhand,17.52258064516129,1243.5,1.2548387096774194,-70.41935483870968,0,7.741935483870968,351440.0,50.50967741935484,8.019354838709678,110.61612903225806,4845.387096774193,310137.3548387097,6.322258064516129,5.610967741935484,10.729032258064517,58923.06451612903,2025-05,79.29292929292929,75.75757575757575,67.55050505050505,75.11994949494948
Uttarakhand,18.66,13938.5,1.0603333333333333,242.72,0,0.0,114785.0,51.18,3.86,111.54666666666667,4914.033333333334,309876.13333333336,6.306666666666667,5.856,10.733333333333333,60869.76666666667,2025-06,34.5959595959596,12.5,75.88383838383838,37.18434343434343
Uttarakhand,18.425806451612903,14112.2,0.6496774193548387,235.8032258064516,0,0.0,124167.0,51.12580645161291,3.925806451612903,112.36129032258064,5077.032258064516,309605.06451612903,6.3190322580645155,5.71,10.538709677419355,58850.51612903226,2025-07,28.78787878787879,14.14141414141414,69.44444444444444,33.82575757575758
Uttarakhand,16.387096774193548,13919.1,0.5993548387096773,231.21290322580646,0,0.0,124711.0,50.05806451612903,4.138709677419355,111.39032258064516,4987.5161290322585,309366.8064516129,6.273870967741936,5.6009677419354835,10.287096774193548,59949.16129032258,2025-08,28.40909090909091,29.419191919191917,51.010101010101,34.41287878787879
Uttarakhand,14.326666666666666,14696.7,0.859,261.35333333333335,0,0.0,115656.0,51.026666666666664,3.92,108.67333333333333,4998.533333333334,310205.2,6.287999999999999,5.954,10.613333333333333,60176.5,2025-09,44.06565656565656,14.520202020202019,76.38888888888889,41.80555555555556
Uttarakhand,11.52258064516129,5102.3,0.9141935483870968,21.406451612903226,0,0.0,430162.0,51.13870967741936,3.987096774193548,114.14193548387097,4804.096774193548,310144.29032258067,6.27483870967742,5.798709677419355,10.419354838709678,60519.22580645161,2025-10,9.848484848484848,15.656565656565657,70.45454545454545,27.032828282828284
Uttarakhand,9.633333333333333,4872.5,1.3193333333333332,19.803333333333335,0,0.0,412967.0,48.82,4.173333333333334,111.15666666666667,4965.466666666666,309609.76666666666,6.290333333333334,5.561333333333334,10.436666666666667,61869.666666666664,2025-11,13.257575757575758,36.74242424242424,52.65151515151515,31.325757575757578
Uttarakhand,8.935483870967742,1286.9,0.8616129032258065,-69.37741935483871,0,7.451612903225806,431826.0,50.18709677419355,7.9,113.21935483870966,4967.774193548387,310917.8387096774,6.331935483870968,5.87,10.048387096774194,60480.12903225807,2025-12,66.03535353535354,68.93939393939394,69.82323232323232,67.99873737373737
West Bengal,25.2,502.40000000000003,-1.835,174.0,0,0.0,18400.0,53.55,7.3999999999999995,110.15,5225.0,300730.0,6.21,6.095000000000001,6.35,60146026.5,2024-01,23.863636363636363,45.95959595959596,25.757575757575758,32.070707070707066
West Bengal,30.8,93.3,3.84,-49.1,0,5.0,30920.0,61.0,9.15,100.44999999999999,5258.0,303665.0,6.0600000000000005,6.615,10.25,60732979.5,2024-03,52.90404040404041,53.661616161616166,81.6919191919192,60.36616161616163
West Bengal,31.7,0.0,4.73,-100.0,0,10.0,5666.0,59.2,26.3,87.7,4721.0,305884.0,6.25,7.2,10.4,61176769.0,2024-04,98.23232323232324,90.65656565656566,89.26767676767676,93.33964646464648
West Bengal,30.9,76.6,3.85,-16.4,0,0.0,11700.0,58.9,6.3,109.2,5837.0,307373.0,5.88,5.99,11.5,61474550.0,2024-05,19.065656565656568,37.121212121212125,76.76767676767676,39.81060606060606
West Bengal,31.3,209.6,4.26,128.7,0,0.0,14983.0,49.5,7.0,92.3,5348.0,308869.0,5.52,6.29,8.4,61773781.0,2024-06,26.641414141414145,47.0959595959596,31.060606060606062,34.90530303030303
West Bengal,28.1,258.4,1.07,181.9,0,0.0,17547.0,54.6,4.1,69.6,4821.0,310372.0,6.8,5.5,8.7,62074468.0,2024-07,26.38888888888889,9.595959595959595,37.121212121212125,23.194444444444446
West Bengal,26.5,133.0,-0.51,45.1,0,0.0,17671.0,57.5,6.7,101.0,5004.0,311883.0,5.74,4.83,9.9,62376618.0,2024-08,8.207070707070708,41.91919191919192,16.792929292929294,22.15277777777778
West Bengal,19.2,0.0,-7.8,-100.0,0,10.0,13019.0,57.1,27.1,109.8,4737.0,313401.0,6.04,4.62,8.7,62680240.0,2024-09,60.1010101010101,94.31818181818183,11.363636363636363,59.892676767676775
West Bengal,25.2,0.0,-1.84,-100.0,0,10.0,6832.0,52.6,28.3,82.7,5347.0,314927.0,6.04,4.3,9.9,62985339.0,2024-10,89.64646464646465,97.22222222222221,12.626262626262626,73.04292929292929
West Bengal,21.3,81.5,-5.69,-11.1,0,0.0,11059.0,58.1,8.2,113.7,4317.0,316460.0,5.51,4.95,5.6,63291923.0,2024-11,1.1363636363636365,45.45454545454545,4.41919191919192,17.468434343434343
West Bengal,22.635483870967743,1003.0,0.863225806451613,-71.33870967741936,0,7.516129032258065,114979.0,49.21290322580645,7.596774193548387,114.34193548387097,4998.225806451613,309537.3870967742,5.8993548387096775,5.987096774193549,10.541935483870969,57104.0,2025-01,69.82323232323232,68.56060606060606,67.2979797979798,68.75
West Bengal,24.724999999999998,960.2,1.2332142857142858,-69.62142857142858,0,7.214285714285714,104938.0,49.699999999999996,7.632142857142857,106.56785714285715,4839.357142857143,309133.60714285716,6.077857142857143,5.528571428571429,10.214285714285714,59733.67857142857,2025-02,63.510101010101,60.858585858585855,37.5,56.07954545454545
West Bengal,27.05806451612903,1024.2,1.315806451612903,-70.7290322580645,0,7.483870967741935,314019.0,52.26451612903226,7.625806451612903,112.3967741935484,5056.322580645161,310043.4516129032,6.0203225806451615,5.769032258064517,10.451612903225806,63029.645161290326,2025-03,73.98989898989899,57.95454545454546,54.04040404040404,63.390151515151516
West Bengal,29.33,1005.5,1.398,-70.32333333333332,0,7.2,313236.0,51.61333333333334,7.4766666666666675,109.61666666666666,5011.866666666667,310526.6,6.085666666666667,5.658333333333333,10.636666666666667,59140.26666666667,2025-04,65.02525252525253,55.05050505050505,54.292929292929294,58.851010101010104
West Bengal,31.73225806451613,1014.2,1.1061290322580646,-71.02580645161291,0,7.774193548387097,332822.0,49.541935483870965,7.854838709677419,113.46129032258065,4855.290322580645,310567.4193548387,5.992903225806452,5.774193548387097,9.903225806451612,61033.77419354839,2025-05,78.91414141414141,76.64141414141415,41.035353535353536,68.6489898989899
West Bengal,31.88,11196.9,0.5983333333333333,230.57333333333332,0,0.0,111016.0,51.81333333333334,3.8366666666666664,110.55666666666666,5198.866666666667,311099.3,5.967,5.79,10.389999999999999,60238.166666666664,2025-06,28.156565656565657,11.11111111111111,50.75757575757576,27.840909090909093
West Bengal,31.638709677419353,12587.8,1.145483870967742,259.6741935483871,0,0.0,119977.0,49.777419354838706,4.245161290322581,107.68709677419355,4947.322580645161,308784.6129032258,6.10741935483871,5.96,10.86774193548387,61070.74193548387,2025-07,45.58080808080808,34.090909090909086,76.01010101010101,49.16666666666667
West Bengal,29.961290322580645,12155.3,0.8929032258064517,247.30645161290323,0,0.0,116377.0,49.541935483870965,3.890322580645161,112.86451612903227,4921.4838709677415,308773.4193548387,6.093548387096774,5.8341935483870975,10.474193548387097,60492.48387096774,2025-08,35.1010101010101,25.0,65.53030303030303,39.1729797979798
West Bengal,27.416666666666668,12092.6,1.4083333333333334,257.03,0,0.0,108439.0,49.223333333333336,4.076666666666666,105.25666666666666,5011.766666666666,309545.73333333334,6.103,5.855,10.610000000000001,59176.23333333333,2025-09,46.464646464646464,32.82828282828283,70.07575757575758,47.59469696969697
West Bengal,25.274193548387096,4115.2,0.4674193548387096,17.593548387096774,0,0.0,409108.0,48.96774193548387,3.832258064516129,108.64838709677419,5011.580645161291,309307.4516129032,6.090967741935484,5.781935483870968,10.577419354838709,58188.645161290326,2025-10,5.555555555555555,26.767676767676768,63.510101010101,27.46843434343434
West Bengal,23.126666666666665,3894.2,1.0113333333333334,14.976666666666667,0,0.0,375466.0,50.07666666666667,4.086666666666667,113.91333333333334,5043.133333333333,308213.9,5.968999999999999,5.747,10.2,58958.96666666667,2025-11,7.828282828282829,27.3989898989899,44.19191919191919,23.76893939393939
West Bengal,22.212903225806453,1072.9,0.5125806451612903,-69.3483870967742,0,7.870967741935484,403808.0,49.016129032258064,8.07741935483871,110.80645161290323,5085.903225806452,308833.12903225806,6.053225806451613,5.686129032258065,10.264516129032257,59028.87096774193,2025-12,75.37878787878788,79.92424242424242,46.08585858585859,69.64646464646465
