state,month,avg_temperature,total_rainfall_mm,temp_anomaly_deg,rainfall_anomaly_pct,heatwave_days,drought_severity,crop_production_1000t,irrigation_coverage_pct,crop_failure_rate_pct,fertilizer_consumption_kg_per_ha,land_under_cultivation_1000ha,gdp_estimate_crores,unemployment_rate_pct,inflation_rate_pct,poverty_rate_pct,per_capita_income_inr,climate_stress,agri_stress,econ_stress,total_risk
Andaman and Nicobar Islands,2025-01,25.580645161290324,2021.0,1.1509677419354838,-70.89032258064516,0,7.387096774193548,2336.1935483870966,50.86774193548387,7.819354838709677,110.30000000000001,4997.225806451613,167044.48387096773,7.133548387096774,5.969032258064516,10.283870967741937,62390.8064516129,65.42349975677274,76.27746611738706,64.20530589370864,68.91783951722172
Andhra Pradesh,2025-01,22.467741935483872,968.8,1.4609677419354838,-69.69354838709677,0,7.903225806451613,3798.2903225806454,50.73548387096774,7.97741935483871,105.0741935483871,5120.806451612903,310130.3870967742,6.120645161290323,5.812903225806451,10.758064516129032,56813.8064516129,68.78576501920978,75.83385885094017,62.97913266498887,69.8009397717602
Arunachal Pradesh,2025-01,22.651612903225807,978.3000000000001,1.2999999999999998,-70.06451612903226,0,7.483870967741935,4041.0967741935483,49.74516129032258,7.787096774193548,109.49032258064516,5131.387096774193,309796.22580645164,6.050645161290323,5.78,10.674193548387096,57231.709677419356,66.68030671415406,75.12594168508333,62.35717355541266,68.55549566429396
Assam,2025-01,19.82903225806452,2320.3,1.0067741935483872,-71.2290322580645,0,6.870967741935484,3695.2258064516127,50.21290322580645,7.445161290322581,107.66451612903225,5117.612903225807,309317.12903225806,5.962580645161291,5.677741935483871,10.32258064516129,60524.32258064516,63.23952600355818,73.79954944588847,60.04393618289154,66.13663675320711
Bihar,2025-01,21.783870967741933,1135.2,0.5280645161290323,-70.4258064516129,0,7.67741935483871,4488.064516129032,48.251612903225805,7.725806451612903,111.09354838709677,5115.387096774193,205997.1935483871,8.563548387096775,5.795806451612902,10.167741935483871,57062.3870967742,61.061375692377396,74.95822786834866,69.34040220215964,67.99503058141289
Chandigarh,2025-01,16.006451612903227,1836.4,1.134516129032258,-68.47096774193548,0,7.838709677419355,1384.2903225806451,48.458064516129035,8.012903225806452,107.66774193548386,5050.612903225807,138248.5806451613,8.440645161290323,5.587096774193548,10.425806451612903,58283.32258064516,65.89179205134985,78.58087608735234,68.12329626683503,70.89084751782202
Chhattisgarh,2025-01,22.748387096774195,1131.8,1.0729032258064515,-69.66774193548386,0,7.483870967741935,3746.967741935484,50.60322580645161,7.922580645161291,109.83548387096775,4991.548387096775,309197.3870967742,6.217741935483871,5.8587096774193546,10.325806451612904,60309.1935483871,64.83065666411824,75.68003222950271,61.6606684369515,67.83544105521112
Dadra and Nagar Haveli and Daman and Diu,2025-01,16.293548387096774,1625.9,1.0358064516129033,-68.9258064516129,0,7.0,2133.3225806451615,50.4741935483871,7.441935483870967,112.3258064516129,4996.8387096774195,245388.61290322582,6.873225806451613,5.711935483870968,10.116129032258065,59332.3870967742,63.39743119973221,74.94466682269828,63.01284829287893,67.342817941057
Delhi,2025-01,17.603225806451615,1819.5,0.8993548387096774,-71.10967741935484,0,7.451612903225806,1314.7096774193549,50.041935483870965,7.574193548387097,108.67096774193548,4935.419354838709,160397.5806451613,6.047741935483871,5.675806451612903,10.387096774193548,61735.16129032258,63.61028432747404,76.28755562274186,60.02107909871928,67.1500279736291
Goa,2025-01,23.193548387096776,2475.7,0.9625806451612903,-69.98387096774194,0,7.290322580645161,4000.935483870968,52.04838709677419,7.606451612903225,106.55483870967741,4974.741935483871,309259.4193548387,6.123225806451613,5.735806451612904,10.33548387096774,59119.41935483871,63.596632018176486,73.69543828254407,61.2438203280351,66.5430112881698
Gujarat,2025-01,28.92258064516129,370.9,0.6803225806451613,-69.69999999999999,0,7.645161290322581,4741.741935483871,49.377419354838715,7.425806451612904,118.54193548387097,4889.225806451613,515707.93548387097,4.4958064516129035,5.969032258064516,10.638709677419355,61382.32258064516,62.08407396912312,73.13854087859956,57.02876732699815,64.68931072690863
Haryana,2025-01,28.338709677419356,377.0,0.7893548387096775,-70.8225806451613,0,7.193548387096774,10764.161290322581,50.00322580645161,7.451612903225806,113.84516129032258,5010.580645161291,310376.6451612903,6.31258064516129,5.639354838709677,10.3,58831.48387096774,62.1510502547865,68.29026697896217,61.44960663638191,64.12441520364683
Himachal Pradesh,2025-01,10.983870967741936,1483.8,1.0938709677419354,-69.1032258064516,0,7.419354838709677,3803.451612903226,50.91935483870968,7.606451612903226,109.17096774193548,4900.709677419355,309905.6129032258,5.879354838709677,5.573225806451613,10.403225806451612,61503.74193548387,64.77399313634932,74.19058694994983,59.17259695937684,66.66945192686637
Jammu and Kashmir,2025-01,20.70967741935484,1064.0,1.354516129032258,-71.0741935483871,0,7.387096774193548,2197.451612903226,49.332258064516125,7.812903225806451,114.2258064516129,4784.387096774193,190686.1935483871,7.34741935483871,5.722258064516129,10.62258064516129,59599.645161290326,67.05558964078809,76.82046899808125,65.25399662335252,70.0228991614818
Jharkhand,2025-01,22.61935483870968,959.3,0.44225806451612903,-68.80645161290323,0,7.903225806451613,4199.322580645161,50.71612903225807,7.922580645161291,112.7709677419355,5219.580645161291,206153.35483870967,8.691935483870967,5.664193548387097,10.548387096774194,60714.67741935484,60.62252589721534,75.28782347074814,68.65301960934563,67.76300347598439
Karnataka,2025-01,23.309677419354838,2350.5,1.256451612903226,-69.58387096774193,0,7.096774193548387,6668.806451612903,49.04516129032258,7.270967741935484,105.43225806451613,5117.0,516365.12903225806,4.662903225806452,5.648064516129033,10.616129032258065,62359.77419354839,65.44132126031855,71.05051621880003,55.84318639134687,65.00500577854415
Kerala,2025-01,24.82903225806452,2079.0,0.8519354838709677,-70.10645161290323,0,8.03225806451613,4153.1612903225805,50.225806451612904,8.035483870967742,113.06451612903226,4912.1612903225805,310720.12903225806,6.111290322580646,5.670645161290322,10.683870967741935,60026.032258064515,64.32142352513013,75.95358107557527,61.21828765894868,67.61689470124057
Ladakh,2025-01,20.283870967741933,2322.8,0.8690322580645161,-69.3258064516129,0,7.419354838709677,1911.4516129032259,50.05483870967742,7.532258064516129,109.0741935483871,4983.612903225807,147132.51612903227,6.315806451612903,5.846129032258064,10.600000000000001,57667.51612903226,63.035045939175376,75.63190569860082,63.18883726884056,67.48239468739058
Lakshadweep,2025-01,22.6,2178.0,1.011290322580645,-69.43870967741935,0,8.03225806451613,2030.1935483870968,50.26129032258064,7.825806451612903,108.36451612903227,4892.0,116648.3870967742,7.993225806451613,6.017741935483872,10.258064516129032,61670.6129032258,65.47740734414812,76.7293510290189,67.22690316340577,69.85296158866731
Madhya Pradesh,2025-01,23.432258064516127,1094.8,0.767741935483871,-70.18709677419355,0,7.225806451612903,6769.064516129032,48.04838709677419,7.612903225806452,109.6032258064516,4953.548387096775,309092.0967741936,6.027096774193549,5.732903225806451,10.432258064516128,60202.54838709677,61.95399399500375,72.73018306023562,60.75492798489374,65.4258936653074
Maharashtra,2025-01,22.951612903225808,1186.6,1.3709677419354838,-66.78064516129032,0,7.258064516129032,7538.354838709677,49.6741935483871,7.754838709677419,108.09354838709677,4948.096774193548,515534.8387096774,4.4312903225806455,5.970322580645162,10.845161290322581,58700.290322580644,66.26670366055552,72.2391000592678,58.01931857827049,66.29519612953356
Manipur,2025-01,22.467741935483872,1121.4,1.1729032258064516,-69.81290322580645,0,7.32258064516129,3387.2258064516127,48.91612903225807,7.780645161290322,110.19354838709677,5050.677419354839,308631.51612903224,5.7458064516129035,5.819677419354838,10.667741935483871,58492.16129032258,65.29752915672805,75.86507413108866,61.183733810485826,67.96772106119371
Meghalaya,2025-01,20.761290322580646,2641.2,1.4629032258064516,-69.87096774193549,0,7.096774193548387,3746.516129032258,51.13870967741936,7.541935483870968,109.81935483870969,5025.709677419355,310591.93548387097,6.232903225806451,5.590967741935484,10.838709677419354,59587.032258064515,67.11178025008718,73.89440046565407,61.6468332919533,68.11946058600212
Mizoram,2025-01,18.53548387096774,3159.9,1.0080645161290323,-69.6,0,7.225806451612903,4097.580645161291,50.096774193548384,7.483870967741935,104.56451612903226,5099.322580645161,308517.2580645161,5.98258064516129,5.763548387096773,10.316129032258065,59215.1935483871,63.760318358345806,73.68094766297291,60.86825600913103,66.5095230276616
Nagaland,2025-01,23.809677419354838,1242.1,0.7012903225806452,-70.37096774193549,0,7.548387096774194,3988.3548387096776,49.222580645161294,7.645161290322581,114.08064516129032,5077.709677419355,309200.2580645161,6.053870967741935,5.550967741935485,10.654838709677419,61075.22580645161,62.1440988421778,74.71843536872069,60.160356870747705,66.04918113361029
Odisha,2025-01,22.325806451612905,903.0,0.7935483870967742,-69.19032258064516,0,7.290322580645161,3941.3548387096776,49.148387096774194,7.767741935483872,111.61612903225806,5019.258064516129,206143.51612903227,8.463548387096774,5.704516129032259,10.564516129032258,58975.51612903226,62.14517053481954,75.3013409708863,68.69761664486661,68.38794171495468
Puducherry,2025-01,16.674193548387095,933.8,0.8735483870967743,-71.3258064516129,0,7.806451612903226,1182.8387096774193,48.438709677419354,7.458064516129032,106.91612903225807,5125.322580645161,163837.35483870967,8.098709677419356,5.60741935483871,10.44516129032258,60988.93548387097,64.19425535114486,76.37711861324408,66.34209855772083,68.99521829452358
Punjab,2025-01,28.490322580645163,341.9,1.0635483870967741,-68.8258064516129,0,7.741935483870968,9637.677419354839,50.483870967741936,7.848387096774194,104.96129032258065,5070.451612903225,308624.1935483871,5.954193548387098,5.84741935483871,10.712903225806452,63277.096774193546,65.1796984680232,70.73264472106668,60.50637354404527,65.95489842559394
Rajasthan,2025-01,27.580645161290324,325.8,1.312258064516129,-71.05483870967741,0,7.838709677419355,4643.451612903225,48.809677419354834,8.04516129032258,109.94516129032259,4991.580645161291,310194.3870967742,6.038064516129032,5.596451612903226,10.819354838709677,61579.3870967742,67.68045762616025,76.0313533033527,60.414538449391394,68.7867913189854
Sikkim,2025-01,10.074193548387097,1097.7,1.5212903225806451,-70.0516129032258,0,7.32258064516129,4241.193548387097,49.13548387096775,7.670967741935484,111.56774193548387,4975.935483870968,309193.8064516129,6.091290322580646,5.813548387096774,10.706451612903225,62293.67741935484,68.07956378260778,74.65446831268257,61.08237731338997,68.6314837508295
Tamil Nadu,2025-01,24.174193548387095,1979.8999999999999,0.6912903225806452,-71.24193548387096,0,7.645161290322581,3324.1612903225805,49.400000000000006,7.748387096774193,110.79677419354839,4987.322580645161,516701.03225806454,4.2293548387096775,5.636451612903225,10.67741935483871,60624.51612903226,62.40181962311586,75.63212903428425,55.11362134582386,65.21037834770179
Telangana,2025-01,22.393548387096775,915.9,0.7683870967741936,-71.57096774193548,0,7.548387096774194,3866.3870967741937,48.90967741935484,7.645161290322581,111.01290322580645,5069.870967741936,309649.93548387097,6.134516129032258,5.65258064516129,10.432258064516128,60974.83870967742,62.853002046110674,74.90892440590703,60.50223299247356,66.48488260863013
Tripura,2025-01,20.47741935483871,2686.4,0.40354838709677415,-71.0741935483871,0,7.354838709677419,3769.8064516129034,49.061290322580646,7.638709677419355,107.41935483870968,5010.4838709677415,310530.0967741936,6.189032258064516,5.916774193548386,10.635483870967741,59452.32258064516,59.49076966676412,74.91239973099911,62.59470224909913,65.66432333483013
Uttar Pradesh,2025-01,24.11935483870968,1232.7,0.8961290322580645,-70.22258064516129,0,7.645161290322581,8983.548387096775,49.645161290322584,7.629032258064516,110.23548387096774,5088.580645161291,206558.64516129033,8.61741935483871,5.597741935483871,10.493548387096775,60685.16129032258,63.8635968516237,70.56579391239258,68.06429674158373,67.25954079538282
Uttarakhand,2025-01,9.306451612903226,1272.4,0.6948387096774193,-69.72258064516129,0,7.451612903225806,3876.5806451612902,50.2,7.938709677419355,104.97096774193548,5049.322580645161,310042.22580645164,6.24,5.513870967741935,11.03225806451613,63387.83870967742,61.79008216089578,75.76719622798626,60.46444529759861,66.35066286855316
West Bengal,2025-01,23.083870967741937,1076.5,0.8551612903225807,-69.24193548387096,0,7.870967741935484,3672.3548387096776,49.019354838709674,8.04516129032258,109.70645161290322,5206.4838709677415,309668.5483870968,6.0038709677419355,5.626129032258064,10.5,62139.54838709677,63.87400324531815,76.73771491821118,59.73518129109931,67.341596842276
Andaman and Nicobar Islands,2025-02,26.892857142857142,1947.4,1.0532142857142857,-68.95,0,7.928571428571429,2241.25,50.614285714285714,8.0,106.79285714285713,5110.714285714285,167728.57142857142,7.028214285714285,5.724285714285714,10.346428571428572,61192.92857142857,65.51396471685737,77.20006340746863,63.33114625238077,69.05839464245217
Andhra Pradesh,2025-02,24.582142857142856,876.5,1.0332142857142856,-69.62142857142858,0,7.214285714285714,3672.214285714286,49.707142857142856,7.389285714285714,114.4,5004.821428571428,308805.10714285716,5.975714285714285,5.843928571428571,10.557142857142859,58594.17857142857,63.93726832403204,73.73091921178101,61.77641700240935,66.82483330433851
Arunachal Pradesh,2025-02,23.571428571428573,860.0,0.9567857142857142,-70.84285714285714,0,7.5,4060.535714285714,49.49285714285714,7.771428571428571,104.65,5050.25,309130.0,6.0996428571428565,5.722857142857143,10.235714285714286,56577.21428571428,64.12592245813649,75.11933136794927,61.753807653864314,67.38058687550291
Assam,2025-02,22.407142857142855,2133.2,1.2853571428571429,-70.70714285714286,0,7.821428571428571,3678.714285714286,50.589285714285715,8.082142857142857,117.0,5043.607142857143,309154.0,5.951071428571429,5.647142857142858,10.842857142857143,58265.642857142855,67.37948325819997,76.41960822217575,61.443457389927964,69.05952052852349
Bihar,2025-02,23.832142857142856,1048.4,0.7253571428571428,-69.76428571428572,0,6.928571428571429,4451.321428571428,50.09285714285714,7.410714285714286,109.27857142857144,4958.25,206257.64285714287,8.599642857142857,5.6032142857142855,11.092857142857143,60478.42857142857,60.92405112839175,73.08952616356359,69.08021467062866,67.22100827626113
Chandigarh,2025-02,17.567857142857143,1562.8,0.9282142857142857,-70.3,0,7.321428571428571,1435.1785714285713,51.50714285714286,7.5249999999999995,109.60714285714286,4841.535714285715,138133.17857142858,8.38642857142857,5.840357142857143,10.939285714285715,59279.28571428572,63.439334906075985,75.54250757353608,69.55248582377064,69.20373306911068
Chhattisgarh,2025-02,24.307142857142857,1049.1,0.8875000000000001,-68.86785714285715,0,7.571428571428571,3886.1428571428573,49.332142857142856,7.553571428571429,110.125,4994.285714285715,310221.71428571426,6.0775,5.587142857142857,10.450000000000001,59296.07142857143,63.435490197581274,74.37544884821396,60.60948073027126,66.55797335847521
Dadra and Nagar Haveli and Daman and Diu,2025-02,18.307142857142857,1394.1,1.2539285714285715,-70.51071428571429,0,6.928571428571429,2144.9285714285716,50.214285714285715,7.414285714285714,108.14999999999999,4961.642857142857,244853.7142857143,6.9925,5.631071428571429,10.778571428571428,58876.107142857145,65.20258117585743,74.89538160704191,64.26658325232162,68.36106184588806
Delhi,2025-02,18.385714285714283,1690.0,0.6792857142857143,-70.29285714285714,0,7.428571428571429,1425.9285714285713,48.18214285714286,7.635714285714286,113.58214285714287,4839.535714285715,160494.4642857143,6.0217857142857145,5.894642857142857,9.867857142857144,58469.857142857145,61.70399974932642,77.02008201136672,61.04062720389195,66.89878540468192
Goa,2025-02,24.62857142857143,2282.4,0.48035714285714287,-69.36785714285715,0,7.214285714285714,4070.6071428571427,51.15714285714286,7.539285714285714,105.62857142857142,4957.535714285715,309133.21428571426,6.144642857142857,5.665,10.321428571428571,62148.892857142855,59.54123004272528,73.62082385742185,60.03434757067031,64.59236725985534
Gujarat,2025-02,29.982142857142858,349.1,1.4414285714285715,-68.41785714285714,0,7.464285714285714,5008.964285714285,50.94285714285714,8.039285714285715,111.68214285714285,4986.25,516710.53571428574,4.509285714285714,5.780714285714285,10.442857142857141,60855.53571428572,67.5064749801754,75.07676601094362,56.12136983267116,67.30980055406822
Haryana,2025-02,29.589285714285715,358.4,0.9296428571428572,-69.225,0,7.857142857142857,10541.107142857143,47.75714285714286,7.932142857142857,113.04285714285713,4984.928571428572,309740.60714285716,6.149642857142857,5.844285714285713,10.296428571428573,59779.107142857145,64.4291635238006,71.19263629104985,61.51012190658164,66.0666185880331
Himachal Pradesh,2025-02,12.75,1251.0,1.792857142857143,-71.16428571428571,0,7.214285714285714,3925.1428571428573,49.589285714285715,7.596428571428571,112.6892857142857,4985.857142857143,310074.4285714286,5.925357142857143,5.893571428571429,10.485714285714286,59413.25,70.15672755441008,74.45041053750091,61.45652512371631,69.48446599081842
Jammu and Kashmir,2025-02,21.92142857142857,1069.2,1.4317857142857144,-67.82142857142857,0,7.785714285714286,2165.8571428571427,50.332142857142856,7.796428571428572,109.23571428571428,4995.714285714285,191516.92857142858,7.372142857142856,5.596428571428571,10.828571428571427,60885.78571428572,68.02488959928812,76.47518514201782,64.73221601059036,70.15932464206908
Jharkhand,2025-02,24.675,878.7,1.0110714285714286,-68.35714285714286,0,7.357142857142857,4190.642857142857,48.50714285714286,7.889285714285714,113.57142857142857,5030.285714285715,206049.14285714287,8.750714285714286,5.975357142857143,10.410714285714286,59272.642857142855,63.87703151221859,75.81522662275869,70.37242323476833,69.67924773154506
Karnataka,2025-02,24.964285714285715,2176.2,0.9482142857142858,-68.825,0,7.892857142857143,6394.357142857143,49.36071428571428,8.025,108.53571428571429,4948.035714285715,512774.60714285716,4.74,5.523571428571429,10.00357142857143,60486.142857142855,64.59154421683444,74.3929552860557,55.14053172727957,65.65928496867316
Kerala,2025-02,26.482142857142858,1946.9,1.8682142857142858,-69.01428571428572,0,7.035714285714286,4150.357142857143,48.94285714285714,7.6571428571428575,114.10714285714286,5056.678571428572,308911.0,6.0075,5.6432142857142855,10.421428571428573,59399.17857142857,70.04830549044684,74.72518149761133,60.552157044811324,69.31117498154553
Ladakh,2025-02,21.885714285714283,2058.5,1.2953571428571429,-69.91071428571429,0,7.464285714285714,1879.6785714285713,49.503571428571426,7.928571428571429,113.99642857142858,5019.178571428572,147020.0,6.235357142857143,5.710714285714286,10.446428571428571,59111.78571428572,66.57896747284971,77.51470238908978,61.66561422370586,69.17813638124777
Lakshadweep,2025-02,24.025000000000002,1977.7,1.2853571428571429,-69.28571428571429,0,6.892857142857143,1881.0714285714287,50.59285714285714,7.678571428571429,112.075,4874.785714285715,116871.35714285714,7.9539285714285715,5.6674999999999995,11.025,60660.75,65.19058508190817,76.11932019496595,67.20561161054628,69.51939900363791
Madhya Pradesh,2025-02,25.432142857142857,997.5,1.3817857142857142,-69.92142857142856,0,7.357142857142857,6768.964285714285,49.07142857142857,7.8,112.05,5080.607142857143,310066.4285714286,5.88,5.983214285714285,10.285714285714286,59086.75,67.03390089686006,73.22224808807465,61.47038834433449,67.80894427565377
Maharashtra,2025-02,24.599999999999998,996.3,1.0507142857142857,-69.12142857142858,0,7.178571428571429,7642.5,50.40714285714286,7.457142857142857,109.21428571428571,5013.857142857143,515107.89285714284,4.4025,5.882142857142857,10.332142857142857,60502.46428571428,63.92422759176637,70.66556245839548,56.151522866452616,64.34051861375812
Manipur,2025-02,24.082142857142856,975.6999999999999,0.7175,-70.91071428571429,0,7.321428571428571,3447.0714285714284,49.5,7.732142857142857,111.11428571428571,4806.285714285715,308943.9285714286,5.897142857142858,5.793928571428571,10.310714285714285,62747.357142857145,61.86994623850521,75.43540197965437,59.613929317600984,66.05385151768135
Meghalaya,2025-02,22.12857142857143,2448.3,0.8164285714285714,-69.08214285714286,0,7.607142857142857,3937.5714285714284,50.142857142857146,7.5928571428571425,114.34285714285714,5089.178571428572,310531.85714285716,6.197857142857143,5.711785714285715,10.707142857142857,60729.0,62.98338671654203,74.25924377967809,61.47352026757096,66.55247007639689
Mizoram,2025-02,20.54642857142857,2678.3,0.6089285714285715,-71.46428571428571,0,7.75,4029.785714285714,49.86785714285714,7.764285714285714,110.88928571428572,5049.142857142857,310189.3214285714,5.976428571428571,5.770714285714286,10.278571428571428,61900.82142857143,62.00900092669357,75.00069051068832,59.97265113454456,66.04700483305447
Nagaland,2025-02,25.010714285714283,1193.2,1.1442857142857144,-68.47142857142858,0,7.571428571428571,4101.892857142857,49.971428571428575,7.567857142857143,112.425,5183.821428571428,310069.78571428574,6.044642857142857,5.717142857142858,10.242857142857144,59441.67857142857,65.40018860288,74.07375403819741,60.671343467631885,67.25372522142905
Odisha,2025-02,23.832142857142856,824.3,0.4082142857142857,-68.86785714285715,0,7.464285714285714,3937.3928571428573,50.15714285714286,7.839285714285714,104.92142857142858,4896.25,206352.07142857142,8.48607142857143,5.803214285714286,10.085714285714285,60087.892857142855,59.42946501480597,75.30734273402015,68.04758065807977,67.14125112734939
Puducherry,2025-02,18.607142857142858,891.6,0.4967857142857143,-69.67857142857143,0,7.285714285714286,1258.142857142857,49.4,7.771428571428571,100.72500000000001,4949.75,163947.85714285713,8.134642857142856,5.816071428571428,11.103571428571428,60696.5,59.86931423774365,77.36713440293528,68.50242329137232,68.15182855896789
Punjab,2025-02,30.196428571428573,305.4,0.1992857142857143,-69.17857142857143,0,7.071428571428571,9637.964285714286,49.232142857142854,7.546428571428572,113.75714285714285,4932.357142857143,309366.14285714284,5.925357142857143,5.5164285714285715,10.817857142857141,59126.107142857145,56.99328632151862,69.81858132513975,60.502105832775754,62.3593444506003
Rajasthan,2025-02,28.946428571428573,292.2,1.2449999999999999,-71.27142857142857,0,7.428571428571429,4741.678571428572,50.739285714285714,7.678571428571429,104.13214285714285,5151.678571428572,309895.96428571426,5.9875,5.6032142857142855,10.725,60584.607142857145,66.31013692754064,73.8093306536794,60.44673910081824,67.46900527500861
Sikkim,2025-02,12.021428571428572,935.4,1.1721428571428572,-71.76071428571429,0,7.571428571428571,4151.428571428572,51.146428571428565,7.821428571428571,110.57857142857142,4865.607142857143,309272.14285714284,6.024285714285715,5.776071428571428,10.685714285714285,56805.392857142855,66.11317073665569,74.76475679950076,62.41300146198513,68.21618353998382
Tamil Nadu,2025-02,24.989285714285717,1950.1,1.4307142857142858,-68.65,0,7.285714285714286,3373.714285714286,50.300000000000004,7.821428571428571,110.62857142857142,4987.714285714285,516533.3214285714,4.2542857142857144,5.734285714285714,9.978571428571428,61409.46428571428,67.07689978493083,75.63476017622325,54.20975504158817,66.8553647360475
Telangana,2025-02,24.585714285714285,888.9,0.2592857142857143,-69.45714285714286,0,7.5,4052.1071428571427,50.525,7.489285714285714,110.85714285714286,5134.821428571428,309809.21428571426,6.143928571428572,5.859285714285714,10.539285714285715,59045.71428571428,58.419887658049305,73.61162306759708,62.18471579605835,64.67820208589329
Tripura,2025-02,21.810714285714287,2608.5,0.7196428571428571,-68.9,0,7.214285714285714,3502.5,50.125,7.542857142857143,117.61428571428573,4947.642857142857,310926.1785714286,6.0878571428571435,5.7124999999999995,10.678571428571429,57486.5,61.357267052630114,74.39574885018865,62.11364557245997,66.10983031173306
Uttar Pradesh,2025-02,25.435714285714287,1142.3,1.3460714285714286,-69.45714285714286,0,6.75,9277.464285714286,49.46785714285714,7.485714285714286,114.07142857142857,4988.714285714285,206247.5357142857,8.459285714285715,5.8028571428571425,10.592857142857143,62809.07142857143,65.39094001301544,69.77419269641103,67.93862211106851,67.56199897671716
Uttarakhand,2025-02,11.096428571428572,1111.7,0.625,-70.70357142857144,0,7.071428571428571,3867.464285714286,49.739285714285714,7.507142857142857,108.175,5027.071428571428,309622.64285714284,6.257142857142857,5.7317857142857145,11.014285714285714,57240.142857142855,60.577810908010264,74.06985370301064,63.34093574686827,65.9908070959749
West Bengal,2025-02,24.364285714285717,971.6,0.8285714285714285,-69.26428571428572,0,7.428571428571429,3805.75,48.917857142857144,7.7178571428571425,108.08928571428571,4974.75,309654.8214285714,6.026785714285714,5.8500000000000005,10.789285714285715,57888.21428571428,62.72648733802185,75.26491411032255,62.56104648548619,67.07357649519318
Andaman and Nicobar Islands,2025-03,29.048387096774192,2033.7,1.177741935483871,-70.71290322580644,0,7.483870967741935,6362.290322580645,50.03548387096774,7.706451612903226,108.6548387096774,5000.451612903225,166870.83870967742,7.105806451612903,5.694838709677419,10.451612903225806,60486.1935483871,65.81384211381173,72.85573365244241,63.83947759235341,67.7849130219679
Andhra Pradesh,2025-03,26.74516129032258,942.1,0.6200000000000001,-70.50645161290322,0,7.129032258064516,10191.09677419355,48.84838709677419,7.670967741935484,108.0741935483871,4889.612903225807,309031.87096774194,6.062903225806451,5.771935483870968,10.864516129032259,59355.12903225807,60.6313905111472,70.02731698133029,62.004206277822284,64.26316871738005
Arunachal Pradesh,2025-03,25.86774193548387,969.2,1.4361290322580647,-70.33225806451614,0,7.612903225806452,11707.548387096775,51.4483870967742,7.648387096774194,108.91290322580646,4877.548387096775,309242.51612903224,6.080645161290323,5.9070967741935485,10.95483870967742,57991.354838709674,68.06806795481896,67.94962465833869,63.205382855832426,66.81094152630423
Assam,2025-03,23.59032258064516,2372.3,1.1303225806451613,-70.58064516129032,0,7.612903225806452,10489.806451612903,48.722580645161294,7.803225806451613,109.33548387096775,4842.032258064516,309496.7419354839,5.860645161290323,5.867741935483871,10.864516129032259,60634.32258064516,65.69474795525642,70.39317109852232,61.38600413997398,66.26201010157888
Bihar,2025-03,26.24516129032258,1198.1000000000001,0.7380645161290322,-68.79677419354839,0,7.387096774193548,12197.90322580645,48.961290322580645,7.787096774193548,106.5516129032258,4994.419354838709,206869.16129032258,8.56258064516129,5.648387096774194,10.729032258064517,59261.77419354839,61.85467855142903,68.89960028887333,68.94381151678957,66.09268440087467
Chandigarh,2025-03,19.58709677419355,1765.6,1.1696774193548387,-69.69677419354838,0,7.645161290322581,4069.967741935484,49.803225806451614,7.741935483870968,104.74193548387096,5053.354838709677,138618.35483870967,8.413548387096775,5.854838709677419,10.958064516129031,60370.290322580644,65.94102356145424,74.89281441449401,69.38387269093535,69.93486264238844
Chhattisgarh,2025-03,26.812903225806455,1109.5,0.8316129032258065,-70.2741935483871,0,7.774193548387097,10838.548387096775,49.60645161290322,8.025806451612903,109.78387096774195,4923.4838709677415,309175.48387096776,6.146129032258065,5.715483870967742,10.33548387096774,60445.32258064516,63.6373147333814,70.80216332524043,60.810924105440904,65.43841408354695
Dadra and Nagar Haveli and Daman and Diu,2025-03,19.961290322580645,1598.9,0.7629032258064515,-69.43870967741935,0,7.451612903225806,5871.774193548387,50.5258064516129,7.764516129032257,109.75161290322582,4911.064516129032,244824.29032258064,6.945483870967742,5.67225806451613,10.390322580645162,59426.87096774193,62.28403313126255,73.34513843352534,63.486513467372724,66.45604007108207
Delhi,2025-03,21.067741935483873,1850.0,0.863225806451613,-70.63548387096773,0,7.709677419354839,3952.483870967742,48.92580645161291,7.95483870967742,107.95483870967742,4997.032258064516,160135.61290322582,5.983225806451612,5.927741935483871,10.32258064516129,57246.77419354839,63.80343470090145,76.15819725246884,62.19230374923946,67.72481885603453
Goa,2025-03,27.138709677419353,2544.9,0.8570967741935483,-69.13870967741936,0,7.67741935483871,11664.064516129032,50.95161290322581,8.07741935483871,108.43225806451613,5083.903225806452,309687.48387096776,6.128064516129032,5.838387096774194,10.283870967741937,59446.3870967742,63.46197111861147,69.96505905921296,61.50336087176468,65.2483993361103
Gujarat,2025-03,32.174193548387095,371.2,1.0535483870967741,-69.68709677419355,0,7.903225806451613,13971.548387096775,49.57096774193548,7.951612903225806,109.34516129032258,4986.387096774193,517174.8387096774,4.494193548387097,5.937096774193549,10.248387096774193,58555.48387096774,65.57323599570114,68.01416415322927,57.13942906838751,64.31910911900758
Haryana,2025-03,32.36774193548387,397.9,1.5161290322580645,-69.1774193548387,0,7.193548387096774,29970.935483870966,49.096774193548384,7.535483870967742,112.56451612903226,5041.258064516129,310016.1935483871,6.1812903225806455,5.678387096774194,10.503225806451614,62031.32258064516,67.63321316922253,53.705474720727274,60.53791092740881,60.98467915179576
Himachal Pradesh,2025-03,14.964516129032257,1472.2,1.0993548387096774,-69.36451612903227,0,7.67741935483871,10798.032258064517,51.87096774193548,8.190322580645162,109.09354838709677,4946.064516129032,309436.9032258064,5.889032258064516,5.77483870967742,10.564516129032258,62396.06451612903,65.40548778901487,70.85738311636081,60.03519871062279,65.97107888398793
Jammu and Kashmir,2025-03,24.65806451612903,1042.0,0.67,-71.68064516129031,0,7.387096774193548,6311.774193548387,48.75806451612903,7.577419354838709,108.78387096774195,4909.290322580645,191499.0,7.4719354838709675,5.5680645161290325,10.861290322580645,59014.12903225807,61.75072758106227,72.72801217099753,65.56102171989929,66.54535072224886
Jharkhand,2025-03,26.60967741935484,915.0,0.8161290322580645,-70.23548387096774,0,7.741935483870968,11882.612903225807,49.55806451612903,7.758064516129032,111.65806451612903,4855.903225806452,206706.5806451613,8.587741935483871,5.620645161290323,10.17741935483871,57914.290322580644,63.44081951642397,68.84636173683501,68.42408777631545,66.5785763585407
Karnataka,2025-03,27.06451612903226,2251.8,1.0293548387096774,-70.86774193548388,0,7.290322580645161,19572.1935483871,50.3,7.587096774193548,106.00967741935484,5103.935483870968,515264.03225806454,4.615806451612904,5.820322580645161,10.364516129032259,60989.32258064516,64.25557306340558,61.802368846308305,56.44387571517075,61.44402725036282
Kerala,2025-03,28.883870967741935,2015.3,1.1487096774193548,-71.01612903225806,0,6.903225806451613,11410.129032258064,50.829032258064515,7.358064516129032,107.01290322580645,5002.064516129032,310199.32258064515,6.025161290322581,5.78,10.745161290322581,58415.67741935484,64.39505840013598,67.13136565574177,62.02275999395504,64.75969133805278
Ladakh,2025-03,23.903225806451612,2202.1,1.1390322580645162,-70.9258064516129,0,7.193548387096774,5390.0,51.093548387096774,7.674193548387097,109.00967741935484,4975.612903225807,146922.29032258064,6.241935483870968,5.700322580645161,10.87741935483871,60367.93548387097,64.92293351548132,73.17078357373487,61.95289128174447,67.06717047743585
Lakshadweep,2025-03,26.91290322580645,2285.5,0.8825806451612903,-67.93225806451613,0,7.258064516129032,5460.451612903225,50.55806451612903,7.883870967741935,109.25483870967743,5037.322580645161,116663.54838709677,8.014516129032257,5.6009677419354835,10.490322580645161,57048.77419354839,62.58964054433571,74.17093653026427,67.37149437794831,67.83855759781386
Madhya Pradesh,2025-03,27.509677419354837,1110.5,0.9348387096774193,-69.75806451612904,0,7.193548387096774,18772.064516129034,51.57419354838709,7.541935483870968,107.67096774193548,5255.451612903225,309616.5483870968,5.9470967741935485,5.766129032258065,10.94516129032258,63533.1935483871,63.13817737857457,61.861104206071076,60.4421455180581,62.01719380306923
Maharashtra,2025-03,27.43548387096774,1043.0,1.2948387096774194,-70.79677419354839,0,7.645161290322581,21080.709677419356,48.05806451612903,8.27741935483871,110.43548387096774,4956.032258064516,515667.7419354839,4.433548387096774,5.641935483870968,10.87741935483871,60622.709677419356,67.09263146109825,64.22762048306836,56.09022262222463,63.33927540906939
Manipur,2025-03,27.009677419354837,1120.3,0.5048387096774193,-69.84516129032258,0,7.709677419354839,10179.09677419355,49.7,7.622580645161291,108.92903225806452,4963.612903225807,309641.1612903226,5.936129032258065,5.702903225806451,10.04516129032258,59264.87096774193,60.85983121972093,69.57472747024772,60.01077765206466,63.697781515491236
Meghalaya,2025-03,23.845161290322583,2523.7,0.9370967741935484,-71.20967741935483,0,8.0,11045.548387096775,49.519354838709674,8.093548387096774,116.52258064516128,4964.5161290322585,309830.03225806454,6.323548387096774,6.075806451612903,10.806451612903226,61939.6129032258,65.08957343665264,70.95357126104933,63.173859961144366,66.66304430631442
Mizoram,2025-03,22.983870967741936,3001.8,1.1329032258064515,-71.10967741935484,0,6.903225806451613,11515.774193548386,50.58387096774193,7.670967741935483,104.63548387096773,5010.8387096774195,310488.1935483871,5.862903225806452,5.694193548387097,10.73225806451613,60147.74193548387,64.28449326881247,68.45731423693123,60.59805494310222,64.82337102622647
Nagaland,2025-03,26.92258064516129,1338.3,0.8809677419354839,-68.06129032258065,0,7.67741935483871,11408.709677419354,51.25806451612903,7.67741935483871,105.98709677419355,4927.225806451613,309746.8064516129,6.063870967741935,5.712903225806452,10.887096774193548,58287.12903225807,63.48852570140025,68.36741669928637,62.131630618293336,64.85691377988366
Odisha,2025-03,26.154838709677417,854.0,0.8135483870967741,-70.85483870967742,0,7.935483870967742,11136.645161290322,51.358064516129026,7.919354838709677,114.23225806451612,4909.4838709677415,206865.51612903227,8.604516129032259,5.71225806451613,10.774193548387096,61177.77419354839,63.925185390239236,69.58599340736129,68.81220487918104,67.1282230684674
Puducherry,2025-03,21.038709677419355,982.5,1.246451612903226,-69.81612903225808,0,7.193548387096774,3467.8709677419356,51.093548387096774,7.641935483870968,111.66451612903225,5049.612903225807,164516.64516129033,8.040322580645162,5.635483870967741,10.316129032258065,60612.54838709677,65.6032355896437,74.555677884193,66.18861183334086,68.88293445366024
Punjab,2025-03,32.35806451612903,340.7,0.8180645161290322,-68.96774193548387,0,7.258064516129032,27486.90322580645,51.44193548387097,7.683870967741935,107.68709677419355,4991.451612903225,309977.96774193546,5.902258064516129,5.8022580645161295,10.790322580645162,56919.41935483871,62.23640235196849,55.60328824018836,62.28529889576168,59.92703654879375
Rajasthan,2025-03,31.393548387096775,335.6,1.2383870967741937,-70.1516129032258,0,7.870967741935484,13361.387096774193,50.71935483870968,8.016129032258064,108.94193548387096,4898.4838709677415,309840.03225806454,6.120967741935484,5.7051612903225815,10.606451612903227,60322.354838709674,67.03130584991489,68.42847600083917,61.173193127448826,66.05578722212186
Sikkim,2025-03,14.180645161290323,1082.3,1.2999999999999998,-70.49032258064516,0,7.967741935483871,11951.225806451614,50.274193548387096,8.083870967741936,109.5,5004.322580645161,309941.29032258067,6.040322580645161,5.733870967741935,10.138709677419355,57018.903225806454,67.77369037921926,69.96835514480244,61.32058483983164,66.92854666232647
Tamil Nadu,2025-03,27.687096774193545,1999.2,0.8703225806451613,-70.96774193548387,0,8.193548387096774,9378.354838709678,49.08387096774193,8.345161290322581,104.8225806451613,5029.4838709677415,516067.77419354836,4.233548387096774,5.74483870967742,10.154838709677419,58512.06451612903,64.9387277929335,73.47928203674152,55.391693379169936,65.54116317482541
Telangana,2025-03,27.070967741935487,1014.2,0.952258064516129,-68.52903225806452,0,7.387096774193548,11466.0,50.251612903225805,7.812903225806451,113.85806451612903,5158.419354838709,308377.29032258067,6.182258064516129,5.8993548387096775,10.758064516129032,59796.709677419356,63.50293902750754,69.2024814295386,62.59305030937857,65.27030668868616
Tripura,2025-03,23.91290322580645,2802.9,1.3096774193548388,-69.80645161290323,0,7.258064516129032,10281.90322580645,49.66129032258065,7.622580645161291,109.16451612903225,5104.935483870968,310205.3870967742,6.271935483870968,5.9070967741935485,10.7,61881.48387096774,66.23744189393571,69.50490112795138,62.148792893717555,66.35889037578666
Uttar Pradesh,2025-03,27.161290322580644,1275.0,0.8693548387096774,-69.19677419354838,0,7.387096774193548,25845.1935483871,52.403225806451616,7.854838709677419,111.06129032258065,5077.903225806452,206020.4516129032,8.564838709677419,5.686451612903226,10.551612903225807,62587.25806451613,62.94959972450921,57.345426815991075,67.77351137789351,62.19411711987394
Uttarakhand,2025-03,13.551612903225807,1192.7,1.0083870967741935,-71.62258064516129,0,7.161290322580645,11182.064516129032,49.76451612903226,7.461290322580646,111.71935483870968,4935.225806451613,310588.70967741933,6.269354838709678,5.85741935483871,10.451612903225806,59645.6129032258,63.92897989934196,68.0721556239942,62.22831929080336,64.9539262508356
West Bengal,2025-03,26.693548387096776,1002.9,1.414516129032258,-71.34193548387097,0,7.935483870967742,10389.967741935483,50.28064516129032,7.938709677419355,110.85483870967742,4996.967741935484,309605.0,6.064516129032258,5.793870967741935,10.929032258064517,60028.74193548387,68.73549350697854,70.58335245694234,61.99526111546233,67.69718604158682
Andaman and Nicobar Islands,2025-04,31.790000000000003,1911.4,1.1676666666666666,-71.54333333333334,0,7.5,6434.5,48.809999999999995,7.66,106.92333333333333,5144.4,167704.86666666667,7.1370000000000005,5.968666666666667,10.503333333333334,57643.066666666666,65.89330347913278,72.96783002725444,66.0685550770769,68.41320067046139
Andhra Pradesh,2025-04,29.163333333333334,969.5,1.6340000000000001,-68.64,0,7.366666666666666,10736.933333333332,49.14666666666667,7.713333333333334,105.60666666666665,5010.5,309702.43333333335,6.03,5.788666666666667,10.360000000000001,62162.46666666667,68.85007756333265,69.68634266892819,60.263396922259474,66.99610019002279
Arunachal Pradesh,2025-04,28.63,1002.3,1.457,-68.28,0,7.466666666666667,11804.333333333334,50.473333333333336,7.786666666666666,105.46000000000001,4997.733333333334,309703.13333333336,6.022333333333333,5.696666666666667,9.926666666666668,61122.933333333334,67.61360704002001,68.75592149671874,59.46931451672356,65.97734396904045
Assam,2025-04,25.94333333333333,2320.2,0.6813333333333332,-70.27,0,7.566666666666666,10242.8,49.06333333333334,7.716666666666667,115.06666666666666,5158.666666666667,309027.36666666664,5.938,5.633666666666667,10.683333333333334,60424.46666666667,62.010531583667856,70.11700898902674,60.40563287893914,64.44657399936129
Bihar,2025-04,29.163333333333334,1112.3,1.393,-70.06666666666666,0,7.433333333333334,12157.5,49.25333333333333,7.983333333333333,106.37666666666668,5077.0,205465.23333333334,8.511,5.602666666666666,10.656666666666666,59103.566666666666,67.30619276737613,69.68191794068098,68.52444709071598,68.44226015886778
Chandigarh,2025-04,22.396666666666665,1796.9,1.4289999999999998,-68.12666666666667,0,7.4,4095.9,49.376666666666665,7.87,112.8,5003.7,138049.43333333332,8.343333333333332,5.870333333333334,10.26,60093.566666666666,67.22804769290143,75.5470715929061,68.17725068119069,70.37700680497537
Chhattisgarh,2025-04,29.220000000000002,1080.9,1.5923333333333334,-70.07666666666667,0,7.5,11127.4,50.876666666666665,7.533333333333333,108.73333333333333,5049.866666666667,310242.0333333333,6.242666666666667,5.759333333333333,10.22,61335.666666666664,69.0208200073579,68.08943522321886,60.82170645436734,66.64505694466159
Dadra and Nagar Haveli and Daman and Diu,2025-04,23.326666666666664,1474.7,1.2226666666666666,-70.87333333333332,0,7.733333333333333,6023.866666666667,49.556666666666665,7.78,107.20666666666666,5176.466666666666,244267.46666666667,6.956333333333333,5.715999999999999,10.889999999999999,58416.666666666664,66.72280543883505,73.58151436955228,64.84096666132356,68.6528938702082
Delhi,2025-04,23.383333333333333,1823.6000000000001,1.1640000000000001,-70.08333333333333,0,7.933333333333334,4015.266666666667,50.233333333333334,7.95,110.33,5263.166666666667,160891.6,6.184,5.72,10.386666666666667,60604.4,66.56738609080274,75.6955439584716,60.97970411039848,68.36532084938578
Goa,2025-04,29.66,2408.1,0.9846666666666667,-69.83333333333333,0,7.8,11352.833333333334,50.2,7.790000000000001,106.92,5067.9,309482.5,6.075333333333333,5.854666666666668,10.726666666666667,59889.1,64.8325687188236,69.20981535948324,61.99685343122983,65.65567622115603
Gujarat,2025-04,34.526666666666664,346.0,1.062,-70.80333333333333,0,7.566666666666666,13836.566666666668,52.093333333333334,7.723333333333333,106.97,5049.3,515210.5,4.549666666666667,5.887,10.47,58269.9,65.09120966469854,66.38963423470048,57.55127046204042,63.66067346353469
Haryana,2025-04,34.9,368.2,0.37866666666666665,-70.53,0,7.3,30821.3,49.38333333333333,7.716666666666667,107.11333333333333,5043.766666666666,310423.2,6.168,5.658666666666666,10.753333333333334,59825.333333333336,59.09632759068432,53.71952705199756,61.518452822177075,57.81997871001714
Himachal Pradesh,2025-04,17.56,1423.8,0.9480000000000001,-69.36999999999999,0,7.766666666666667,10662.7,49.230000000000004,7.89,106.74333333333334,4829.533333333334,309932.36666666664,5.963666666666667,5.810333333333333,10.486666666666668,59299.1,64.4031146936793,70.47450920876247,61.260567202352554,65.74246590112672
Jammu and Kashmir,2025-04,27.196666666666665,1120.5,1.3090000000000002,-68.52666666666667,0,6.866666666666666,6176.9,50.31666666666667,7.7,106.99333333333334,5045.866666666667,190337.1,7.451333333333333,5.868666666666667,10.806666666666667,61505.666666666664,65.20737288204877,72.8906895588503,65.89075051585337,68.06737812738045
Jharkhand,2025-04,28.96333333333333,910.6999999999999,1.006,-69.39333333333335,0,7.733333333333333,11336.233333333334,51.026666666666664,7.963333333333334,110.82,5002.233333333334,206364.6,8.646333333333333,5.626666666666667,10.816666666666666,57458.4,64.79288884280183,69.7150937878111,69.82001055583471,67.77244100181329
Karnataka,2025-04,29.82,2182.3,0.9323333333333333,-70.82666666666667,0,7.7,19316.933333333334,48.65,7.826666666666667,116.36333333333333,4934.6,516558.86666666664,4.647666666666667,5.706666666666666,10.693333333333333,61990.566666666666,64.35627521433491,63.522532834952415,56.28622257275784,62.04695222115678
Kerala,2025-04,31.406666666666663,2056.0,1.339,-69.45666666666666,0,7.833333333333333,11685.633333333333,50.019999999999996,7.873333333333333,110.50333333333333,5188.333333333333,310043.36666666664,6.113666666666666,5.979,10.273333333333333,61206.73333333333,67.640091230152,69.35601526810736,61.4803668093565,66.7007335382375
Ladakh,2025-04,26.42,2042.3,1.3316666666666668,-72.13333333333334,0,7.766666666666667,5614.933333333333,50.28666666666666,7.766666666666667,110.79666666666667,5045.733333333334,146800.96666666667,6.153333333333333,5.912333333333334,10.613333333333333,60928.333333333336,67.84194085065505,73.62952237817585,61.9657588192725,68.39854887744168
Lakshadweep,2025-04,28.576666666666664,2141.3,0.89,-68.96000000000001,0,7.1,5573.3,48.519999999999996,7.586666666666667,110.87333333333332,5020.0,116080.86666666667,7.9896666666666665,5.820666666666667,10.173333333333334,60453.96666666667,62.46597884242911,73.42390763334315,66.62971957473437,67.34218910232534
Madhya Pradesh,2025-04,29.826666666666664,1036.4,0.7183333333333334,-70.83,0,7.766666666666667,18854.133333333335,50.47666666666667,8.16,110.21000000000001,5192.233333333334,310091.4666666667,5.968666666666667,5.544333333333333,10.883333333333333,60708.5,62.81172310188408,64.76446902434984,60.361466585553636,62.88262004566449
Maharashtra,2025-04,29.776666666666664,1036.6,0.9576666666666667,-70.00666666666666,0,7.9,21806.2,49.56333333333334,8.0,106.78,5022.666666666667,516162.1,4.490666666666667,5.742,10.153333333333334,59630.36666666667,64.85850199276473,62.01676180859358,55.812410336835256,61.60237001432246
Manipur,2025-04,29.223333333333336,1109.4,1.0863333333333334,-69.14,0,7.433333333333334,10063.466666666667,49.980000000000004,7.613333333333333,109.98666666666666,4909.433333333333,309367.0333333333,5.799333333333333,5.574666666666667,9.93,60740.7,64.74983389299064,69.54283934710885,58.39831020326449,64.83950487950048
Meghalaya,2025-04,26.946666666666665,2532.4,0.8293333333333333,-70.15333333333334,0,7.833333333333333,10888.366666666667,49.13666666666666,7.846666666666667,110.79666666666667,5193.266666666666,309600.0,6.3149999999999995,5.752666666666667,10.553333333333335,59211.1,63.72704588348307,70.13871277195932,62.23016001030599,65.59690782615549
Mizoram,2025-04,25.93,3048.3,0.6806666666666666,-69.68666666666667,0,6.9,11175.766666666666,49.45,7.556666666666667,113.19,4976.2,309871.0,5.864,5.842666666666667,10.120000000000001,58959.13333333333,60.49933673936801,68.57875373425186,60.597765933228224,63.35173998604242
Nagaland,2025-04,29.433333333333334,1226.0,1.0756666666666668,-69.76,0,8.4,11266.066666666668,50.413333333333334,8.136666666666667,104.39333333333335,5033.0,309830.76666666666,6.059333333333333,5.399333333333333,11.046666666666665,58616.433333333334,66.81548943383841,70.69480563203872,60.95431362824281,66.70795615180963
Odisha,2025-04,28.596666666666668,826.4,1.005,-70.86333333333333,0,7.433333333333334,10822.6,48.17666666666666,7.886666666666667,111.08333333333333,5078.333333333333,206212.6,8.488000000000001,5.912999999999999,10.196666666666665,57927.566666666666,64.36720827847971,70.64960944823272,69.37797723532395,67.81874092710433
Puducherry,2025-04,23.763333333333332,936.6,0.4166666666666667,-70.26333333333334,0,6.9,3593.0333333333333,50.80333333333333,7.506666666666666,109.63666666666667,4914.233333333334,164588.8,8.049666666666667,5.548,10.456666666666667,59665.36666666667,58.50480605620137,73.96599955205606,66.37708160961645,65.88429266810428
Punjab,2025-04,34.28,311.8,0.925,-70.62666666666668,0,6.833333333333333,26915.8,49.43,7.513333333333334,109.1,5069.966666666666,309508.3333333333,5.911333333333333,5.889333333333334,10.366666666666667,58710.7,62.424497175263504,55.93108349804088,61.42178254014732,59.90112372945654
Rajasthan,2025-04,33.32,355.2,1.3553333333333333,-67.4,0,7.933333333333334,13022.566666666668,48.67666666666666,7.680000000000001,109.3,5055.7,310204.9,6.018,5.943666666666667,10.536666666666667,61478.8,67.67310782329977,67.87442102248599,61.384528531396114,66.17142262003904
Sikkim,2025-04,16.856666666666666,1120.2,0.8586666666666667,-68.42,0,7.5,11981.966666666667,49.18,7.613333333333333,109.68333333333334,5038.1,310682.1666666667,5.962000000000001,5.633333333333334,10.56,60946.46666666667,62.98905165679001,68.26307876707676,60.111253675810374,64.11551165014546
Tamil Nadu,2025-04,30.27,1914.6,0.997,-71.26,0,7.833333333333333,9088.0,50.57333333333334,7.916666666666667,110.75,5066.1,515088.9666666667,4.211,5.782,10.32,59028.86666666667,65.2147105724134,71.4327908225285,55.58724375350964,64.98417195522775
Telangana,2025-04,29.040000000000003,935.5,0.30833333333333335,-70.01666666666667,0,7.8,11039.5,51.43333333333333,8.106666666666666,114.85,5088.066666666667,310168.5,6.139666666666667,5.527333333333333,10.93,59644.23333333333,59.52874137520604,70.44018370047056,61.22486046757823,63.77177596214167
Tripura,2025-04,26.69333333333333,2850.1,1.331,-68.27666666666667,0,7.9,10206.8,49.85666666666667,7.846666666666667,107.13666666666667,5167.933333333333,309909.0333333333,6.114,5.753,10.516666666666667,62990.5,67.54187366592967,70.46262319815888,60.36638122015122,66.77026289076528
Uttar Pradesh,2025-04,30.253333333333334,1224.5,1.552,-69.43,0,7.833333333333333,25511.7,49.53333333333333,7.973333333333333,112.14333333333335,5072.233333333334,206444.1,8.571333333333333,5.625333333333333,9.946666666666665,61096.23333333333,69.31510462225236,58.97654386752371,67.01377948995739,65.12127707502358
Uttarakhand,2025-04,16.220000000000002,1207.3,1.7806666666666666,-70.32666666666667,0,8.0,11292.166666666666,49.17333333333333,7.946666666666667,111.69,4860.366666666667,309829.26666666666,6.343333333333334,5.691999999999999,10.32,58557.7,71.60672345114389,70.23483546815898,61.884549336964994,68.69601912855444
West Bengal,2025-04,29.513333333333332,998.8,0.9626666666666668,-70.52,0,7.733333333333333,10353.033333333333,48.03666666666666,7.776666666666667,108.32666666666667,4993.266666666666,309225.76666666666,6.0280000000000005,5.866333333333333,10.389999999999999,60751.6,64.62030552359516,70.59388480571691,61.077831060183605,65.82543965648489
Andaman and Nicobar Islands,2025-05,33.774193548387096,2071.5,0.8087096774193548,-70.1516129032258,0,7.483870967741935,6526.709677419355,48.29677419354839,7.980645161290322,109.25483870967743,4978.4838709677415,167538.38709677418,7.131612903225807,5.556451612903226,10.793548387096775,59782.903225806454,62.820680943793846,74.41789887877074,64.11715328580479,67.2038253065385
Andhra Pradesh,2025-05,31.845161290322583,1010.9,1.3241935483870966,-68.36129032258064,0,7.161290322580645,10331.483870967742,50.92580645161291,7.783870967741936,107.17096774193548,5049.903225806452,310202.87096774194,6.034193548387097,5.735483870967743,10.783870967741937,58962.67741935484,65.92919133485044,69.77497567766329,61.75408653825194,66.23143965568532
Arunachal Pradesh,2025-05,30.845161290322583,947.9,0.824516129032258,-70.98387096774194,0,7.161290322580645,11562.677419354839,51.041935483870965,7.761290322580645,111.69999999999999,4988.096774193548,308882.03225806454,6.128387096774193,5.645806451612904,10.5,61173.354838709674,62.38377524464379,68.66841491426084,60.50345539512905,64.11331916663107
Assam,2025-05,28.567741935483873,2440.2,1.1651612903225805,-69.74516129032257,0,7.548387096774194,10400.838709677419,50.122580645161285,7.716129032258064,109.44516129032257,5092.193548387097,310350.8387096774,5.929354838709678,5.945806451612903,10.438709677419356,60399.645161290326,65.70677983239484,69.67174703365437,61.30132145290061,65.99315375796212
Bihar,2025-05,31.032258064516128,1170.0,1.0887096774193548,-69.54193548387097,0,7.354838709677419,12768.0,50.10322580645161,7.609677419354839,108.46451612903226,5145.0,207273.38709677418,8.57,5.687741935483871,10.399999999999999,59553.77419354839,64.66184636647813,67.34783554408634,68.50118579238233,66.56177743511705
Chandigarh,2025-05,24.419354838709676,1768.3999999999999,1.1970967741935483,-69.64193548387097,0,7.290322580645161,3968.8387096774195,49.751612903225805,7.432258064516129,109.50322580645161,4985.419354838709,137741.8064516129,8.452580645161289,5.690967741935483,10.787096774193548,60524.93548387097,65.39396010549581,73.66609469546457,68.4839931908319,69.06171548331889
Chhattisgarh,2025-05,30.95483870967742,1103.2,0.9464516129032258,-70.43225806451613,0,7.548387096774194,10893.548387096775,49.8,7.616129032258065,117.67096774193548,5096.8387096774195,310797.1935483871,6.199677419354838,5.456774193548387,10.69032258064516,61479.77419354839,64.08582332801193,68.95121866790211,60.14065394156587,64.80241935036197
Dadra and Nagar Haveli and Daman and Diu,2025-05,24.561290322580643,1561.0,1.0790322580645162,-70.16129032258064,0,7.290322580645161,6122.0,49.99677419354839,7.877419354838709,109.35161290322581,5025.032258064516,245543.16129032258,6.965483870967742,5.7703225806451615,10.519354838709678,61923.83870967742,64.54119711668963,73.78772268872055,63.38640335107693,67.48878262549728
Delhi,2025-05,25.822580645161292,1883.2,1.392258064516129,-70.1032258064516,0,6.774193548387097,3954.3548387096776,50.13225806451613,7.16774193548387,113.06451612903226,4988.032258064516,160404.38709677418,6.057096774193549,5.942903225806451,10.751612903225807,60582.16129032258,65.90340311510052,72.43389811851179,62.13553639111788,67.2471096852988
Goa,2025-05,31.406451612903226,2535.0,1.5306451612903227,-69.2741935483871,0,7.161290322580645,11208.677419354839,51.10322580645161,7.283870967741936,113.42903225806452,5049.967741935484,309766.0967741936,6.070322580645161,5.5441935483870965,10.148387096774194,60875.54838709677,67.69352129236101,66.89188526330064,59.41501476180711,65.3433220495514
Gujarat,2025-05,36.89354838709678,364.1,0.7425806451612903,-70.26451612903226,29,7.161290322580645,13728.322580645161,49.829032258064515,8.035483870967742,111.29032258064517,4876.870967741936,514821.87096774194,4.4558064516129035,5.917096774193548,10.503225806451614,60142.93548387097,71.2966665037783,68.48754548037863,56.855570665214174,66.70320018594738
Haryana,2025-05,36.690322580645166,391.6,0.6651612903225805,-69.65806451612903,14,7.709677419354839,30173.1935483871,49.877419354838715,8.225806451612904,109.58709677419355,4897.903225806452,309952.3870967742,6.135483870967741,5.755483870967741,10.803225806451612,58768.54838709677,66.76220689119432,56.25871865536489,62.241294751242904,61.95575797366617
Himachal Pradesh,2025-05,19.370967741935484,1559.1,0.6912903225806452,-67.54516129032258,0,7.225806451612903,11179.193548387097,49.4483870967742,7.496774193548387,112.16774193548386,4956.1612903225805,310088.51612903224,5.845806451612903,5.5764516129032256,10.45483870967742,60398.645161290326,60.955059156403436,68.32078375341754,59.51594268900948,63.17328364850988
Jammu and Kashmir,2025-05,29.85483870967742,1075.9,1.0558064516129033,-70.75806451612904,0,7.870967741935484,6173.5161290322585,49.88387096774194,8.219354838709679,110.41290322580645,5113.870967741936,190564.64516129033,7.408064516129032,5.72516129032258,10.5,60564.54838709677,65.68304660422535,75.24083969260545,64.94725731378365,68.84432686254796
Jharkhand,2025-05,31.01290322580645,893.2,0.9290322580645162,-70.95483870967742,0,7.129032258064516,11627.645161290322,47.906451612903226,7.335483870967742,116.03548387096774,5080.0,207147.4193548387,8.60483870967742,5.760967741935484,10.674193548387096,62130.93548387097,63.13465467839261,67.73941335605724,68.5545028169684,66.10128225021919
Karnataka,2025-05,31.712903225806453,2286.6,1.0512903225806451,-70.40645161290323,0,7.709677419354839,19172.90322580645,50.012903225806454,7.761290322580645,105.8258064516129,5070.548387096775,515992.4516129032,4.5929032258064515,5.722903225806451,10.193548387096774,61233.3870967742,65.25153451552285,62.9486016905657,55.60623546436477,62.03418326399833
Kerala,2025-05,33.45161290322581,2039.7,1.090967741935484,-70.66774193548386,0,7.903225806451613,11748.806451612903,49.49677419354839,7.800000000000001,107.62258064516129,5040.032258064516,310743.3870967742,6.038387096774193,5.6164516129032265,10.735483870967743,58237.93548387097,66.01529801824188,69.14980842619013,61.414202987996845,65.96210290346252
Ladakh,2025-05,28.43548387096774,2216.7000000000003,0.877741935483871,-70.7258064516129,0,7.483870967741935,5194.225806451613,51.04516129032258,7.851612903225806,114.91290322580646,5093.354838709677,146903.35483870967,6.223870967741935,5.8432258064516125,10.461290322580645,58263.77419354839,63.45097000317515,74.09796011082106,62.48011260007048,66.93470219007506
Lakshadweep,2025-05,31.048387096774192,2116.3,0.9793548387096774,-70.30967741935484,0,7.129032258064516,5567.677419354839,51.73225806451613,8.087096774193547,111.31935483870969,5090.806451612903,116549.54838709677,7.951935483870967,5.966129032258064,10.006451612903225,59497.903225806454,63.43455788779388,74.60150697540644,67.15459358064578,68.27299899167124
Madhya Pradesh,2025-05,31.683870967741935,1095.4,0.8493548387096773,-70.17096774193548,0,7.483870967741935,19158.032258064515,50.196774193548386,7.94516129032258,113.11290322580645,5008.677419354839,310939.5806451613,5.884838709677419,5.5525806451612905,10.86774193548387,63166.6129032258,63.1439774565981,63.690344565549154,59.34023088353513,62.384269301465224
Maharashtra,2025-05,31.738709677419354,1046.6,0.962258064516129,-70.70322580645161,0,7.806451612903226,21015.548387096773,51.36129032258064,8.36774193548387,113.57741935483871,4752.225806451613,515500.12903225806,4.531935483870968,5.554193548387097,10.380645161290323,63263.1935483871,64.80013931726269,63.67394589502821,54.37636007912182,61.8000268099454
Manipur,2025-05,31.822580645161292,1111.4,1.0970967741935482,-70.08387096774193,0,7.419354838709677,10111.838709677419,48.538709677419355,7.564516129032258,105.55483870967741,4892.0,310040.32258064515,5.904516129032258,5.60258064516129,10.583870967741936,58738.06451612903,64.94651794919349,69.72845988790598,60.53999031319394,65.51856571874298
Meghalaya,2025-05,28.887096774193548,2662.9,0.9593548387096774,-69.61935483870967,0,7.580645161290323,11025.806451612903,50.512903225806454,7.674193548387097,111.08709677419354,5095.451612903225,309616.6451612903,6.220645161290323,5.669354838709677,10.14516129032258,61206.12903225807,64.13423417856498,68.88051192438839,60.29327115476641,64.83519063365353
Mizoram,2025-05,27.287096774193547,3160.8,0.5870967741935483,-69.58387096774193,0,7.225806451612903,11793.161290322581,50.62580645161291,7.912903225806452,112.30967741935484,4935.548387096775,309880.2580645161,5.8835483870967735,5.838709677419355,11.119354838709677,60783.8064516129,60.43953995960135,69.25805624619595,61.70438880628133,63.842232871579455
Nagaland,2025-05,32.24193548387097,1247.9,1.211290322580645,-70.21612903225805,0,7.580645161290323,11418.774193548386,51.39032258064516,7.377419354838709,113.3967741935484,4965.258064516129,309849.32258064515,6.018064516129033,5.798387096774194,10.754838709677419,62635.8064516129,66.20968012621057,67.03877482879881,60.765911330763196,65.13892107325461
Odisha,2025-05,31.296774193548387,874.0,0.8158064516129032,-70.18387096774192,0,7.193548387096774,11384.645161290322,50.46451612903226,7.751612903225807,111.97096774193548,4931.645161290323,206451.51612903227,8.51741935483871,5.828387096774194,10.709677419354838,61068.354838709674,62.263753720108674,68.9413485905464,68.96359376656915,66.275871936377
Puducherry,2025-05,25.47741935483871,1047.4,0.88,-67.8225806451613,0,7.096774193548387,3501.3870967741937,50.86774193548387,7.767741935483872,114.16774193548386,5041.967741935484,164297.0,8.04258064516129,5.537096774193548,10.683870967741935,60787.48387096774,62.209675601404236,75.1340597372454,66.32857664967204,67.76293531101558
Punjab,2025-05,36.78064516129032,320.9,0.905483870967742,-70.73225806451612,24,7.67741935483871,28576.548387096773,49.564516129032256,7.816129032258065,112.57096774193549,4997.580645161291,309427.70967741933,5.998709677419355,5.671290322580645,10.519354838709678,57580.032258064515,72.08242395643526,55.86807810755809,61.376690537349525,63.73096955455682
Rajasthan,2025-05,36.20645161290323,341.0,1.2287096774193549,-69.70645161290322,10,7.645161290322581,12851.225806451614,49.541935483870965,8.064516129032258,107.55806451612904,4948.419354838709,309638.03225806454,6.148064516129033,5.872580645161291,10.261290322580646,63046.354838709674,69.74114161499712,69.39244317607432,60.538426856846066,67.31841847183638
Sikkim,2025-05,18.53548387096774,1110.4,1.4041935483870969,-69.70645161290322,0,7.548387096774194,11778.967741935483,49.8,8.161290322580646,113.78387096774195,4978.548387096775,309824.32258064515,6.0119354838709675,5.860645161290323,10.548387096774194,62198.58064516129,67.58519104479278,70.57764781556163,60.80876424412347,66.93844421439455
Tamil Nadu,2025-05,32.15161290322581,2111.9,1.1070967741935485,-69.3225806451613,0,7.161290322580645,9006.032258064517,50.690322580645166,7.674193548387097,112.02580645161291,4943.258064516129,514756.3870967742,4.242903225806452,5.784516129032258,10.106451612903227,60144.67741935484,64.3620778820509,70.42727214864877,54.99428778723538,64.14294835165627
Telangana,2025-05,31.26451612903226,980.7,0.6848387096774193,-69.5516129032258,0,7.483870967741935,11037.58064516129,51.274193548387096,7.896774193548388,106.85806451612903,4865.4838709677415,310432.3548387097,6.070322580645161,5.818064516129032,10.370967741935484,58448.16129032258,61.75424425961009,69.59321099565096,61.697924292173404,64.48380262536523
Tripura,2025-05,28.293548387096774,2725.7,0.9464516129032258,-70.63548387096773,0,6.967741935483871,10466.09677419355,49.83870967741935,7.570967741935483,109.71612903225805,4938.032258064516,309582.51612903224,6.202903225806451,5.829354838709678,10.600000000000001,59437.41935483871,62.88089196219174,69.08537872974041,62.21534907350135,64.88607660866117
Uttar Pradesh,2025-05,32.170967741935485,1184.3,1.6141935483870968,-71.38709677419355,0,7.096774193548387,25785.25806451613,49.26451612903226,7.554838709677419,113.81290322580645,5075.096774193548,206724.2258064516,8.630967741935484,5.800645161290323,10.283870967741937,62091.83870967742,68.53177461763991,57.05352652719403,68.17429454085132,64.42501776678671
Uttarakhand,2025-05,17.799999999999997,1211.2,1.207741935483871,-71.19032258064516,0,7.161290322580645,11564.387096774193,49.62580645161291,7.648387096774194,110.5741935483871,4891.451612903225,309202.96774193546,6.3590322580645156,5.7783870967741935,10.329032258064515,60600.645161290326,65.43559397827279,68.60980562051819,61.66832118102371,65.60474985374641
West Bengal,2025-05,31.087096774193547,1076.3,0.6461290322580645,-69.25161290322582,0,7.67741935483871,10157.806451612903,50.748387096774195,7.748387096774193,110.18709677419355,5053.451612903225,309984.22580645164,6.118709677419355,5.457741935483871,10.448387096774193,60720.87096774193,61.81591287473198,69.81426678377369,59.739234746739726,64.09616721089851
Andaman and Nicobar Islands,2025-06,34.733333333333334,23478.9,0.6479999999999999,249.48,0,0.0,2286.5333333333333,49.24333333333333,4.226666666666667,114.45,4892.933333333333,167474.63333333333,7.144666666666667,5.675333333333333,10.09,60301.03333333333,0.0,61.46344805342591,63.341900954906556,36.42207581908023
Andhra Pradesh,2025-06,31.93,11005.3,0.988,255.92666666666668,0,0.0,3654.9666666666667,50.25,3.8400000000000003,103.47333333333333,5140.2,309816.0,6.010666666666666,5.349333333333333,10.756666666666666,58655.23333333333,0.0,58.426372733858926,60.10714125662196,35.23565564217071
Arunachal Pradesh,2025-06,31.88,11078.9,1.0886666666666664,250.40666666666667,0,0.0,3949.733333333333,49.95333333333333,3.95,107.78333333333333,4940.3,310409.3,6.103,5.852,10.676666666666668,60195.066666666666,1.020624004068484,58.751567091980476,61.89205907399248,36.444312852318674
Assam,2025-06,29.25,26377.5,0.7806666666666667,237.9633333333333,0,0.0,3706.866666666667,50.7,4.213333333333334,110.47,4952.533333333334,309694.9,5.975666666666667,5.747333333333333,10.020000000000001,59970.666666666664,0.4592548737074118,59.8443826347017,60.055622600407226,36.143141521730364
Bihar,2025-06,31.833333333333332,12766.4,0.8993333333333333,243.64333333333335,0,0.0,4567.333333333333,50.943333333333335,3.47,105.32666666666667,4992.866666666667,206330.66666666666,8.613,5.694999999999999,10.906666666666666,58814.1,0.5426676555348315,55.9157417776032,69.72663207998984,37.21923470437251
Chandigarh,2025-06,25.029999999999998,19662.4,0.8173333333333334,248.84,0,0.0,1376.5333333333333,48.45,3.89,116.57,5048.433333333333,137876.96666666667,8.458333333333334,5.620666666666667,10.33,59356.933333333334,0.0,60.98475702975111,67.82392185476043,37.947360189317436
Chhattisgarh,2025-06,32.13,12665.5,1.0066666666666666,250.74333333333334,0,0.0,3788.366666666667,48.480000000000004,4.163333333333333,107.28999999999999,5171.833333333333,308327.5,6.1946666666666665,5.901,10.536666666666667,59658.3,0.3237432615697564,60.23232290329142,62.31869385820718,36.790483785331695
Dadra and Nagar Haveli and Daman and Diu,2025-06,26.063333333333333,17871.8,1.3563333333333332,252.97333333333333,0,0.0,2165.1,50.833333333333336,4.016666666666667,106.26,5011.633333333333,245977.0,6.924666666666667,5.8853333333333335,11.083333333333334,61428.53333333333,2.7455578911679943,60.18594857042473,64.82627790077052,38.369874631308484
Delhi,2025-06,26.44,21269.9,1.3003333333333333,248.89333333333335,0,0.0,1375.1333333333334,49.39,4.35,106.45,5109.433333333333,160240.36666666667,6.063666666666666,5.835333333333334,10.643333333333334,58622.933333333334,2.916127140193254,62.668053382756995,62.141674453655455,38.635688153456115
Goa,2025-06,32.876666666666665,28422.7,1.482,256.01666666666665,0,0.0,3940.4666666666667,48.78,4.1466666666666665,109.83999999999999,4964.733333333334,309461.4666666667,6.1,5.9446666666666665,10.666666666666666,59485.066666666666,3.2796495168672664,59.95066903132431,62.480454323175984,37.91470754850441
Gujarat,2025-06,37.67666666666666,3886.9,1.239,227.94,57,0.0,5027.366666666667,49.38333333333333,4.6,108.10666666666665,4859.566666666667,516052.8333333333,4.364000000000001,5.566666666666666,10.196666666666665,60445.833333333336,24.575655365316155,60.844390254328985,54.50013532809149,44.75083256716448
Haryana,2025-06,37.593333333333334,4282.4,0.8563333333333334,242.70333333333335,38,0.0,10665.733333333334,49.836666666666666,4.486666666666666,107.58999999999999,4867.333333333333,310058.9,6.144333333333333,5.814333333333334,10.110000000000001,60974.03333333333,13.011378566988752,55.75796674327358,60.6859677494962,39.8913317243153
Himachal Pradesh,2025-06,20.353333333333335,16192.9,1.099,248.33333333333334,0,0.0,3873.8,49.806666666666665,3.71,114.02333333333333,5138.233333333334,309595.23333333334,5.811333333333334,5.747,10.546666666666665,59652.2,1.4130784878793037,57.83092511700417,60.51450810306281,35.93468221186888
Jammu and Kashmir,2025-06,30.423333333333336,12596.8,1.436,253.78000000000003,0,0.0,2182.5666666666666,50.05333333333333,4.036666666666666,113.53999999999999,5002.8,190202.7,7.316,5.926,10.583333333333334,60791.066666666666,3.2525456857094355,60.491511610044554,65.57693602408766,38.867281343821276
Jharkhand,2025-06,32.443333333333335,10505.4,0.42033333333333334,253.05666666666667,0,0.0,4102.6,50.05,4.15,108.18666666666667,5242.233333333334,205859.43333333332,8.658666666666667,5.871333333333333,10.286666666666667,60969.566666666666,0.0,59.455466594587286,68.91481587253213,36.18006055476036
Karnataka,2025-06,32.49333333333333,26000.7,1.2003333333333333,247.69333333333333,0,0.0,6614.133333333333,52.86,4.013333333333334,113.05666666666666,4711.033333333334,516104.63333333336,4.541666666666667,5.804333333333333,10.283333333333333,59924.46666666667,2.3078579420240715,56.039365326704115,56.35167754082297,34.62484042636181
Kerala,2025-06,34.45333333333333,24667.5,1.2713333333333334,266.53333333333336,3,0.0,4204.933333333333,49.52333333333333,3.8066666666666666,106.32,5131.3,308668.1,6.086333333333333,5.804666666666666,10.403333333333334,59171.433333333334,1.0415290727241882,58.06637825972619,61.51585186815006,36.118806987031356
Ladakh,2025-06,28.896666666666665,24578.1,1.1520000000000001,235.38,0,0.0,1957.6333333333334,49.03,3.9066666666666667,104.07333333333332,4932.366666666667,147349.1,6.207,5.897,11.0,61467.1,3.773861162908972,60.421598570584756,62.52955930497023,38.28949379111081
Lakshadweep,2025-06,32.153333333333336,23757.8,1.0416666666666667,244.42666666666668,0,0.0,1869.7333333333333,51.02333333333333,3.6733333333333333,110.52666666666667,5116.366666666667,116374.26666666666,7.973666666666667,5.7909999999999995,10.473333333333333,62638.23333333333,1.547137480928967,58.89690260339203,66.25981051158541,37.79772353145515
Madhya Pradesh,2025-06,32.99333333333333,12379.4,1.2073333333333334,248.32000000000002,0,0.0,6963.966666666666,49.980000000000004,3.9166666666666665,107.06,4914.433333333333,309645.93333333335,5.823333333333333,5.792333333333334,10.186666666666667,60276.76666666667,2.26903678589591,56.21347705428917,59.9556556635693,35.571245599251895
Maharashtra,2025-06,32.25,11875.2,0.984,243.51666666666668,0,0.0,7252.933333333333,50.70333333333333,3.92,110.44,4942.266666666666,514984.43333333335,4.494666666666666,5.533333333333333,10.29,60719.63333333333,1.2290689099847398,55.78180221711739,54.82649420908939,33.72188189225733
Manipur,2025-06,31.636666666666667,12491.8,0.746,247.48999999999998,0,0.0,3635.266666666667,50.583333333333336,4.133333333333334,112.78,4815.5,310021.0,5.785666666666667,5.642666666666667,10.536666666666667,63275.7,0.0,59.59450355501939,58.83926740556509,35.07068838298489
Meghalaya,2025-06,29.433333333333334,29229.3,0.8863333333333333,244.52333333333334,0,0.0,3849.4666666666667,51.56666666666667,4.38,112.22333333333334,5005.733333333334,310383.8,6.300666666666667,5.749666666666667,10.629999999999999,58764.8,0.30819265977283905,60.18308257358494,62.43977696646659,36.79730020628051
Mizoram,2025-06,28.07,34376.2,1.3773333333333333,241.85333333333335,0,0.0,4147.7,50.416666666666664,3.9866666666666664,110.26666666666667,4913.2,309760.56666666665,5.823666666666667,5.5183333333333335,9.906666666666666,61859.6,4.57909442278352,58.61231130671118,57.8449765931214,36.807190874742666
Nagaland,2025-06,32.68333333333333,14649.4,1.2126666666666668,261.29,0,0.0,3945.633333333333,50.54666666666667,4.04,106.77333333333333,4954.4,310002.8333333333,6.074,5.894333333333334,10.453333333333335,59807.5,0.3655778097982676,58.96111247210378,61.737635704687726,36.21702941532756
Odisha,2025-06,31.346666666666668,9751.8,0.6679999999999999,243.76999999999998,0,0.0,3937.0666666666666,46.980000000000004,4.096666666666667,111.02333333333333,4878.433333333333,206206.73333333334,8.507,5.669333333333333,10.379999999999999,61966.166666666664,0.0,60.27986375560583,67.43856345890936,37.43764847669743
Puducherry,2025-06,26.636666666666667,11075.4,0.8046666666666666,251.47666666666666,0,0.0,1210.4666666666667,48.92666666666666,4.233333333333333,111.35,4923.3,164614.56666666668,8.083,5.915666666666667,10.713333333333333,59436.76666666667,0.0,62.439332415763644,68.52097167825502,38.43258505758824
Punjab,2025-06,37.74666666666667,3747.4,1.0186666666666668,253.03,59,0.0,9586.733333333334,50.85666666666667,4.58,106.45666666666666,5011.5,309108.06666666665,5.932666666666666,5.752666666666667,10.53,59677.7,19.742002232016727,56.70523905657682,60.874509950673286,42.9622620502769
Rajasthan,2025-06,36.663333333333334,3675.8,1.0223333333333333,237.47333333333333,30,0.0,4568.8,47.41,4.54,112.24666666666667,4836.466666666666,309970.86666666664,6.138999999999999,5.785666666666667,10.29,59357.933333333334,12.43773876928293,61.543450465114034,61.352582859421034,41.85344888535834
Sikkim,2025-06,19.543333333333333,12138.5,0.4666666666666667,242.12,0,0.0,4213.833333333333,49.28666666666666,3.9833333333333334,105.11333333333333,5045.033333333334,309409.76666666666,6.002666666666667,5.624333333333333,10.69,59677.9,0.0,58.88468982802715,60.810223174411604,34.75643306999487
Tamil Nadu,2025-06,32.85666666666667,23310.7,1.1026666666666667,249.86,0,0.0,3348.8,50.193333333333335,4.243333333333333,108.21666666666667,5142.1,515831.3333333333,4.322666666666667,5.622333333333334,10.753333333333334,60740.6,1.2129816918121676,60.40812820128305,55.427682101254476,35.48495807248755
Telangana,2025-06,32.29333333333333,11665.0,1.0796666666666668,274.0933333333333,0,0.0,4093.633333333333,49.019999999999996,3.9733333333333336,106.35666666666665,4916.933333333333,309693.5333333333,6.244666666666666,5.619,10.483333333333333,62060.8,0.0,59.01720783700929,60.43982114020268,34.72464993849723
Tripura,2025-06,29.14,30297.2,0.8843333333333334,237.22333333333333,0,0.0,3644.233333333333,48.85333333333333,3.7133333333333334,108.84666666666666,5111.7,310606.86666666664,6.1290000000000004,5.584666666666666,10.55,59326.53333333333,1.3874272758094612,58.31301208302896,60.9110165311211,36.19227927216419
Uttar Pradesh,2025-06,32.75333333333334,13670.5,1.05,241.27333333333334,0,0.0,9002.8,48.45,3.9233333333333333,117.07333333333332,5012.4,206442.06666666668,8.598666666666666,5.677333333333333,10.633333333333333,59711.066666666666,2.085826580776402,55.08585960232304,68.87798629704531,37.33387806738495
Uttarakhand,2025-06,18.34,13963.9,0.8983333333333333,243.36,0,0.0,3949.3333333333335,51.656666666666666,3.9633333333333334,108.13666666666667,5205.1,309582.5,6.34,5.712999999999999,10.67,60606.23333333333,0.5772849635531401,58.29781692234212,61.89158503169605,36.10804616616501
West Bengal,2025-06,32.32,11882.0,1.083,250.82000000000002,0,0.0,3592.9,51.28333333333333,3.9266666666666667,111.8,5137.266666666666,309104.5333333333,6.002,5.740666666666667,10.110000000000001,60898.36666666667,0.9139554161722323,58.53560379609152,59.96362087158994,35.84394871299841
Andaman and Nicobar Islands,2025-07,34.12580645161291,23529.6,0.8787096774193549,238.9322580645161,0,0.0,2293.1612903225805,50.064516129032256,3.825806451612903,112.21290322580644,4797.419354838709,167332.4516129032,7.120322580645161,5.728387096774194,10.793548387096775,61351.290322580644,1.0867590187511311,59.50018073141237,64.31335330156386,37.33810518888575
Andhra Pradesh,2025-07,31.47741935483871,10808.7,0.9903225806451613,238.3032258064516,0,0.0,3601.2903225806454,50.91290322580645,4.15483870967742,109.01612903225806,4950.741935483871,310061.22580645164,6.061935483870968,5.573548387096774,10.44516129032258,62124.1935483871,2.0609239947722173,59.61437468125379,59.60634884799596,36.59098794834671
Arunachal Pradesh,2025-07,31.13225806451613,11186.8,1.2296774193548385,242.39999999999998,0,0.0,4269.032258064516,49.23548387096774,3.932258064516129,113.41612903225807,5147.129032258064,310777.7419354839,6.04741935483871,5.785483870967742,10.387096774193548,60331.06451612903,3.333168333615866,58.638228249093075,60.9242335995346,37.08770562051257
Assam,2025-07,28.780645161290323,26600.3,0.9116129032258063,229.82258064516128,0,0.0,3620.451612903226,49.6741935483871,4.077419354838709,106.64838709677419,5014.677419354839,308582.2580645161,5.853548387096774,5.776451612903226,10.358064516129033,62055.67741935484,2.7125766258906623,59.64023024816066,59.7021577938631,36.884650685678274
Bihar,2025-07,31.219354838709677,13459.2,1.367741935483871,250.59032258064516,0,0.0,4385.935483870968,49.274193548387096,3.8451612903225807,107.0741935483871,4954.032258064516,206306.32258064515,8.728709677419355,5.750322580645161,10.648387096774194,62852.645161290326,3.1929400007655744,58.16210836134998,68.61940121368495,38.78876423019996
Chandigarh,2025-07,24.648387096774194,20220.0,1.3412903225806452,247.1516129032258,0,0.0,1373.6451612903227,51.78064516129032,4.061290322580645,106.02903225806452,5002.4838709677415,137781.09677419355,8.338709677419354,5.720967741935484,10.600000000000001,59878.83870967742,3.500236535443399,60.71925633684614,68.15853652754024,39.69146846395857
Chhattisgarh,2025-07,31.351612903225806,13485.9,1.342258064516129,261.4258064516129,0,0.0,3921.1612903225805,50.8258064516129,3.870967741935484,108.66774193548386,5066.064516129032,309932.77419354836,6.1248387096774195,5.751612903225807,10.819354838709677,59536.22580645161,1.3667359147805271,58.1749932454767,61.9771689797442,36.402234246765104
Dadra and Nagar Haveli and Daman and Diu,2025-07,25.238709677419354,18037.9,1.156774193548387,244.76774193548388,0,0.0,2054.2258064516127,51.019354838709674,4.380645161290323,112.88709677419355,5066.870967741936,245156.48387096773,7.029677419354838,5.840967741935484,10.390322580645162,59660.1935483871,2.4033333697893013,61.772150458685445,64.38171483515492,38.677014717244354
Delhi,2025-07,25.932258064516127,21777.9,0.9664516129032258,245.69354838709677,0,0.0,1406.9032258064517,51.16451612903226,3.925806451612903,109.08387096774193,4980.5161290322585,160265.64516129033,6.065161290322581,5.9561290322580644,10.03225806451613,58853.354838709674,0.7642081216608645,60.29923691335826,61.58122025244957,36.805721231452125
Goa,2025-07,31.580645161290324,29404.100000000002,0.9809677419354839,256.42258064516125,0,0.0,3981.8064516129034,49.42258064516129,3.9193548387096775,108.40967741935484,4943.935483870968,308854.51612903224,6.0770967741935475,5.88,10.483870967741936,58683.6129032258,0.0,58.754531835482,62.09055829872381,35.79443749985124
Gujarat,2025-07,37.50967741935484,4375.2,1.7593548387096773,257.23225806451615,0,0.0,4774.193548387097,49.567741935483866,4.04516129032258,108.51290322580645,4924.741935483871,515403.7419354839,4.489032258064516,5.708064516129032,10.390322580645162,61143.967741935485,5.2836135703700435,58.62047549933661,55.57634613011696,36.52469838544507
Haryana,2025-07,37.36129032258064,4634.3,0.7719354838709678,258.9193548387097,0,0.0,10781.806451612903,49.141935483870974,4.061290322580645,107.61612903225806,5028.677419354839,309100.7419354839,6.152903225806452,5.695483870967742,10.296774193548387,60294.74193548387,0.0,54.05809224783002,60.7313503640071,33.00198044705692
Himachal Pradesh,2025-07,19.519354838709678,16661.8,0.61,246.85806451612905,0,0.0,3739.6451612903224,49.487096774193546,4.093548387096774,115.64838709677419,5028.935483870968,309876.1612903226,5.846451612903226,5.8509677419354835,9.95483870967742,61945.709677419356,0.0,59.670809341894206,59.368188952577974,34.83872348037252
Jammu and Kashmir,2025-07,29.719354838709677,13459.4,1.1264516129032258,265.81612903225806,0,0.0,2201.8709677419356,50.725806451612904,4.135483870967741,109.21935483870968,5030.096774193548,191470.70967741936,7.444516129032258,5.809677419354839,10.158064516129032,57227.51612903226,0.0,60.696424303248406,65.90504995651199,37.322831692047885
Jharkhand,2025-07,31.293548387096774,10784.8,1.0635483870967741,250.7516129032258,0,0.0,4224.0,49.57741935483871,4.109677419354838,105.1032258064516,4951.129032258064,206870.16129032258,8.748709677419354,5.728064516129032,10.13225806451613,60523.12903225807,0.7708824076251268,59.32889615308236,68.47427266361467,38.192034782532545
Karnataka,2025-07,32.383870967741935,26314.4,1.1383870967741936,240.5225806451613,0,0.0,6957.322580645161,51.65806451612904,4.193548387096774,112.4,4942.967741935484,515020.96774193546,4.69258064516129,5.766451612903226,10.296774193548387,59040.6129032258,2.8951677430291625,56.897598202884666,56.95434252632698,35.310812099803044
Kerala,2025-07,33.729032258064514,25405.0,0.9829032258064516,265.32903225806456,0,0.0,4055.3225806451615,49.40967741935484,4.096774193548387,110.85483870967742,4979.4838709677415,309029.93548387097,6.153225806451613,5.868709677419355,10.538709677419355,62074.83870967742,0.0,59.457741961946525,61.29840359556029,35.31423800082489
Ladakh,2025-07,29.009677419354837,26517.1,0.7680645161290323,250.1451612903226,0,0.0,2022.225806451613,49.75806451612903,4.04516129032258,111.45161290322581,5076.354838709677,147105.0,6.163548387096774,5.593548387096774,10.393548387096773,58040.58064516129,0.0,60.743379815428945,61.2026108586452,35.973892373727004
Lakshadweep,2025-07,31.63225806451613,24555.3,0.9483870967741935,244.50967741935486,0,0.0,1948.5806451612902,49.564516129032256,3.990322580645161,114.50967741935484,5120.387096774193,116214.51612903226,7.943870967741935,5.838387096774194,10.574193548387097,60366.32258064516,0.7993917503786818,60.625623365099315,67.24874044358137,38.350909988831575
Madhya Pradesh,2025-07,31.809677419354838,12827.3,1.4216129032258065,249.2741935483871,0,0.0,6604.129032258064,49.274193548387096,3.706451612903226,113.98387096774194,4995.645161290323,308875.06451612903,5.856451612903226,5.8270967741935475,10.851612903225806,61266.967741935485,3.815007601069617,55.812655785581,60.98160184467829,36.305833026550765
Maharashtra,2025-07,31.738709677419354,12819.1,1.4264516129032259,258.85806451612905,0,0.0,7348.032258064516,51.20967741935484,3.990322580645161,112.0,4802.4838709677415,516514.0,4.5045161290322575,5.674516129032258,10.64516129032258,61741.903225806454,2.4155690138842516,55.8548408288855,55.711818086278925,34.44337641723335
Manipur,2025-07,31.332258064516132,12568.5,0.8774193548387097,238.36129032258063,0,0.0,3562.3870967741937,47.79677419354839,4.22258064516129,112.33548387096775,5133.193548387097,309964.2580645161,5.7061290322580644,5.523870967741936,10.54516129032258,59058.16129032258,1.1622329645812037,60.86928720148407,59.43675919598511,36.62833350534818
Meghalaya,2025-07,29.625806451612902,32404.6,0.9487096774193549,269.6290322580645,0,0.0,3725.2903225806454,52.07741935483871,4.029032258064516,111.57741935483871,4944.064516129032,310137.32258064515,6.2622580645161285,5.808387096774194,10.448387096774193,57958.967741935485,0.0,58.62960181519061,62.52564045927317,34.96538328150993
Mizoram,2025-07,28.0258064516129,36135.1,1.2196774193548388,247.7516129032258,0,0.0,4056.548387096774,51.08064516129032,4.038709677419355,110.51935483870967,5150.354838709677,309401.06451612903,5.960645161290323,5.888064516129032,10.219354838709679,57239.0,2.4515994783150816,58.70754671919456,61.789255395297694,36.975594991868554
Nagaland,2025-07,31.84193548387097,14456.0,1.088064516129032,245.0193548387097,0,0.0,3961.4193548387098,49.487096774193546,3.903225806451613,110.61612903225806,5023.258064516129,308321.03225806454,6.063225806451613,5.999354838709677,10.593548387096773,59015.709677419356,1.8239742110472505,58.68245633315239,62.62622302643935,36.92500515763207
Odisha,2025-07,31.0258064516129,10181.8,0.9974193548387097,247.3548387096774,0,0.0,3814.8064516129034,50.270967741935486,4.161290322580645,108.70645161290322,5214.387096774193,205282.83870967742,8.593870967741937,5.929032258064517,10.841935483870968,57715.645161290326,0.7591237443197052,59.66536441870862,70.89389961764782,38.91000194868785
Puducherry,2025-07,26.40967741935484,11395.9,0.9270967741935483,249.9774193548387,0,0.0,1249.1290322580646,50.619354838709675,3.958064516129032,108.85161290322581,5114.290322580645,164466.96774193548,8.150967741935483,5.6735483870967744,10.506451612903225,61250.41935483871,0.0,60.72550888567697,66.79887043030551,37.87820787954813
Punjab,2025-07,37.038709677419355,3847.8,1.6858064516129032,250.81935483870967,0,0.0,9811.322580645161,49.667741935483875,4.077419354838709,111.76129032258065,4818.387096774193,310337.22580645164,5.940967741935483,5.615483870967743,10.638709677419355,58480.903225806454,5.665789773006907,54.73800015849014,60.87678531750077,36.6438122940495
Rajasthan,2025-07,35.935483870967744,3910.2,1.1074193548387097,247.40967741935484,0,0.0,4603.806451612903,52.33870967741935,3.9129032258064513,107.37096774193549,4981.548387096775,309111.4193548387,6.094516129032258,5.6087096774193546,10.696774193548388,59769.709677419356,1.61799405585419,57.35942087120495,61.00779202906531,35.97494293452973
Sikkim,2025-07,18.57741935483871,12888.1,1.2448387096774194,251.53548387096777,0,0.0,4151.0,51.622580645161285,4.0,107.18064516129031,4970.935483870968,308420.70967741933,5.870322580645161,5.747096774193548,10.7,59538.290322580644,2.0823575346286063,58.30485594840006,60.98266884956122,36.48530980818177
Tamil Nadu,2025-07,32.596774193548384,24601.8,1.2996774193548386,257.33870967741933,0,0.0,3401.3870967741937,50.54516129032258,4.096774193548387,111.51935483870967,4881.935483870968,516750.93548387097,4.314193548387097,5.6651612903225805,10.541935483870969,61044.58064516129,1.6441503207213906,59.63511888575984,55.14005478951133,35.31496543568233
Telangana,2025-07,32.28387096774193,10563.9,1.617741935483871,227.8483870967742,0,0.0,4116.967741935484,49.07096774193548,4.141935483870968,114.02258064516128,5080.548387096775,310220.67741935485,6.11483870967742,5.708709677419355,10.287096774193548,57424.51612903226,8.574903318769174,59.70335944771453,61.558204991332836,39.715688382040966
Tripura,2025-07,28.88064516129032,30644.5,1.3680645161290323,230.08064516129033,0,0.0,3602.1290322580644,51.70645161290323,4.012903225806451,113.02580645161291,5045.354838709677,309305.3548387097,6.23258064516129,6.045806451612902,10.654838709677419,61534.0,6.271934417533863,58.769585166097855,62.648154129285075,38.74016710746906
Uttar Pradesh,2025-07,32.458064516129035,14160.6,0.7174193548387097,242.1032258064516,0,0.0,8774.032258064517,49.92903225806452,3.9967741935483874,110.51290322580645,4837.5161290322585,206231.90322580645,8.526451612903225,5.817096774193549,10.648387096774194,59518.903225806454,0.0,55.1369612224869,69.33097773478167,36.36656563153778
Uttarakhand,2025-07,18.383870967741935,14619.2,0.6306451612903224,247.86451612903227,0,0.0,3945.8064516129034,50.03548387096774,4.148387096774194,106.21290322580644,4948.354838709677,308949.70967741933,6.2461290322580645,5.796129032258064,10.780645161290321,60689.58064516129,0.0,59.5771400906463,62.109573218354214,35.49599399105121
West Bengal,2025-07,32.012903225806454,12419.8,0.9867741935483871,254.8483870967742,0,0.0,3659.9032258064517,50.26774193548387,3.958064516129032,108.02580645161291,5012.870967741936,307503.5483870968,5.96741935483871,5.758387096774193,10.47741935483871,61180.8064516129,0.0,58.921271835762,60.44567181674681,35.554334680186656
Andaman and Nicobar Islands,2025-08,32.01935483870968,24730.7,1.1861290322580644,256.241935483871,0,0.0,2131.3225806451615,48.961290322580645,3.7096774193548385,104.76129032258065,4818.580645161291,167077.4193548387,7.160322580645161,5.661935483870968,10.819354838709677,59598.903225806454,0.9135994892518653,59.46348299367176,64.74973934121518,37.36509367878965
Andhra Pradesh,2025-08,30.051612903225806,11117.4,0.9035483870967742,247.9516129032258,0,0.0,3685.7741935483873,51.03548387096774,3.9129032258064513,117.0,5011.419354838709,310133.5806451613,6.097096774193548,5.787096774193548,10.338709677419354,53834.93548387097,0.0,58.477617821899514,63.04874139694298,36.20121226312235
Arunachal Pradesh,2025-08,29.19677419354839,12102.7,0.6190322580645161,270.4516129032258,0,0.0,4165.4838709677415,48.041935483870965,4.087096774193548,105.66451612903225,5067.451612903225,308629.29032258067,6.131290322580645,5.977096774193548,10.451612903225806,58705.354838709674,0.0,59.73947676777706,62.60589620782737,34.28505039330676
Assam,2025-08,26.62258064516129,27764.8,0.48064516129032253,244.26774193548388,0,0.0,3600.2580645161293,50.57741935483871,3.8419354838709676,110.40967741935484,5034.580645161291,309243.77419354836,5.941290322580645,5.742580645161291,10.341935483870968,58673.16129032258,0.0,58.379749402694195,60.86641397784087,34.50896237285103
Bihar,2025-08,29.83225806451613,14067.7,0.8596774193548387,266.43870967741935,0,0.0,4418.096774193548,48.403225806451616,4.083870967741936,111.29032258064517,4825.903225806452,206675.96774193548,8.561612903225807,5.569677419354838,10.361290322580645,59275.12903225807,0.0,59.41720551558731,68.00229686685016,36.52090248667889
Chandigarh,2025-08,22.929032258064513,19774.6,1.1212903225806452,239.51290322580644,0,0.0,1394.8064516129032,51.68387096774194,3.948387096774194,105.53548387096774,4988.0,137692.90322580645,8.369032258064516,5.7054838709677425,10.441935483870967,59084.06451612903,2.91185075108411,60.24943178538772,68.17726272220523,39.296357105870655
Chhattisgarh,2025-08,29.816129032258065,12976.5,1.1161290322580646,247.75806451612902,0,0.0,3842.7096774193546,49.983870967741936,3.7806451612903227,110.66774193548386,5050.903225806452,309224.1612903226,6.096451612903226,5.651612903225806,10.912903225806453,59237.354838709674,1.634391695694731,58.10404525543254,61.716291479445616,36.419245387540684
Dadra and Nagar Haveli and Daman and Diu,2025-08,23.312903225806455,17804.5,1.0251612903225806,240.3032258064516,0,0.0,2137.6129032258063,50.34516129032258,4.180645161290323,109.88387096774194,5099.1612903225805,244883.5483870968,6.9393548387096775,5.81258064516129,10.693548387096774,62456.290322580644,2.0355468121988984,61.05435803984854,63.602344217444475,38.083830093187665
Delhi,2025-08,24.780645161290323,21155.8,1.290967741935484,235.81935483870967,0,0.0,1379.774193548387,52.303225806451614,4.361290322580645,106.54516129032258,4988.709677419355,160060.64516129033,6.02483870967742,5.575806451612903,10.73225806451613,57738.967741935485,4.803397842171172,61.838618699465876,61.35324249154379,38.90318630456747
Goa,2025-08,30.345161290322583,29195.9,0.9112903225806451,253.90322580645162,0,0.0,4078.4193548387098,51.516129032258064,4.312903225806451,111.5516129032258,5009.1612903225805,309596.6129032258,6.0600000000000005,5.583870967741936,10.661290322580646,57077.709677419356,0.0,59.73037513170098,61.58672070648624,35.94148629184972
Gujarat,2025-08,35.44193548387097,4227.7,1.1170967741935485,245.17741935483872,0,0.0,4848.387096774193,49.07741935483871,3.9129032258064513,110.1774193548387,5079.8387096774195,515953.6451612903,4.428064516129033,5.991935483870968,10.535483870967743,58205.25806451613,2.0291168814834677,58.14406075757781,57.74881491030822,35.599271745322675
Haryana,2025-08,34.86451612903225,4411.8,1.058709677419355,241.71612903225807,0,0.0,10430.322580645161,49.07096774193548,4.196774193548387,110.87741935483871,5102.225806451613,309687.29032258067,6.210645161290323,5.574193548387097,10.667741935483871,60354.87096774193,2.088062930294363,54.93632672713294,60.98610118431648,35.3094648226934
Himachal Pradesh,2025-08,18.183870967741935,16883.8,0.7038709677419355,251.46774193548387,0,0.0,3877.3225806451615,49.25806451612903,3.674193548387097,107.92258064516129,5149.193548387097,310409.03225806454,5.884516129032257,5.78,10.158064516129032,61040.77419354839,0.0,57.83982274972355,59.803621653622486,34.32613807310584
Jammu and Kashmir,2025-08,28.07741935483871,13558.4,0.7293548387096774,268.5064516129033,0,0.0,2207.6451612903224,48.00967741935484,4.051612903225807,112.04193548387097,5095.451612903225,191170.32258064515,7.393548387096774,5.5932258064516125,10.654838709677419,60864.645161290326,0.0,61.14856220112556,64.50617934009598,35.7178663242057
Jharkhand,2025-08,29.703225806451613,10722.8,1.401290322580645,248.73870967741934,0,0.0,4132.4838709677415,50.667741935483875,3.896774193548387,110.92258064516129,4992.387096774193,206840.25806451612,8.702903225806452,5.621612903225807,10.387096774193548,60665.096774193546,3.73513353821588,58.16520396385073,68.25844620178036,38.91648635307919
Karnataka,2025-08,30.625806451612902,27120.0,1.316451612903226,250.958064516129,0,0.0,6681.096774193548,48.777419354838706,3.9935483870967743,106.6516129032258,5108.193548387097,516869.0,4.68741935483871,5.644516129032258,10.974193548387097,59662.87096774193,2.7334728958981636,57.12661252900472,57.339083541279614,35.42247442883082
Kerala,2025-08,32.06774193548387,24413.8,1.1096774193548387,251.07096774193548,0,0.0,4112.322580645161,50.45161290322581,4.300000000000001,109.28064516129032,4945.645161290323,309566.6451612903,6.042903225806452,5.603870967741935,10.209677419354838,62000.87096774193,1.0866001345225236,59.96777674369426,59.32873752607135,36.25554629561984
Ladakh,2025-08,27.009677419354837,27291.3,1.5977419354838711,260.3709677419355,0,0.0,1914.2903225806451,49.5516129032258,3.987096774193548,105.61935483870967,5046.645161290323,147105.8064516129,6.310967741935484,5.846129032258064,10.261290322580646,60898.58064516129,3.5388623823611454,60.64288367904919,61.60180286321837,38.041004956416266
Lakshadweep,2025-08,29.706451612903226,24275.5,0.9925806451612903,240.5774193548387,0,0.0,1879.3548387096773,51.6741935483871,3.9451612903225803,107.57741935483871,4854.935483870968,116773.35483870968,8.022258064516128,5.828064516129031,10.374193548387098,58884.67741935484,1.7375945895695821,59.85472064702293,67.58385888772536,38.540154784217194
Madhya Pradesh,2025-08,30.612903225806452,12361.199999999999,1.3135483870967741,236.59032258064516,0,0.0,6809.870967741936,51.26774193548387,4.083870967741936,111.81935483870969,5019.225806451613,308389.29032258067,5.876774193548387,5.82774193548387,10.374193548387098,58207.6129032258,4.8657489514351795,56.663180812039016,61.22715551482973,37.08520174349516
Maharashtra,2025-08,30.206451612903226,13025.5,0.9070967741935483,264.6290322580645,0,0.0,7645.870967741936,49.354838709677416,3.8806451612903223,114.24193548387096,4923.677419354839,516120.32258064515,4.490967741935484,5.662903225806452,10.7,61104.06451612903,0.0,55.70703671879913,55.91206714077756,32.45788348871181
Manipur,2025-08,29.990322580645163,12865.6,1.0212903225806451,246.36129032258063,0,0.0,3573.6129032258063,51.41935483870968,4.148387096774194,109.3258064516129,5021.741935483871,310171.8064516129,5.781612903225806,5.700645161290322,10.448387096774193,60925.74193548387,1.0963234883988022,59.456815955904105,59.66622399467601,36.16497097859496
Meghalaya,2025-08,27.274193548387096,31804.4,1.9029032258064518,262.77741935483874,0,0.0,4038.1612903225805,51.332258064516125,3.861290322580645,111.33225806451614,4830.322580645161,311685.4193548387,6.219677419354839,5.54,10.616129032258065,60480.77419354839,5.583387096774189,57.88905262875825,60.74545188520925,37.68088623007738
Mizoram,2025-08,25.848387096774193,37714.9,0.8141935483870967,262.96774193548384,0,0.0,4067.8387096774195,49.748387096774195,3.935483870967742,112.6032258064516,4891.032258064516,309910.9032258064,5.953870967741936,5.4796774193548385,10.167741935483871,61520.032258064515,0.0,58.6575090372178,58.61548669083743,33.97315010177303
Nagaland,2025-08,30.690322580645162,14215.9,1.3783870967741934,239.28709677419354,0,0.0,4110.580645161291,51.15806451612904,3.9967741935483874,108.86451612903227,4847.935483870968,309844.0,6.085806451612903,5.749354838709677,10.629032258064516,59683.8064516129,4.972336399280358,58.46245531268674,61.4897794503602,37.823238781742546
Odisha,2025-08,29.35483870967742,10920.4,0.44290322580645164,272.5516129032258,0,0.0,3845.064516129032,49.038709677419355,4.0,109.99677419354839,5108.677419354839,207020.4193548387,8.58258064516129,5.683548387096774,10.470967741935485,59925.1935483871,0.0,59.32236734996587,68.52142092281414,34.93659491169002
Puducherry,2025-08,24.683870967741935,10926.7,0.9909677419354839,235.5677419354839,0,0.0,1245.0,50.900000000000006,4.093548387096774,104.77741935483871,4904.580645161291,164318.38709677418,8.06741935483871,5.730967741935483,10.612903225806452,58698.32258064516,2.476332183147491,61.2230985916643,67.76287098392537,39.35933512632284
Punjab,2025-08,35.983870967741936,3748.4,0.9164516129032259,241.73225806451612,0,0.0,10093.870967741936,50.251612903225805,3.8419354838709676,109.41612903225807,5119.032258064516,308554.29032258067,5.952258064516129,5.788387096774193,10.399999999999999,60473.6129032258,0.9642670709633663,53.33350545738038,60.62140113057205,34.20778402111149
Rajasthan,2025-08,34.75806451612903,4033.6,0.585483870967742,258.35806451612905,0,0.0,4629.677419354839,50.52903225806452,3.735483870967742,108.18387096774192,4823.580645161291,309527.93548387097,6.122258064516129,5.787096774193548,10.306451612903226,58554.6129032258,0.0,57.12425437178306,61.58719344229982,33.734879125766206
Sikkim,2025-08,17.39032258064516,13144.4,0.6183870967741935,258.53225806451616,0,0.0,4308.354838709677,48.332258064516125,4.219354838709678,111.93225806451613,5113.5161290322585,309122.6129032258,6.031935483870968,5.663225806451613,10.52258064516129,58438.354838709674,0.0,60.10394149914407,61.17952576280412,34.76914748525992
Tamil Nadu,2025-08,31.03548387096774,23986.4,0.9896774193548387,248.3967741935484,0,0.0,3306.9032258064517,48.619354838709675,3.903225806451613,114.91612903225807,5153.4838709677415,515566.4193548387,4.243225806451613,5.658387096774193,10.69032258064516,58479.096774193546,0.5418061289775693,59.461260963262454,55.94502281922169,35.01441949353831
Telangana,2025-08,30.151612903225807,11401.8,1.0312903225806453,253.86451612903227,0,0.0,3888.483870967742,50.55806451612903,4.15483870967742,112.08387096774193,5141.903225806452,310268.29032258067,6.105483870967742,5.621290322580645,10.629032258064516,56846.41935483871,0.04966653724797254,59.49332281035288,61.9035847315657,36.31842578141412
Tripura,2025-08,27.570967741935487,32546.4,1.2983870967741935,250.5677419354839,0,0.0,3667.2258064516127,49.751612903225805,3.693548387096774,111.08064516129032,4899.903225806452,310342.8387096774,6.156451612903226,5.623225806451613,10.683870967741935,59641.32258064516,2.649624266551463,57.940833299750125,61.2778441008574,36.658602386747475
Uttar Pradesh,2025-08,30.938709677419357,14693.3,0.5180645161290323,254.97096774193548,0,0.0,9227.612903225807,48.92903225806452,3.7806451612903227,110.65806451612903,5062.612903225807,206136.29032258064,8.551612903225807,5.5925806451612905,10.464516129032257,59579.93548387097,0.0,54.15478738182635,68.1414142721368,34.32476829007304
Uttarakhand,2025-08,16.50967741935484,15149.8,1.3267741935483872,260.48387096774195,0,0.0,4147.290322580645,49.86774193548387,4.158064516129032,114.10967741935484,4796.612903225807,309973.93548387097,6.443225806451613,5.92,10.790322580645162,62340.67741935484,1.3859716518382008,59.50917735197693,62.73105383059326,37.06536419157552
West Bengal,2025-08,29.73225806451613,12324.0,1.1716129032258065,252.11612903225807,0,0.0,3799.3548387096776,49.07096774193548,4.280645161290322,107.11290322580645,4864.193548387097,309573.6451612903,6.052903225806452,5.735161290322581,10.548387096774194,59053.1935483871,1.4180442830660205,60.547246454712024,61.39558029612003,37.107649046405626
Andaman and Nicobar Islands,2025-09,30.613333333333333,24250.4,1.0996666666666668,260.96,0,0.0,2261.0666666666666,51.92666666666666,3.796666666666667,111.99333333333334,5140.033333333334,167755.73333333334,7.041333333333333,5.894,10.496666666666666,61489.833333333336,0.0,58.84253359532733,64.2391930847172,36.46441847589071
Andhra Pradesh,2025-09,27.953333333333333,11351.0,1.7926666666666666,267.11,0,0.0,3637.4,50.8,3.9866666666666664,111.29666666666667,4975.466666666666,310433.23333333334,6.043666666666667,5.849333333333333,10.236666666666668,59219.333333333336,4.064539159179514,58.90155098562199,61.285209161013206,37.5626607988928
Arunachal Pradesh,2025-09,26.273333333333333,10990.1,0.5883333333333333,247.59666666666666,0,0.0,4218.333333333333,49.556666666666665,3.9166666666666665,107.28,5005.1,310324.4666666667,6.1419999999999995,5.830666666666667,10.236666666666668,57808.8,0.0,58.51546027410785,61.95162840871972,34.96757837780915
Assam,2025-09,24.573333333333334,27301.4,0.8993333333333333,249.8,0,0.0,3737.9333333333334,50.36,3.87,111.11666666666666,5035.2,310917.93333333335,5.939333333333334,5.785,10.639999999999999,58868.03333333333,0.0,58.45574896268674,61.46631681421915,35.673758402709076
Bihar,2025-09,27.353333333333335,12649.6,0.871,240.5,0,0.0,4304.0,52.223333333333336,4.066666666666666,105.76666666666667,4932.933333333333,206524.6,8.629999999999999,5.721666666666667,10.206666666666667,60398.833333333336,0.7908247160535709,58.28809436287058,68.2449553328061,37.77840174662765
Chandigarh,2025-09,20.956666666666667,20235.7,0.5846666666666667,259.0,0,0.0,1358.6,50.763333333333335,4.183333333333334,113.15666666666667,4991.066666666667,137763.3,8.444333333333335,5.676,10.25,63233.53333333333,0.0,61.55748836675307,66.66278599191858,36.51431632446155
Chhattisgarh,2025-09,27.720000000000002,12896.6,0.7196666666666667,257.15666666666664,0,0.0,3987.0,50.63,3.966666666666667,108.07333333333332,4927.9,309039.1,6.184333333333333,5.904,10.593333333333334,57190.2,0.0,58.59021210537469,63.16950576487165,35.138714943228734
Dadra and Nagar Haveli and Daman and Diu,2025-09,21.45,18117.8,1.1816666666666669,257.82666666666665,0,0.0,2151.7,50.059999999999995,3.94,106.52666666666667,4982.833333333333,245323.36666666667,6.970666666666667,6.060333333333333,10.713333333333333,60229.1,0.6407143583658303,60.10119897110276,65.47568082400537,37.66062558923364
Delhi,2025-09,22.45,20980.1,0.8593333333333334,244.12666666666667,0,0.0,1378.2666666666667,50.376666666666665,3.9433333333333334,110.97,5017.433333333333,160296.2,6.073333333333333,5.820666666666667,10.69,57044.46666666667,0.15485997626716141,60.63311581504961,62.68283788431532,36.95424399685305
Goa,2025-09,28.016666666666666,28109.1,0.3583333333333333,252.09,0,0.0,4134.1,48.343333333333334,4.069999999999999,110.84333333333333,4919.366666666667,309269.56666666665,6.13,5.7716666666666665,10.783333333333333,58557.933333333334,0.0,59.600915731844594,62.32639274903516,34.44637121078022
Gujarat,2025-09,32.68,3919.9,1.5066666666666668,230.73333333333332,0,0.0,4725.833333333333,51.82666666666667,4.006666666666667,110.32666666666667,5158.1,516233.3,4.433666666666666,5.7669999999999995,10.516666666666667,63267.96666666667,7.266589252415663,57.81673616622259,55.19362612382699,36.94089989010092
Haryana,2025-09,32.46666666666667,4502.1,0.56,260.35,0,0.0,10441.733333333334,48.89333333333333,3.8466666666666667,110.06666666666666,5037.866666666667,308922.1,6.221333333333333,6.052333333333333,10.71,56634.6,0.0,53.485628403279094,64.2739134832195,32.933171315851524
Himachal Pradesh,2025-09,16.083333333333332,16785.8,0.8416666666666667,261.0833333333333,0,0.0,3795.7,49.57,4.136666666666667,106.93,5115.666666666667,308818.43333333335,5.949666666666667,5.582,10.78,61217.933333333334,0.0,59.78564779171788,60.13229471467553,34.94689003960638
Jammu and Kashmir,2025-09,26.083333333333332,12200.0,0.9663333333333333,242.64333333333335,0,0.0,2163.3,49.736666666666665,3.96,111.40333333333334,4891.566666666667,190706.83333333334,7.382333333333333,5.490333333333334,10.083333333333334,59912.3,1.2208080183081869,60.27440935434322,63.4014403483915,37.43472656844128
Jharkhand,2025-09,27.346666666666668,10448.4,0.763,251.14333333333335,0,0.0,4173.033333333334,50.0,4.153333333333333,109.97666666666667,5023.766666666666,206889.33333333334,8.726333333333335,5.649666666666667,10.74,58904.1,0.0,59.428905307284154,69.58110575706874,37.53259088962898
Karnataka,2025-09,28.323333333333334,25362.5,0.5636666666666666,239.16666666666666,0,0.0,6805.933333333333,48.84,3.853333333333333,109.42333333333333,5034.633333333333,515876.93333333335,4.669666666666667,5.952333333333333,10.296666666666665,58172.36666666667,0.0,56.41023328445662,57.94057549849833,33.65600980965652
Kerala,2025-09,29.61,24073.2,1.0859999999999999,257.71666666666664,0,0.0,4155.733333333334,50.32333333333334,3.8833333333333333,113.57333333333332,5109.666666666667,310321.06666666665,6.02,5.765333333333333,10.593333333333334,59316.13333333333,0.0,58.19271712790925,61.41287213029271,35.68191042418833
Ladakh,2025-09,24.75,26061.2,0.6080000000000001,255.60333333333335,0,0.0,1931.4333333333334,50.75333333333333,4.13,107.28333333333333,4936.0,147712.8,6.2603333333333335,5.747,10.92,59034.5,0.0,60.87898036560864,62.69543932722241,35.56237364971607
Lakshadweep,2025-09,27.33,23646.2,0.7013333333333333,242.81,0,0.0,1964.8333333333333,49.669999999999995,3.74,106.3,4931.066666666667,116737.03333333334,8.017,5.810333333333333,11.05,58891.03333333333,0.0,59.51223293720645,68.59862373134796,37.62169531812319
Madhya Pradesh,2025-09,28.209999999999997,12740.4,0.8019999999999999,258.47999999999996,0,0.0,6776.233333333334,48.1,3.92,111.91000000000001,5136.0,308983.9666666667,5.850666666666667,5.671333333333334,10.523333333333333,57822.4,0.0,56.94042529165546,60.85385775936703,34.162580879647905
Maharashtra,2025-09,27.793333333333333,12376.9,1.231,258.03666666666663,0,0.0,7726.866666666667,50.15,3.8,109.09666666666666,5039.133333333333,517133.4,4.451333333333333,5.685666666666666,10.356666666666666,59247.333333333336,0.9980938294626256,55.059974093367344,55.908437356699444,33.64733780363848
Manipur,2025-09,26.816666666666666,12990.0,1.4043333333333334,261.34666666666664,0,0.0,3583.233333333333,51.84,4.01,107.11666666666666,4779.033333333334,309554.93333333335,5.854,5.707666666666666,10.436666666666667,59953.5,1.8679271062892049,58.732092388570194,60.204270653942714,36.35447084200093
Meghalaya,2025-09,25.3,30652.3,0.653,261.2966666666667,0,0.0,3911.5666666666666,49.416666666666664,4.006666666666667,111.31,5010.3,309278.43333333335,6.168666666666667,5.616333333333333,10.053333333333335,61533.03333333333,0.0,59.18476633647755,59.6573186480208,34.01015702539024
Mizoram,2025-09,23.896666666666665,35254.4,1.1296666666666666,250.59,0,0.0,3993.6666666666665,50.50333333333333,4.180000000000001,109.92333333333333,5190.733333333334,309458.86666666664,5.888333333333334,5.927666666666667,10.506666666666666,57361.73333333333,1.3163143753178517,59.53385848946051,62.16697959932701,36.90512112127007
Nagaland,2025-09,27.613333333333333,14522.9,1.0943333333333334,258.17,0,0.0,3865.1,47.32666666666667,3.8266666666666667,110.95333333333333,5067.333333333333,309918.36666666664,5.995,5.658666666666666,10.379999999999999,58888.03333333333,0.0,59.07998036905959,60.67200597301335,35.80631165921009
Odisha,2025-09,27.223333333333336,9888.0,1.1909999999999998,248.56,0,0.0,4107.633333333333,49.61333333333334,3.966666666666667,112.29333333333334,5030.666666666667,206726.36666666667,8.514000000000001,5.769666666666667,10.823333333333332,60852.8,2.1042861501949446,58.79965110217539,68.95982155914572,38.66154773562579
Puducherry,2025-09,22.086666666666666,11103.3,0.894,252.35333333333335,0,0.0,1263.9,49.46,3.8866666666666663,108.54666666666667,4984.1,163944.1,7.976333333333333,5.670333333333334,10.486666666666668,57067.433333333334,0.0,60.75674750468903,67.5350149367997,37.82626601349408
Punjab,2025-09,33.07,3729.7,1.5710000000000002,251.36,0,0.0,9908.3,50.45666666666667,4.319999999999999,113.01666666666667,4807.166666666667,309408.23333333334,5.872333333333333,5.944,10.426666666666668,58028.36666666667,4.679709103237833,55.46031369690519,61.84585637959868,36.74445753011162
Rajasthan,2025-09,31.740000000000002,3941.2,0.7419999999999999,261.81,0,0.0,4607.133333333333,51.75,4.1,109.55666666666666,4827.433333333333,310887.7,5.936000000000001,5.665333333333334,10.47,61364.7,0.0,58.33229642062314,59.88733446363809,34.01912034329375
Sikkim,2025-09,14.78,12241.5,1.1593333333333333,245.04,0,0.0,4197.133333333333,49.669999999999995,4.096666666666667,110.00666666666666,4894.166666666667,311024.4666666667,5.944,5.634666666666666,10.81,58342.3,2.3826675707747107,59.266849125332,61.291256906830284,37.019278448883654
Tamil Nadu,2025-09,28.423333333333336,21772.1,0.8633333333333334,226.77,0,0.0,3363.4,50.10333333333333,3.81,107.42,4880.2,514238.8,4.229333333333333,5.745333333333334,10.553333333333335,62391.433333333334,2.7898907441939294,58.57324125717848,54.812773595805844,35.319784136641495
Telangana,2025-09,26.93,10374.7,0.6586666666666667,232.7133333333333,0,0.0,3837.366666666667,49.41,4.1066666666666665,109.91000000000001,5106.9,309898.8,6.117999999999999,5.843666666666667,11.203333333333335,57053.433333333334,0.28506645194100955,59.67254191631305,63.754978599484964,36.938160901357215
Tripura,2025-09,24.740000000000002,31305.6,1.4140000000000001,248.43333333333334,0,0.0,3597.1,49.919999999999995,3.94,110.46666666666667,5083.966666666666,310918.1666666667,6.200666666666667,5.708,10.906666666666666,59232.933333333334,3.881126462112224,58.998209686568806,62.26411733356922,37.767853308536274
Uttar Pradesh,2025-09,28.28666666666667,14270.5,0.534,256.24666666666667,0,0.0,9173.733333333334,51.46666666666667,3.8400000000000003,108.24666666666667,5029.933333333333,206632.46666666667,8.587,5.691,10.366666666666667,59442.76666666667,0.0,53.68962187099986,68.54727464271444,34.237129322817935
Uttarakhand,2025-09,14.143333333333334,14544.8,1.066,257.62666666666667,0,0.0,3890.5666666666666,49.763333333333335,4.176666666666667,111.05333333333333,5251.633333333333,309535.43333333335,6.295333333333334,5.813999999999999,10.673333333333334,60542.23333333333,0.0,59.82329703101492,62.20602708310869,36.39324059262578
West Bengal,2025-09,28.176666666666666,11836.2,0.7813333333333333,249.45,0,0.0,3696.1,49.64,3.9733333333333336,115.41000000000001,4875.833333333333,308911.1,6.006333333333333,5.717333333333333,10.68,60057.7,0.0,59.14611817803028,61.07737386404321,35.46708882899948
Andaman and Nicobar Islands,2025-10,27.483870967741936,8180.0,0.6593548387096775,17.82903225806452,0,0.0,8150.290322580645,51.24516129032258,4.170967741935484,112.2,4809.290322580645,167914.32258064515,7.203225806451614,5.785161290322581,10.493548387096775,63099.51612903226,32.52313626147679,55.98002810401913,63.76439762792986,48.543363747979875
Andhra Pradesh,2025-10,25.203225806451613,3740.6,1.0748387096774195,17.074193548387097,0,0.0,13090.41935483871,51.167741935483875,4.132258064516129,109.78709677419356,4996.193548387097,309969.32258064515,6.033870967741936,5.862580645161291,10.751612903225807,61939.3870967742,35.911493446128105,51.92458786850335,61.29873392111062,47.86288661270507
Arunachal Pradesh,2025-10,24.016129032258064,4194.8,1.5274193548387098,28.38064516129032,0,0.0,14582.90322580645,51.41935483870968,4.083870967741936,107.01935483870967,4872.225806451613,309199.96774193546,6.126774193548387,5.8674193548387095,10.667741935483871,61661.1935483871,37.78307952687443,50.460205143769045,61.55366634508122,48.16272019733924
Assam,2025-10,21.967741935483872,9502.6,0.932258064516129,17.835483870967742,0,0.0,13028.870967741936,50.20645161290323,4.003225806451613,115.0516129032258,5208.903225806452,309838.0967741936,5.908709677419354,5.719354838709678,10.209677419354838,56256.54838709677,34.673380589383655,51.71076700024538,61.212772161332495,47.271313726172465
Bihar,2025-10,24.5258064516129,4698.2,0.4841935483870968,22.39032258064516,0,0.0,15367.612903225807,50.512903225806454,3.903225806451613,111.03225806451613,4887.322580645161,206563.1935483871,8.611290322580645,5.476774193548387,10.603225806451613,62650.096774193546,30.4582002143611,49.33917448468696,67.097019540637,46.226246040544126
Chandigarh,2025-10,18.451612903225808,7172.0,1.0893548387096774,23.138709677419353,0,0.0,5070.580645161291,49.9741935483871,3.9193548387096775,113.9,4977.741935483871,138129.67741935485,8.38774193548387,5.640645161290322,10.758064516129032,61975.3870967742,35.116242200701045,57.72656367996326,67.56927398244429,51.14311266387863
Chhattisgarh,2025-10,24.919354838709676,4535.1,0.8996774193548387,21.541935483870965,0,0.0,13713.41935483871,49.60645161290322,4.196774193548387,111.12258064516129,4925.774193548387,308902.67741935485,6.188387096774194,5.9074193548387095,10.596774193548388,62427.48387096774,33.86058965707692,52.1749408528638,61.553313311634454,47.19379348924171
Dadra and Nagar Haveli and Daman and Diu,2025-10,18.551612903225806,6065.2,0.6135483870967742,15.925806451612903,0,0.0,7631.225806451613,50.42258064516129,3.925806451612903,108.26451612903226,5014.258064516129,245305.7741935484,6.951935483870967,5.395161290322581,10.19032258064516,58139.51612903226,32.44754198360575,55.591152927053216,62.41613840834151,48.039954919996305
Delhi,2025-10,19.25483870967742,7772.1,0.7958064516129033,23.37741935483871,0,0.0,4847.548387096775,51.63225806451613,4.354838709677419,110.56774193548387,5054.741935483871,159856.25806451612,6.097741935483871,5.709677419354839,10.283870967741937,59815.290322580644,32.76648423188184,59.265325879238674,60.75205908455978,49.03747252162622
Goa,2025-10,25.541935483870965,9607.1,0.9674193548387097,16.45483870967742,0,0.0,14037.193548387097,49.97741935483871,4.093548387096774,108.64193548387097,5081.1612903225805,310301.6129032258,6.134838709677419,5.737096774193549,10.519354838709678,60150.45161290323,35.15764298486894,51.36639794185611,61.2615963394363,47.35669555845629
Gujarat,2025-10,30.98709677419355,1454.8,1.3135483870967741,18.76774193548387,0,0.0,16630.387096774193,48.45161290322581,3.967741935483871,109.0741935483871,4892.258064516129,515037.29032258067,4.416451612903225,5.633870967741935,10.390322580645162,58698.54838709677,37.53913604820937,49.232723403643874,55.811306677367696,46.19993427990102
Haryana,2025-10,30.606451612903225,1574.5,1.4306451612903226,21.93548387096774,0,0.0,37870.096774193546,49.75483870967742,3.829032258064516,106.87741935483871,4997.5161290322585,308806.0967741936,6.177741935483871,5.822903225806451,10.506451612903225,60084.096774193546,37.987012560904255,31.42420280689437,61.754247429400685,41.631837864124904
Himachal Pradesh,2025-10,12.441935483870967,5673.1,0.32838709677419353,18.106451612903225,0,0.0,13289.322580645161,50.38709677419355,4.116129032258065,108.19999999999999,5010.580645161291,309584.7419354839,5.866451612903226,5.474516129032258,10.570967741935483,60257.48387096774,29.8726065926975,51.93234754616049,59.38438549114875,44.97146065102236
Jammu and Kashmir,2025-10,22.896774193548385,4442.6,0.7396774193548387,20.751612903225805,0,0.0,7676.4838709677415,51.516129032258064,4.0,108.5,5254.903225806452,191507.8064516129,7.445483870967742,5.626451612903225,10.287096774193548,60081.06451612903,32.717907327103006,55.544041152033486,64.44915772574043,48.63986676548803
Jharkhand,2025-10,25.116129032258065,3735.7,1.2641935483870967,21.51290322580645,0,0.0,14311.225806451614,49.541935483870965,4.083870967741936,112.13548387096775,5103.064516129032,206875.4193548387,8.57548387096774,5.509677419354839,10.509677419354839,59414.87096774193,36.73831286330652,51.23864316414838,67.9911444727381,49.62663637095906
Karnataka,2025-10,25.748387096774195,9535.5,0.7296774193548388,23.393548387096775,0,0.0,24177.032258064515,50.306451612903224,3.9096774193548387,111.66774193548386,4975.5161290322585,515714.29032258067,4.605483870967742,5.671612903225806,10.64516129032258,60961.25806451613,32.24279008470544,42.45018110288879,56.25444147113643,41.81828978767736
Kerala,2025-10,27.029032258064515,8173.5,0.9535483870967743,17.532258064516128,0,0.0,14548.41935483871,50.71612903225807,4.145161290322581,110.56451612903226,4981.967741935484,309785.93548387097,6.122580645161291,5.854516129032258,10.625806451612902,58951.645161290326,34.88668951544548,50.96019764703014,62.27067151126707,47.35841286045551
Ladakh,2025-10,21.741935483870968,9078.0,0.7883870967741936,19.874193548387098,0,0.0,6655.451612903225,49.306451612903224,4.109677419354839,104.49677419354839,5059.645161290323,147248.87096774194,6.2138709677419355,5.843870967741935,10.46774193548387,62163.77419354839,33.233483613953155,57.48408571280359,61.23510388484566,48.72159941627393
Lakshadweep,2025-10,24.893548387096775,8551.4,1.1948387096774193,19.967741935483872,0,0.0,6843.580645161291,49.17741935483871,3.896774193548387,103.8741935483871,4892.064516129032,116664.2258064516,8.086774193548386,5.888387096774193,10.435483870967742,60479.12903225807,36.4233842258666,56.46467602807736,67.63408637299636,51.240511893422806
Madhya Pradesh,2025-10,25.980645161290322,4579.6,0.8283870967741935,24.700000000000003,0,0.0,22805.548387096773,49.36774193548387,4.196774193548387,108.07741935483871,4821.419354838709,309934.2580645161,6.009032258064516,5.9716129032258065,10.470967741935485,58504.83870967742,32.82492032547889,45.04412514426204,62.30333266219512,44.47124509623205
Maharashtra,2025-10,25.448387096774194,4410.7,1.1054838709677417,23.467741935483872,0,0.0,25526.612903225807,50.435483870967744,4.054838709677419,113.02258064516128,4839.0,517474.77419354836,4.490645161290323,5.637096774193548,10.47741935483871,60322.25806451613,35.19402755524446,41.96222119272072,55.683658666833225,42.68530310625834
Manipur,2025-10,25.074193548387097,4100.5,0.7009677419354838,10.393548387096773,0,0.0,12782.193548387097,50.57741935483871,3.7419354838709675,114.48064516129033,4901.774193548387,310829.0967741936,5.81,5.470322580645161,10.170967741935485,61734.25806451613,33.96648054071494,50.67918239114296,58.07345255544305,45.84266919204678
Meghalaya,2025-10,22.81935483870968,10485.8,0.7806451612903226,19.60967741935484,0,0.0,13898.354838709678,49.251612903225805,3.9419354838709677,105.47096774193548,4875.387096774193,309202.87096774194,6.298064516129033,5.610967741935484,10.712903225806452,60784.354838709674,33.212133740546506,51.04673954672693,61.34751019976839,46.48808988751512
Mizoram,2025-10,21.306451612903224,12537.2,0.7112903225806452,20.661290322580644,0,0.0,13832.741935483871,49.3258064516129,4.02258064516129,113.6258064516129,5107.193548387097,309653.6129032258,5.901290322580645,5.685806451612903,10.37741935483871,58178.032258064515,32.507688974074334,51.420810072115316,60.71874117013805,46.18004440740461
Nagaland,2025-10,25.52258064516129,5006.8,0.8019354838709677,19.503225806451614,0,0.0,14056.290322580646,51.76451612903226,4.02258064516129,111.45806451612904,4888.290322580645,308950.32258064515,6.0206451612903225,5.854838709677419,10.893548387096773,61936.3870967742,33.395926537576074,50.51211088979676,61.4591825718298,46.402405069416744
Odisha,2025-10,23.983870967741936,3462.5,0.915483870967742,18.10967741935484,0,0.0,13727.322580645161,49.880645161290325,3.8161290322580643,111.18709677419355,4902.419354838709,207000.70967741936,8.504516129032258,5.553870967741935,10.358064516129033,57882.67741935484,34.50002575614238,50.456324844635496,68.19393439239697,48.50820759617862
Puducherry,2025-10,19.274193548387096,3937.3,1.028709677419355,20.929032258064513,0,0.0,4385.8387096774195,48.66451612903226,4.119354838709677,105.98064516129033,5127.548387096775,163988.64516129033,8.040322580645162,5.607741935483871,10.438709677419356,62471.967741935485,34.96964668697264,59.51588714595492,65.68728464421118,51.240240336926064
Punjab,2025-10,31.048387096774192,1302.9,0.5374193548387097,18.787096774193547,0,0.0,34060.0,50.15161290322581,4.0612903225806445,107.08709677419354,4816.4838709677415,309207.06451612903,5.9796774193548385,5.60258064516129,10.596774193548388,58293.903225806454,31.41824672306405,35.315115564011485,60.93106445806181,40.16035525114509
Rajasthan,2025-10,29.20967741935484,1364.3,1.397741935483871,21.216129032258067,0,0.0,16276.774193548386,50.935483870967744,4.067741935483871,105.25161290322582,5197.032258064516,309563.7419354839,6.11,5.708064516129032,10.82258064516129,59797.45161290323,37.835549792474396,49.19467765451979,61.671296212348125,47.77018114915872
Sikkim,2025-10,11.741935483870968,4580.4,1.308709677419355,24.94193548387097,0,0.0,15084.161290322581,50.50967741935484,4.074193548387097,112.4,4928.225806451613,309481.4193548387,5.966774193548387,5.618709677419355,10.151612903225805,57572.709677419356,36.57486495797538,50.29470904386326,60.456975296270436,47.3473379726099
Tamil Nadu,2025-10,26.219354838709677,8189.9,0.8564516129032258,18.961290322580645,0,0.0,11534.548387096775,49.58064516129032,3.9096774193548387,108.62258064516129,4913.322580645161,514399.51612903224,4.271935483870968,6.055483870967742,10.332258064516129,59805.87096774193,33.90695071335218,52.682803737245926,56.70166751999403,46.177178473375456
Telangana,2025-10,24.812903225806455,3698.6,1.0951612903225807,14.777419354838708,0,0.0,13389.129032258064,48.62580645161291,3.841935483870968,103.89032258064516,4857.032258064516,309159.22580645164,6.098064516129032,5.596774193548387,10.829032258064515,61937.1935483871,36.41620621865926,51.210872981874175,60.50281590710378,47.615992007895606
Tripura,2025-10,22.69677419354839,10877.1,1.497741935483871,17.16774193548387,0,0.0,12847.741935483871,49.52903225806452,3.8870967741935485,110.23548387096774,4890.8387096774195,308760.0,6.232903225806451,5.851612903225806,9.851612903225806,60330.25806451613,39.2310770551597,51.56160836524565,60.89339673511257,48.962342933677995
Uttar Pradesh,2025-10,25.66774193548387,4821.1,1.0196774193548388,16.470967741935485,0,0.0,30848.25806451613,50.7,4.274193548387097,106.80967741935484,5075.258064516129,206839.93548387097,8.534516129032259,5.8590322580645156,10.838709677419354,60168.0,35.56715785617026,38.603906547762804,69.63995911436372,45.14822021277601
Uttarakhand,2025-10,11.516129032258064,5044.0,1.350967741935484,20.02258064516129,0,0.0,13813.483870967742,49.9741935483871,4.148387096774194,109.6258064516129,4969.032258064516,308963.51612903224,6.363870967741936,5.677741935483871,10.151612903225805,61137.290322580644,37.645875490104935,51.7787395103768,60.79934607731595,48.38074554400284
West Bengal,2025-10,25.23225806451613,4259.1,1.3219354838709676,21.683870967741935,0,0.0,12769.612903225807,48.50322580645161,4.119354838709677,108.58064516129032,4883.548387096775,310383.6129032258,6.0687096774193545,5.708064516129032,10.419354838709678,58215.22580645161,37.167829593862265,52.92297659808737,61.382109648194394,48.73570105892408
Andaman and Nicobar Islands,2025-11,26.136666666666667,8236.6,1.218,22.59333333333333,0,0.0,7837.333333333333,49.66,3.9633333333333334,106.4,4865.5,167745.0,7.060666666666666,5.849333333333333,10.373333333333333,61053.6,36.21211883370062,55.816895559212185,64.04536383817099,50.03210193874726
Andhra Pradesh,2025-11,23.34333333333333,3758.2999999999997,1.027,21.55666666666667,0,0.0,12995.7,49.263333333333335,4.0200000000000005,111.52666666666667,5072.033333333334,308538.1,6.079666666666667,5.362333333333334,10.516666666666667,59603.63333333333,34.86202466519749,52.09160457028586,59.68128201145928,47.09719196854387
Arunachal Pradesh,2025-11,22.043333333333333,3895.0,0.7929999999999999,23.2,0,0.0,14375.3,49.71666666666667,4.053333333333333,109.51333333333334,5010.666666666667,309610.5,6.15,5.910333333333333,10.506666666666666,59375.566666666666,32.77097474148161,51.00507188437486,62.26110788348375,46.52544202699478
Assam,2025-11,19.836666666666666,8843.2,1.066,13.3,0,0.0,12782.733333333334,49.7,4.319999999999999,107.48,4898.966666666666,308629.9666666667,5.840333333333334,5.678333333333333,10.353333333333333,62458.03333333333,36.407949652483474,53.4103001603244,59.113848982641215,48.035247162767234
Bihar,2025-11,22.65,4178.8,1.242,12.483333333333333,0,0.0,15102.433333333332,51.980000000000004,3.6733333333333333,114.21000000000001,5173.466666666666,207241.43333333332,8.642666666666665,6.042,10.393333333333334,57394.1,37.91780344126123,48.12747579735048,70.88530577087151,49.73306434829503
Chandigarh,2025-11,17.426666666666666,6782.8,1.0516666666666667,20.33,0,0.0,4863.566666666667,50.690000000000005,4.17,109.84333333333333,5109.333333333333,138094.23333333334,8.354666666666667,5.975666666666667,10.353333333333333,60350.566666666666,35.240464400745886,58.74605804637606,68.72785078583105,51.83926877298774
Chhattisgarh,2025-11,23.133333333333333,4516.0,0.926,25.06,0,0.0,13462.7,49.583333333333336,4.446666666666667,111.33333333333333,4996.433333333333,309699.93333333335,6.221,5.880333333333334,10.726666666666667,58941.7,33.54037277504662,53.447520368702726,62.849201380329475,47.83508158414697
Dadra and Nagar Haveli and Daman and Diu,2025-11,16.21333333333333,6041.3,1.2793333333333334,19.313333333333333,0,0.0,7376.566666666667,51.156666666666666,4.19,117.47666666666667,4915.266666666666,245374.13333333333,6.958,5.6546666666666665,10.086666666666668,59458.6,37.18759060857773,56.70075729336827,62.943059016411304,50.45606605021281
Delhi,2025-11,18.166666666666668,7449.9,0.7096666666666667,22.203333333333333,0,0.0,4935.6,50.24666666666667,3.9566666666666666,113.91,4999.366666666667,160182.33333333334,6.007333333333333,5.764333333333334,10.860000000000001,61279.96666666667,32.26358374300729,57.91106860383388,61.18872075313302,48.47148769682803
Goa,2025-11,24.016666666666666,9459.2,1.278,18.490000000000002,0,0.0,14126.866666666667,51.413333333333334,4.053333333333333,111.38333333333334,5014.066666666667,309207.6,6.154,5.666333333333333,10.483333333333333,59380.36666666667,37.30058035260213,50.69287104349186,61.20546564721839,47.96410341806761
Gujarat,2025-11,28.27,1454.3,1.119,22.71333333333333,0,0.0,16728.5,47.22666666666667,4.113333333333333,109.74666666666667,5027.433333333333,516368.36666666664,4.4350000000000005,5.748333333333333,10.883333333333333,56774.4,35.41373232751314,50.14415733237803,57.76409876142549,46.15697268769394
Haryana,2025-11,28.303333333333335,1542.3,0.5596666666666666,23.44333333333333,0,0.0,36011.166666666664,49.086666666666666,4.216666666666667,110.22333333333333,5072.6,309325.8333333333,6.251,5.651333333333333,10.496666666666666,59821.73333333333,30.89517994575352,34.75241430960313,61.32214326022522,39.85195280171881
Himachal Pradesh,2025-11,11.383333333333333,5707.7,0.9083333333333333,22.783333333333335,0,0.0,13757.766666666666,50.18666666666666,4.013333333333334,105.45333333333333,5001.166666666667,309193.93333333335,5.874666666666667,6.016,10.653333333333334,58594.63333333333,33.74261188337006,51.18245871309803,62.34961198002313,46.99830829793812
Jammu and Kashmir,2025-11,21.209999999999997,4215.8,0.8743333333333333,18.396666666666665,0,0.0,7659.9,48.60666666666667,3.8699999999999997,106.37333333333335,4946.133333333333,191198.9,7.5,5.626,10.42,58206.6,34.13260035599254,55.87492053620778,65.42203733090003,49.56477166279475
Jharkhand,2025-11,22.933333333333334,3671.0,1.3723333333333334,23.376666666666665,0,0.0,14218.266666666666,48.766666666666666,4.263333333333334,112.41000000000001,4921.333333333333,206644.16666666666,8.799000000000001,5.743666666666667,10.5,62589.833333333336,37.31118096287506,52.31116175718732,68.64609151721473,50.394901879469266
Karnataka,2025-11,24.043333333333333,8872.5,1.0719999999999998,18.65,0,0.0,24447.633333333335,51.32666666666667,4.14,104.33333333333333,5206.6,515599.73333333334,4.658333333333333,5.710666666666667,10.123333333333333,58752.333333333336,35.65274580437362,42.913228084852285,56.42092977154725,43.38596059433456
Kerala,2025-11,25.25,7848.1,0.981,16.616666666666667,0,0.0,14375.666666666666,50.53333333333333,4.016666666666667,108.89333333333335,5046.166666666667,310026.1666666667,6.030333333333333,5.979,10.586666666666668,58865.36666666667,35.24042083403967,50.60321576883291,62.47580106833631,47.42624411979146
Ladakh,2025-11,20.43,8461.0,0.5643333333333334,15.456666666666667,0,0.0,6957.766666666666,49.6,3.8733333333333335,116.25333333333333,4907.433333333333,146738.73333333334,6.256666666666666,5.782666666666667,10.513333333333332,59000.36666666667,32.12996584166808,56.14735631194702,62.178761703005925,48.048251471600175
Lakshadweep,2025-11,22.723333333333336,7911.099999999999,0.8286666666666667,14.693333333333333,0,0.0,6753.466666666666,49.163333333333334,3.9,112.26333333333334,4858.966666666666,116747.93333333333,8.068,5.902333333333333,10.423333333333334,61971.86666666667,34.328124088828616,56.5540607045111,67.14555935555101,50.31156072099809
Madhya Pradesh,2025-11,23.686666666666667,4240.4,1.4186666666666667,19.313333333333333,0,0.0,23459.933333333334,51.00333333333333,4.163333333333333,105.32,5018.866666666667,308756.56666666665,6.006,5.6193333333333335,10.323333333333332,59420.13333333333,38.285912358026785,43.892278041434054,60.279573877040654,45.746555726972794
Maharashtra,2025-11,23.163333333333334,4319.7,1.1706666666666665,24.96333333333333,0,0.0,26851.533333333333,50.52333333333333,3.7333333333333334,108.92,5046.6,517070.06666666665,4.5456666666666665,5.7860000000000005,10.626666666666667,58392.53333333333,35.48350474656721,39.51349716720742,57.33159979874038,42.35602585683458
Manipur,2025-11,23.13,4401.6,1.278,22.44,0,0.0,12691.633333333333,51.61333333333334,3.9866666666666664,111.63666666666667,5169.333333333333,310439.8333333333,5.823333333333333,5.632000000000001,10.253333333333334,58136.9,36.70808035260214,51.48514186265477,60.062934048825596,47.71876530517642
Meghalaya,2025-11,21.003333333333334,10178.2,0.9646666666666667,19.970000000000002,0,0.0,13669.233333333334,49.836666666666666,4.056666666666667,106.83666666666666,4902.666666666667,311076.5,6.225,5.834333333333333,10.296666666666665,61731.23333333333,34.6086701983387,51.54262349276884,61.08477271199199,47.15457947980257
Mizoram,2025-11,19.796666666666667,11767.8,1.1616666666666666,17.029999999999998,0,0.0,14225.6,49.28333333333333,3.8333333333333335,108.18,4991.666666666667,310209.93333333335,5.8053333333333335,5.547666666666667,10.5,62032.36666666667,36.60256051873199,50.31426442339155,58.83047601896721,46.95863576042164
Nagaland,2025-11,23.516666666666666,4755.9,1.3723333333333334,17.296666666666667,0,0.0,14250.333333333334,48.82,4.1033333333333335,106.4,4992.2,309658.3333333333,6.058666666666666,5.6659999999999995,10.516666666666667,59750.86666666667,38.22318096287506,51.586564207156215,60.850194344476876,48.557118443773916
Odisha,2025-11,22.543333333333333,3289.6,0.5936666666666667,15.966666666666667,0,0.0,13810.933333333332,48.37,4.12,111.84333333333333,5181.266666666666,205744.3,8.556333333333333,5.835,10.206666666666667,62863.03333333333,32.28469147313104,52.14080588972703,67.72126356099355,48.09347454090526
Puducherry,2025-11,17.67,4035.3,1.1460000000000001,28.053333333333335,0,0.0,4423.533333333334,49.66,4.173333333333334,110.52666666666667,5013.433333333333,164453.9,8.04,5.6033333333333335,10.656666666666666,59560.03333333333,34.82556501101882,59.41786846479114,66.9415806772099,51.461875136386894
Punjab,2025-11,28.64333333333333,1246.6,1.1666666666666667,17.42,0,0.0,33783.2,51.57333333333334,3.86,107.49666666666667,4904.666666666667,309585.2,5.989000000000001,5.793333333333334,10.366666666666667,59948.46666666667,36.58347397864045,34.248365424485065,60.86541124004153,41.83667030003634
Rajasthan,2025-11,27.41,1275.4,0.862,17.096666666666668,0,0.0,16034.3,50.25,4.01,115.61666666666666,4985.466666666666,309741.13333333336,6.155,5.725666666666667,10.469999999999999,57750.46666666667,34.230380488218344,49.34584490389383,61.949764606061265,46.4506390631655
Sikkim,2025-11,10.363333333333333,4293.9,1.0543333333333333,21.029999999999998,0,0.0,14696.033333333333,50.15333333333333,4.053333333333333,112.43333333333334,4977.233333333334,310363.73333333334,5.978,5.682333333333333,10.723333333333333,61509.833333333336,35.15648491269707,50.61999949620582,60.45705189463824,46.89385676241042
Tamil Nadu,2025-11,24.246666666666666,7961.7,1.2893333333333332,19.5,0,0.0,11290.1,50.24,4.11,110.40333333333334,5140.966666666666,516684.9666666667,4.177333333333333,5.707666666666666,10.183333333333334,59959.2,37.23841752839464,53.534011627200734,54.654112382425,47.295799176484365
Telangana,2025-11,23.076666666666664,3651.4,0.9943333333333334,17.113333333333333,0,0.0,13713.3,49.763333333333335,4.016666666666667,108.90666666666667,4954.3,309593.06666666665,6.142333333333334,5.948333333333333,9.953333333333335,58282.433333333334,35.27102339379556,51.358916706819485,61.835008331611235,47.54278228780785
Tripura,2025-11,20.46333333333333,10754.1,0.8026666666666666,19.69333333333333,0,0.0,13152.9,50.56333333333334,4.016666666666667,111.91333333333334,4845.066666666667,310004.2,6.171666666666667,6.0103333333333335,10.506666666666666,61442.96666666667,33.37317409730463,51.56284364403605,62.09800942472746,46.92076727051633
Uttar Pradesh,2025-11,24.05666666666667,4670.7,0.8803333333333333,16.603333333333335,0,0.0,31272.2,50.18,4.256666666666667,106.23,4952.766666666666,205774.16666666666,8.592666666666668,5.439333333333334,10.396666666666667,59200.3,34.448896507882694,38.3492370440501,67.62967529676126,44.10921039276093
Uttarakhand,2025-11,9.676666666666668,4699.6,0.9116666666666666,15.556666666666667,0,0.0,14181.366666666667,51.276666666666664,4.026666666666666,109.91000000000001,5029.6,310531.7,6.276,5.8020000000000005,10.683333333333334,61778.333333333336,34.852887523309036,50.57683234542287,61.72354894151888,47.07393356560134
West Bengal,2025-11,23.363333333333333,4005.0,0.9996666666666666,18.256666666666668,0,0.0,12905.4,48.086666666666666,3.856666666666667,111.16333333333334,5033.233333333334,308830.06666666665,5.9590000000000005,5.707333333333334,10.073333333333332,58616.53333333333,35.141564417697914,51.81870786074509,60.349726985338016,47.28060526467445
Andaman and Nicobar Islands,2025-12,24.641935483870967,2028.8,1.6054838709677421,-70.78064516129032,0,7.225806451612903,7804.193548387097,50.99354838709677,7.770967741935484,108.63870967741936,4907.4838709677415,167186.61290322582,7.1658064516129025,5.656451612903226,10.52258064516129,58501.22580645161,68.64668789063396,71.70157711433157,64.60257809478647,68.70487166996625
Andhra Pradesh,2025-12,22.432258064516127,987.8,1.275806451612903,-69.08709677419354,0,7.451612903225806,12929.58064516129,52.94193548387097,7.464516129032258,108.87096774193549,4996.451612903225,309761.7419354839,6.089354838709678,5.655483870967742,10.796774193548387,60213.096774193546,66.27434934122705,65.74839006980278,61.21339708045845,64.8250255310364
Arunachal Pradesh,2025-12,21.283870967741933,1011.1,1.3825806451612903,-69.05806451612904,0,8.03225806451613,14665.967741935483,50.309677419354834,7.883870967741935,107.18709677419353,5015.451612903225,309478.29032258067,6.186774193548387,6.119677419354839,10.506451612903225,59976.45161290323,68.34707781864078,66.95320322914127,63.06629548029192,66.53902612772873
Assam,2025-12,19.26451612903226,2497.1,0.7293548387096774,-69.03548387096774,0,7.516129032258065,12582.09677419355,48.938709677419354,7.664516129032258,102.07096774193548,5032.1612903225805,310741.06451612903,6.021935483870968,5.654516129032258,11.12258064516129,59171.354838709674,62.09636601797148,68.07861541874678,61.86480664637992,64.13226346534495
Bihar,2025-12,21.887096774193548,1138.6,0.86,-70.33870967741936,0,7.806451612903226,15004.258064516129,48.983870967741936,7.529032258064516,107.61612903225806,4959.322580645161,206357.5483870968,8.636451612903226,5.671612903225806,10.66451612903226,60801.032258064515,63.93939307268323,65.56781330187684,68.67755615976272,65.69388092467086
Chandigarh,2025-12,15.761290322580646,1678.3,1.0070967741935484,-71.18387096774192,0,7.967741935483871,4923.322580645161,48.54516129032258,8.190322580645162,112.01290322580645,5087.129032258064,137733.16129032258,8.533225806451613,5.981935483870967,10.474193548387097,59880.67741935484,65.5688567278076,76.50884003066929,69.64692527541703,70.41736802071155
Chhattisgarh,2025-12,21.929032258064513,1092.2,1.030967741935484,-70.72258064516129,0,7.483870967741935,13583.09677419355,48.61612903225806,7.858064516129032,104.56774193548387,5037.4838709677415,310426.67741935485,6.175806451612903,5.667419354838709,10.329032258064515,59965.1935483871,64.6583179681118,68.20888288801603,60.839821245777365,64.94639150949467
Dadra and Nagar Haveli and Daman and Diu,2025-12,15.158064516129032,1549.2,1.1980645161290322,-70.38709677419355,0,7.516129032258065,7454.387096774193,48.40967741935484,7.490322580645161,108.29354838709678,4958.0,245001.67741935485,6.885483870967741,5.7783870967741935,10.36774193548387,57169.096774193546,65.99380196939025,71.55549427131163,64.42373433250874,67.54787736584235
Delhi,2025-12,16.812903225806455,1863.0,1.2703225806451615,-70.42903225806452,0,7.516129032258065,4865.096774193548,50.63548387096775,7.809677419354839,106.73225806451612,5256.1612903225805,160278.67741935485,6.066774193548387,5.809354838709678,10.293548387096775,61555.290322580644,66.56968035774476,74.30252310786477,60.54538209386094,67.7701007543158
Goa,2025-12,22.509677419354837,2388.7,1.4309677419354838,-71.0516129032258,0,8.193548387096774,14190.41935483871,50.9741935483871,8.129032258064516,110.3258064516129,5090.258064516129,309686.8387096774,6.112258064516129,5.843870967741935,10.270967741935483,59947.48387096774,69.37070155557234,68.17739115824264,61.29918821531312,66.93516458144214
Gujarat,2025-12,28.20967741935484,356.1,0.7603225806451613,-70.90645161290323,0,7.193548387096774,16887.645161290322,49.61290322580645,7.812903225806451,107.91290322580645,4859.870967741936,514352.0,4.513548387096773,5.7219354838709675,10.796774193548387,59806.1935483871,61.934778552092226,65.09927932361623,56.797102454482754,61.75793479772325
Haryana,2025-12,27.36774193548387,364.8,0.8351612903225807,-71.77741935483871,0,7.387096774193548,37052.67741935484,48.63548387096775,7.577419354838709,109.73225806451612,4948.774193548387,309250.6451612903,6.249677419354839,5.474193548387096,10.55483870967742,59577.3870967742,63.0671592890062,48.41304650676008,60.74394079739478,57.357415192317205
Himachal Pradesh,2025-12,9.82258064516129,1418.0,0.797741935483871,-70.49032258064516,0,7.516129032258065,13326.322580645161,51.05483870967742,7.751612903225807,111.78064516129032,4976.387096774193,308988.96774193546,5.925161290322581,5.647096774193549,9.980645161290322,59885.1935483871,62.85366624381621,67.22613099223298,59.44104201142542,63.53087284766438
Jammu and Kashmir,2025-12,20.48709677419355,1052.2,0.7796774193548388,-71.3967741935484,0,7.645161290322581,7821.290322580645,49.599999999999994,7.816129032258065,108.48064516129033,4894.096774193548,191311.35483870967,7.405161290322581,6.033548387096774,10.887096774193548,62170.54838709677,63.12177368859443,72.29893570094322,66.36666868763884,67.1450041426776
Jharkhand,2025-12,22.32903225806452,888.9,0.8287096774193548,-71.09677419354838,0,7.645161290322581,14315.387096774193,50.65806451612904,7.65483870967742,112.64838709677419,4929.580645161291,207219.38709677418,8.680967741935484,5.6090322580645156,10.432258064516128,60656.32258064516,63.46327987608383,66.14844192751265,68.21505588840331,65.59103059716378
Karnataka,2025-12,22.64516129032258,2109.8,0.7264516129032258,-72.69354838709677,0,6.967741935483871,23807.870967741936,51.225806451612904,7.519354838709678,110.21935483870968,5131.193548387097,515319.8387096774,4.616129032258065,5.6654838709677415,10.32258064516129,59574.354838709674,61.455409403638896,57.880032911243255,56.169114819228135,58.88245398519773
Kerala,2025-12,24.532258064516128,2134.2,0.7454838709677419,-69.31612903225808,0,7.709677419354839,14502.41935483871,51.24193548387097,7.841935483870968,108.32903225806452,4872.709677419355,309975.06451612903,6.161290322580645,5.547096774193549,10.116129032258065,57900.3870967742,62.67740806434742,66.62401907733204,60.58943583597665,63.53672886179934
Ladakh,2025-12,19.625806451612902,2301.3,1.2567741935483872,-69.61612903225806,0,7.612903225806452,6872.451612903225,49.70322580645161,7.9,105.09677419354838,4926.806451612903,147115.12903225806,6.2945161290322575,5.541935483870968,10.406451612903227,60980.22580645161,66.54684965100584,73.37772755425335,60.48186633716898,67.42141108868326
Lakshadweep,2025-12,22.258064516129032,2125.2,1.1970967741935483,-70.19032258064516,0,7.516129032258065,6882.193548387097,48.49677419354839,7.47741935483871,112.08709677419354,4953.645161290323,116590.03225806452,8.032903225806452,5.795483870967741,10.561290322580644,59599.709677419356,65.9566574287628,71.92753814478647,67.56071166062048,68.4474792373355
Madhya Pradesh,2025-12,22.583870967741937,1139.6,0.9587096774193548,-68.97419354838709,0,7.709677419354839,23330.0,49.78064516129032,7.880645161290322,107.73548387096774,4959.967741935484,309802.12903225806,5.92225806451613,5.84516129032258,10.725806451612904,62159.25806451613,64.30691109657266,60.23483169219125,60.772119885834094,61.997985502354524
Maharashtra,2025-12,22.348387096774193,1081.3,1.0774193548387097,-69.73870967741935,0,7.258064516129032,26110.354838709678,49.690322580645166,7.687096774193549,109.79677419354839,5006.322580645161,515775.8064516129,4.495161290322581,5.554516129032258,10.225806451612904,60726.67741935484,64.39646182076856,57.232993948555716,54.809841918251536,59.49259308986481
Manipur,2025-12,21.654838709677417,1123.2,1.3241935483870966,-69.75806451612904,0,7.387096774193548,12185.806451612903,49.13870967741936,7.987096774193549,108.74838709677421,5059.580645161291,309673.4193548387,5.7454838709677425,5.811935483870967,10.387096774193548,61610.290322580644,66.61914672263356,69.70995156363983,59.708616526281396,65.97329586789772
Meghalaya,2025-12,19.948387096774194,2491.9,1.1929032258064516,-71.57096774193548,0,7.580645161290323,13102.741935483871,49.58387096774193,7.858064516129032,112.00645161290322,4975.129032258064,310855.32258064515,6.1974193548387095,5.586129032258064,10.187096774193549,60203.58064516129,66.26796611235366,68.29907860202745,60.255799317625126,65.47581378505735
Mizoram,2025-12,18.287096774193547,3137.1,1.1838709677419357,-69.80967741935484,0,7.129032258064516,14248.612903225807,48.47096774193548,7.467741935483871,111.06129032258065,4829.258064516129,309893.12903225806,5.932903225806452,5.629032258064516,10.241935483870968,59291.77419354839,64.9716955382431,66.05856878969254,60.00365718248465,64.11009158731079
Nagaland,2025-12,22.648387096774194,1196.4,1.3819354838709679,-71.4483870967742,0,7.451612903225806,14103.129032258064,50.24193548387097,7.767741935483872,105.44193548387096,5039.5161290322585,309779.9032258064,5.992580645161291,5.696129032258065,10.603225806451613,59736.8064516129,67.4651253612195,66.92351682872533,60.921110973107474,65.63955877781854
Odisha,2025-12,21.6,874.5,1.1445161290322579,-70.16774193548386,0,7.451612903225806,13527.161290322581,49.92580645161291,7.841935483870968,114.96774193548387,5143.354838709677,207124.0,8.537741935483872,5.861612903225807,10.516129032258064,61764.25806451613,65.40152494234042,67.79141903893024,68.62954488936273,67.04499286290243
Puducherry,2025-12,16.45806451612903,948.8,0.9087096774193549,-70.8483870967742,0,7.290322580645161,4299.8387096774195,51.03548387096774,7.725806451612903,108.7709677419355,4987.935483870968,164040.70967741936,7.943225806451613,5.586774193548387,10.567741935483872,59513.93548387097,63.301661192065986,74.27217169180763,66.44430086098406,67.92699978420508
Punjab,2025-12,28.02258064516129,338.4,0.7283870967741934,-69.13225806451612,0,7.419354838709677,33711.354838709674,49.92258064516129,7.596774193548387,108.45161290322581,4909.8387096774195,310672.29032258067,5.946774193548387,5.851935483870967,10.64516129032258,61251.54838709677,61.89735119594389,50.75642701958615,61.02929103897577,57.78101269497665
Rajasthan,2025-12,27.106451612903225,318.3,1.4896774193548388,-71.70645161290322,0,7.838709677419355,16226.483870967742,50.83870967741935,7.790322580645161,113.40967741935484,5022.645161290323,308989.1935483871,6.039677419354838,5.7938709677419356,11.093548387096773,58979.8064516129,69.17674168742815,65.15886474139398,62.51903697030162,66.10605857703456
Sikkim,2025-12,9.264516129032257,1135.6,1.2006451612903226,-69.02580645161291,0,7.161290322580645,14612.806451612903,49.37419354838709,7.209677419354839,115.41290322580646,4924.709677419355,310054.93548387097,6.03483870967742,5.572258064516129,10.519354838709678,62348.290322580644,65.0549748738866,64.39717280427644,59.569005945676366,63.45325191747048
Tamil Nadu,2025-12,23.38064516129032,2024.4,0.5641935483870968,-70.60645161290323,0,7.548387096774194,11960.58064516129,50.377419354838715,7.667741935483871,112.0741935483871,5101.419354838709,516244.2580645161,4.253225806451613,5.736129032258065,10.380645161290323,59328.16129032258,61.09872978017167,68.153117361803,55.528410162324505,62.17518552928084
Telangana,2025-12,21.983870967741936,989.5,1.1974193548387095,-69.30645161290323,0,7.580645161290323,13668.645161290322,49.851612903225806,7.909677419354838,107.19677419354838,5047.387096774193,309338.3870967742,6.180645161290323,5.585161290322581,10.416129032258064,61112.16129032258,65.96388794710967,67.99085531909495,60.28971379720478,65.2547829898283
Tripura,2025-12,19.716129032258067,2796.8,1.4593548387096775,-69.88387096774194,0,7.354838709677419,12792.290322580646,48.23870967741936,7.877419354838709,109.41935483870968,5036.129032258064,309999.4193548387,6.199677419354838,5.619677419354839,10.693548387096774,60288.645161290326,67.63481833001487,69.03119922905437,61.20731864310093,66.51667672295021
Uttar Pradesh,2025-12,23.09032258064516,1199.5,1.1132258064516127,-71.01290322580645,0,7.258064516129032,31596.064516129034,49.91612903225807,7.34516129032258,104.65483870967742,5116.032258064516,207419.25806451612,8.605161290322581,5.9796774193548385,10.40967741935484,59619.096774193546,64.86984208204849,51.35963250631038,69.83425167318342,61.38237112832388
Uttarakhand,2025-12,9.05483870967742,1318.3999999999999,0.5003225806451613,-68.6258064516129,0,7.161290322580645,13632.258064516129,51.00322580645161,7.52258064516129,111.05806451612904,4982.709677419355,310127.06451612903,6.325806451612903,5.949677419354838,10.30967741935484,57959.8064516129,59.474547682837255,66.02130331945061,63.08795273689166,62.669263419165524
West Bengal,2025-12,22.5258064516129,1050.8,0.7416129032258064,-69.98064516129033,0,7.451612903225806,12773.41935483871,51.18064516129032,7.974193548387096,103.51612903225806,4995.387096774193,310043.9032258064,6.035161290322581,5.864193548387097,10.3,59259.22580645161,62.197498398749104,68.57679056613054,61.41302472064774,64.23413223780727
