state,avg_temperature,total_rainfall_mm,temp_anomaly_deg,rainfall_anomaly_pct,heatwave_days,drought_severity,crop_production_1000t,irrigation_coverage_pct,crop_failure_rate_pct,fertilizer_consumption_kg_per_ha,land_under_cultivation_1000ha,gdp_estimate_crores,unemployment_rate_pct,inflation_rate_pct,poverty_rate_pct,per_capita_income_inr,climate_stress,agri_stress,econ_stress,total_risk,month
Andaman and Nicobar Islands,25.580645161290324,2021.0,1.1509677419354838,-70.89032258064516,0,7.387096774193548,72422.0,50.86774193548387,7.819354838709677,110.30000000000001,4997.225806451613,167044.48387096773,7.133548387096774,5.969032258064516,10.283870967741937,62390.8064516129,9.863870967741935,9.275483870967742,12.256451612903225,31.395806451612906,2025-01
Andaman and Nicobar Islands,26.892857142857142,1947.4,1.0532142857142857,-68.95,0,7.928571428571429,62755.0,50.614285714285714,8.0,106.79285714285713,5110.714285714285,167728.57142857142,7.028214285714285,5.724285714285714,10.346428571428572,61192.92857142857,9.955714285714285,9.636785714285713,12.030357142857143,31.622857142857143,2025-02
Andaman and Nicobar Islands,29.048387096774192,2033.7,1.177741935483871,-70.71290322580644,0,7.483870967741935,197231.0,50.03548387096774,7.706451612903226,108.6548387096774,5000.451612903225,166870.83870967742,7.105806451612903,5.694838709677419,10.451612903225806,60486.1935483871,9.92451612903226,9.321290322580644,12.09451612903226,31.340322580645164,2025-03
Andaman and Nicobar Islands,31.790000000000003,1911.4,1.1676666666666666,-71.54333333333334,0,7.5,193035.0,48.809999999999995,7.66,106.92333333333333,5144.4,167704.86666666667,7.1370000000000005,5.968666666666667,10.503333333333334,57643.066666666666,9.966666666666667,9.373666666666667,12.323666666666666,31.664,2025-04
Andaman and Nicobar Islands,33.774193548387096,2071.5,0.8087096774193548,-70.1516129032258,0,7.483870967741935,202328.0,48.29677419354839,7.980645161290322,109.25483870967743,4978.4838709677415,167538.38709677418,7.131612903225807,5.556451612903226,10.793548387096775,59782.903225806454,9.589354838709676,9.521612903225806,12.118709677419355,31.229677419354836,2025-05
Andaman and Nicobar Islands,34.733333333333334,23478.9,0.6479999999999999,249.48,0,0.0,68596.0,49.24333333333333,4.226666666666667,114.45,4892.933333333333,167474.63333333333,7.144666666666667,5.675333333333333,10.09,60301.03333333333,14.679666666666666,4.231333333333334,12.001333333333333,30.912333333333336,2025-06
Andaman and Nicobar Islands,34.12580645161291,23529.6,0.8787096774193549,238.9322580645161,0,0.0,71088.0,50.064516129032256,3.825806451612903,112.21290322580644,4797.419354838709,167332.4516129032,7.120322580645161,5.728387096774194,10.793548387096775,61351.290322580644,14.346129032258066,4.021935483870967,12.230322580645161,30.598387096774193,2025-07
Andaman and Nicobar Islands,32.01935483870968,24730.7,1.1861290322580644,256.241935483871,0,0.0,66071.0,48.961290322580645,3.7096774193548385,104.76129032258065,4818.580645161291,167077.4193548387,7.160322580645161,5.661935483870968,10.819354838709677,59598.903225806454,15.467096774193548,4.037419354838709,12.220322580645162,31.72483870967742,2025-08
Andaman and Nicobar Islands,30.613333333333333,24250.4,1.0996666666666668,260.96,0,0.0,67832.0,51.92666666666666,3.796666666666667,111.99333333333334,5140.033333333334,167755.73333333334,7.041333333333333,5.894,10.496666666666666,61489.833333333336,15.631,3.9196666666666666,12.201333333333334,31.752000000000002,2025-09
Andaman and Nicobar Islands,27.483870967741936,8180.0,0.6593548387096775,17.82903225806452,0,0.0,252659.0,51.24516129032258,4.170967741935484,112.2,4809.290322580645,167914.32258064515,7.203225806451614,5.785161290322581,10.493548387096775,63099.51612903226,3.254516129032258,4.104516129032258,12.241935483870968,19.600967741935484,2025-10
Andaman and Nicobar Islands,26.136666666666667,8236.6,1.218,22.59333333333333,0,0.0,235120.0,49.66,3.9633333333333334,106.4,4865.5,167745.0,7.060666666666666,5.849333333333333,10.373333333333333,61053.6,3.942,4.101666666666667,12.147,20.190666666666665,2025-11
Andaman and Nicobar Islands,24.641935483870967,2028.8,1.6054838709677421,-70.78064516129032,0,7.225806451612903,241930.0,50.99354838709677,7.770967741935484,108.63870967741936,4907.4838709677415,167186.61290322582,7.1658064516129025,5.656451612903226,10.52258064516129,58501.22580645161,10.156774193548388,9.173870967741935,12.129999999999999,31.460645161290323,2025-12
Andhra Pradesh,22.467741935483872,968.8,1.4609677419354838,-69.69354838709677,0,7.903225806451613,117747.0,50.73548387096774,7.97741935483871,105.0741935483871,5120.806451612903,310130.3870967742,6.120645161290323,5.812903225806451,10.758064516129032,56813.8064516129,10.32,9.609354838709677,11.581612903225805,31.51096774193548,2025-01
Andhra Pradesh,24.582142857142856,876.5,1.0332142857142856,-69.62142857142858,0,7.214285714285714,102822.0,49.707142857142856,7.389285714285714,114.4,5004.821428571428,308805.10714285716,5.975714285714285,5.843928571428571,10.557142857142859,58594.17857142857,9.616428571428571,9.0775,11.439285714285715,30.13321428571429,2025-02
Andhra Pradesh,26.74516129032258,942.1,0.6200000000000001,-70.50645161290322,0,7.129032258064516,315924.0,48.84838709677419,7.670967741935484,108.0741935483871,4889.612903225807,309031.87096774194,6.062903225806451,5.771935483870968,10.864516129032259,59355.12903225807,9.273870967741935,9.191935483870967,11.543225806451613,30.009032258064515,2025-03
Andhra Pradesh,29.163333333333334,969.5,1.6340000000000001,-68.64,0,7.366666666666666,322108.0,49.14666666666667,7.713333333333334,105.60666666666665,5010.5,309702.43333333335,6.03,5.788666666666667,10.360000000000001,62162.46666666667,10.144,9.312000000000001,11.380666666666666,30.83666666666667,2025-04
Andhra Pradesh,31.845161290322583,1010.9,1.3241935483870966,-68.36129032258064,0,7.161290322580645,320276.0,50.92580645161291,7.783870967741936,107.17096774193548,5049.903225806452,310202.87096774194,6.034193548387097,5.735483870967743,10.783870967741937,58962.67741935484,9.769677419354839,9.146129032258063,11.475483870967743,30.391290322580645,2025-05
Andhra Pradesh,31.93,11005.3,0.988,255.92666666666668,0,0.0,109649.0,50.25,3.8400000000000003,103.47333333333333,5140.2,309816.0,6.010666666666666,5.349333333333333,10.756666666666666,58655.23333333333,15.285666666666666,4.021333333333334,11.177,30.483999999999998,2025-06
Andhra Pradesh,31.47741935483871,10808.7,0.9903225806451613,238.3032258064516,0,0.0,111640.0,50.91290322580645,4.15483870967742,109.01612903225806,4950.741935483871,310061.22580645164,6.061935483870968,5.573548387096774,10.44516129032258,62124.1935483871,14.40741935483871,4.119032258064516,11.278709677419354,29.80516129032258,2025-07
Andhra Pradesh,30.051612903225806,11117.4,0.9035483870967742,247.9516129032258,0,0.0,114259.0,51.03548387096774,3.9129032258064513,117.0,5011.419354838709,310133.5806451613,6.097096774193548,5.787096774193548,10.338709677419354,53834.93548387097,14.817096774193548,4.013225806451612,11.419354838709678,30.24967741935484,2025-08
Andhra Pradesh,27.953333333333333,11351.0,1.7926666666666666,267.11,0,0.0,109122.0,50.8,3.9866666666666664,111.29666666666667,4975.466666666666,310433.23333333334,6.043666666666667,5.849333333333333,10.236666666666668,59219.333333333336,16.516666666666666,4.056,11.396666666666667,31.96933333333333,2025-09
Andhra Pradesh,25.203225806451613,3740.6,1.0748387096774195,17.074193548387097,0,0.0,405803.0,51.167741935483875,4.132258064516129,109.78709677419356,4996.193548387097,309969.32258064515,6.033870967741936,5.862580645161291,10.751612903225807,61939.3870967742,3.534838709677419,4.094516129032258,11.55258064516129,19.181935483870966,2025-10
Andhra Pradesh,23.34333333333333,3758.2999999999997,1.027,21.55666666666667,0,0.0,389871.0,49.263333333333335,4.0200000000000005,111.52666666666667,5072.033333333334,308538.1,6.079666666666667,5.362333333333334,10.516666666666667,59603.63333333333,3.6943333333333332,4.143666666666666,11.163333333333332,19.00133333333333,2025-11
Andhra Pradesh,22.432258064516127,987.8,1.275806451612903,-69.08709677419354,0,7.451612903225806,400817.0,52.94193548387097,7.464516129032258,108.87096774193549,4996.451612903225,309761.7419354839,6.089354838709678,5.655483870967742,10.796774193548387,60213.096774193546,9.910967741935485,9.06516129032258,11.462258064516128,30.438387096774193,2025-12
Arunachal Pradesh,22.651612903225807,978.3000000000001,1.2999999999999998,-70.06451612903226,0,7.483870967741935,125274.0,49.74516129032258,7.787096774193548,109.49032258064516,5131.387096774193,309796.22580645164,6.050645161290323,5.78,10.674193548387096,57231.709677419356,9.995161290322581,9.36774193548387,11.483870967741936,30.846774193548388,2025-01
Arunachal Pradesh,23.571428571428573,860.0,0.9567857142857142,-70.84285714285714,0,7.5,113695.0,49.49285714285714,7.771428571428571,104.65,5050.25,309130.0,6.0996428571428565,5.722857142857143,10.235714285714286,56577.21428571428,9.755714285714287,9.387142857142857,11.348571428571429,30.491428571428575,2025-02
Arunachal Pradesh,25.86774193548387,969.2,1.4361290322580647,-70.33225806451614,0,7.612903225806452,362934.0,51.4483870967742,7.648387096774194,108.91290322580646,4877.548387096775,309242.51612903224,6.080645161290323,5.9070967741935485,10.95483870967742,57991.354838709674,10.185161290322581,9.294193548387097,11.677741935483871,31.157096774193548,2025-03
Arunachal Pradesh,28.63,1002.3,1.457,-68.28,0,7.466666666666667,354130.0,50.473333333333336,7.786666666666666,105.46000000000001,4997.733333333334,309703.13333333336,6.022333333333333,5.696666666666667,9.926666666666668,61122.933333333334,10.029333333333334,9.323666666666666,11.181999999999999,30.535,2025-04
Arunachal Pradesh,30.845161290322583,947.9,0.824516129032258,-70.98387096774194,0,7.161290322580645,358443.0,51.041935483870965,7.761290322580645,111.69999999999999,4988.096774193548,308882.03225806454,6.128387096774193,5.645806451612904,10.5,61173.354838709674,9.484516129032258,9.134516129032258,11.389999999999999,30.009032258064515,2025-05
Arunachal Pradesh,31.88,11078.9,1.0886666666666664,250.40666666666667,0,0.0,118492.0,49.95333333333333,3.95,107.78333333333333,4940.3,310409.3,6.103,5.852,10.676666666666668,60195.066666666666,15.094,4.084,11.571666666666665,30.749666666666663,2025-06
Arunachal Pradesh,31.13225806451613,11186.8,1.2296774193548385,242.39999999999998,0,0.0,132340.0,49.23548387096774,3.932258064516129,113.41612903225807,5147.129032258064,310777.7419354839,6.04741935483871,5.785483870967742,10.387096774193548,60331.06451612903,14.810967741935483,4.110645161290323,11.398709677419355,30.32032258064516,2025-07
Arunachal Pradesh,29.19677419354839,12102.7,0.6190322580645161,270.4516129032258,0,0.0,129130.0,48.041935483870965,4.087096774193548,105.66451612903225,5067.451612903225,308629.29032258067,6.131290322580645,5.977096774193548,10.451612903225806,58705.354838709674,15.70516129032258,4.233870967741935,11.613548387096774,31.55258064516129,2025-08
Arunachal Pradesh,26.273333333333333,10990.1,0.5883333333333333,247.59666666666666,0,0.0,126550.0,49.556666666666665,3.9166666666666665,107.28,5005.1,310324.4666666667,6.1419999999999995,5.830666666666667,10.236666666666668,57808.8,14.536666666666667,4.087666666666666,11.450999999999999,30.075333333333333,2025-09
Arunachal Pradesh,24.016129032258064,4194.8,1.5274193548387098,28.38064516129032,0,0.0,452070.0,51.41935483870968,4.083870967741936,107.01935483870967,4872.225806451613,309199.96774193546,6.126774193548387,5.8674193548387095,10.667741935483871,61661.1935483871,4.468709677419355,4.063548387096774,11.598064516129034,20.130322580645164,2025-10
Arunachal Pradesh,22.043333333333333,3895.0,0.7929999999999999,23.2,0,0.0,431259.0,49.71666666666667,4.053333333333333,109.51333333333334,5010.666666666667,309610.5,6.15,5.910333333333333,10.506666666666666,59375.566666666666,3.6326666666666667,4.136666666666667,11.593333333333334,19.36266666666667,2025-11
Arunachal Pradesh,21.283870967741933,1011.1,1.3825806451612903,-69.05806451612904,0,8.03225806451613,454645.0,50.309677419354834,7.883870967741935,107.18709677419353,5015.451612903225,309478.29032258067,6.186774193548387,6.119677419354839,10.506451612903225,59976.45161290323,10.287096774193548,9.652903225806451,11.768064516129032,31.708064516129028,2025-12
Assam,19.82903225806452,2320.3,1.0067741935483872,-71.2290322580645,0,6.870967741935484,114552.0,50.21290322580645,7.445161290322581,107.66451612903225,5117.612903225807,309317.12903225806,5.962580645161291,5.677741935483871,10.32258064516129,60524.32258064516,9.50290322580645,8.902258064516129,11.247741935483871,29.652903225806455,2025-01
Assam,22.407142857142855,2133.2,1.2853571428571429,-70.70714285714286,0,7.821428571428571,103004.0,50.589285714285715,8.082142857142857,117.0,5043.607142857143,309154.0,5.951071428571429,5.647142857142858,10.842857142857143,58265.642857142855,10.185714285714285,9.614642857142856,11.37142857142857,31.17178571428571,2025-02
Assam,23.59032258064516,2372.3,1.1303225806451613,-70.58064516129032,0,7.612903225806452,325184.0,48.722580645161294,7.803225806451613,109.33548387096775,4842.032258064516,309496.7419354839,5.860645161290323,5.867741935483871,10.864516129032259,60634.32258064516,9.945483870967742,9.490322580645161,11.46967741935484,30.905483870967743,2025-03
Assam,25.94333333333333,2320.2,0.6813333333333332,-70.27,0,7.566666666666666,307284.0,49.06333333333334,7.716666666666667,115.06666666666666,5158.666666666667,309027.36666666664,5.938,5.633666666666667,10.683333333333334,60424.46666666667,9.531333333333333,9.416333333333334,11.305333333333333,30.253,2025-04
Assam,28.567741935483873,2440.2,1.1651612903225805,-69.74516129032257,0,7.548387096774194,322426.0,50.122580645161285,7.716129032258064,109.44516129032257,5092.193548387097,310350.8387096774,5.929354838709678,5.945806451612903,10.438709677419356,60399.645161290326,9.89806451612903,9.353870967741937,11.446129032258064,30.69806451612903,2025-05
Assam,29.25,26377.5,0.7806666666666667,237.9633333333333,0,0.0,111206.0,50.7,4.213333333333334,110.47,4952.533333333334,309694.9,5.975666666666667,5.747333333333333,10.020000000000001,59970.666666666664,14.215,4.152,11.209666666666667,29.576666666666668,2025-06
Assam,28.780645161290323,26600.3,0.9116129032258063,229.82258064516128,0,0.0,112234.0,49.6741935483871,4.077419354838709,106.64838709677419,5014.677419354839,308582.2580645161,5.853548387096774,5.776451612903226,10.358064516129033,62055.67741935484,13.916774193548388,4.1493548387096775,11.244838709677419,29.310967741935485,2025-07
Assam,26.62258064516129,27764.8,0.48064516129032253,244.26774193548388,0,0.0,111608.0,50.57741935483871,3.8419354838709676,110.40967741935484,5034.580645161291,309243.77419354836,5.941290322580645,5.742580645161291,10.341935483870968,58673.16129032258,14.280645161290321,4.008709677419355,11.280645161290321,29.57,2025-08
Assam,24.573333333333334,27301.4,0.8993333333333333,249.8,0,0.0,112138.0,50.36,3.87,111.11666666666666,5035.2,310917.93333333335,5.939333333333334,5.785,10.639999999999999,58868.03333333333,14.908,4.026333333333333,11.395666666666667,30.33,2025-09
Assam,21.967741935483872,9502.6,0.932258064516129,17.835483870967742,0,0.0,403895.0,50.20645161290323,4.003225806451613,115.0516129032258,5208.903225806452,309838.0967741936,5.908709677419354,5.719354838709678,10.209677419354838,56256.54838709677,3.6070967741935482,4.09,11.202258064516128,18.899354838709677,2025-10
Assam,19.836666666666666,8843.2,1.066,13.3,0,0.0,383482.0,49.7,4.319999999999999,107.48,4898.966666666666,308629.9666666667,5.840333333333334,5.678333333333333,10.353333333333333,62458.03333333333,3.4866666666666664,4.242333333333333,11.170666666666667,18.89966666666667,2025-11
Assam,19.26451612903226,2497.1,0.7293548387096774,-69.03548387096774,0,7.516129032258065,390045.0,48.938709677419354,7.664516129032258,102.07096774193548,5032.1612903225805,310741.06451612903,6.021935483870968,5.654516129032258,11.12258064516129,59171.354838709674,9.483548387096775,9.379677419354838,11.511935483870968,30.37516129032258,2025-12
Bihar,21.783870967741933,1135.2,0.5280645161290323,-70.4258064516129,0,7.67741935483871,139130.0,48.251612903225805,7.725806451612903,111.09354838709677,5115.387096774193,205997.1935483871,8.563548387096775,5.795806451612902,10.167741935483871,57062.3870967742,9.466129032258063,9.51741935483871,13.101612903225806,32.08516129032258,2025-01
Bihar,23.832142857142856,1048.4,0.7253571428571428,-69.76428571428572,0,6.928571428571429,124637.0,50.09285714285714,7.410714285714286,109.27857142857144,4958.25,206257.64285714287,8.599642857142857,5.6032142857142855,11.092857142857143,60478.42857142857,9.223571428571429,8.926428571428572,13.271785714285715,31.42178571428571,2025-02
Bihar,26.24516129032258,1198.1000000000001,0.7380645161290322,-68.79677419354839,0,7.387096774193548,378135.0,48.961290322580645,7.787096774193548,106.5516129032258,4994.419354838709,206869.16129032258,8.56258064516129,5.648387096774194,10.729032258064517,59261.77419354839,9.41451612903226,9.36516129032258,13.166774193548388,31.94645161290323,2025-03
Bihar,29.163333333333334,1112.3,1.393,-70.06666666666666,0,7.433333333333334,364725.0,49.25333333333333,7.983333333333333,106.37666666666668,5077.0,205465.23333333334,8.511,5.602666666666666,10.656666666666666,59103.566666666666,10.047666666666666,9.446333333333333,13.074666666666667,32.568666666666665,2025-04
Bihar,31.032258064516128,1170.0,1.0887096774193548,-69.54193548387097,0,7.354838709677419,395808.0,50.10322580645161,7.609677419354839,108.46451612903226,5145.0,207273.38709677418,8.57,5.687741935483871,10.399999999999999,59553.77419354839,9.727741935483872,9.214516129032257,13.10225806451613,32.04451612903226,2025-05
Bihar,31.833333333333332,12766.4,0.8993333333333333,243.64333333333335,0,0.0,137020.0,50.943333333333335,3.47,105.32666666666667,4992.866666666667,206330.66666666666,8.613,5.694999999999999,10.906666666666666,58814.1,14.598,3.8396666666666666,13.289666666666667,31.727333333333334,2025-06
Bihar,31.219354838709677,13459.2,1.367741935483871,250.59032258064516,0,0.0,135964.0,49.274193548387096,3.8451612903225807,107.0741935483871,4954.032258064516,206306.32258064515,8.728709677419355,5.750322580645161,10.648387096774194,62852.645161290326,15.336774193548386,4.073548387096774,13.33258064516129,32.74290322580645,2025-07
Bihar,29.83225806451613,14067.7,0.8596774193548387,266.43870967741935,0,0.0,136961.0,48.403225806451616,4.083870967741936,111.29032258064517,4825.903225806452,206675.96774193548,8.561612903225807,5.569677419354838,10.361290322580645,59275.12903225807,15.705483870967742,4.2135483870967745,12.997741935483871,32.916774193548385,2025-08
Bihar,27.353333333333335,12649.6,0.871,240.5,0,0.0,129120.0,52.223333333333336,4.066666666666666,105.76666666666667,4932.933333333333,206524.6,8.629999999999999,5.721666666666667,10.206666666666667,60398.833333333336,14.417,4.016666666666667,13.105666666666668,31.539333333333335,2025-09
Bihar,24.5258064516129,4698.2,0.4841935483870968,22.39032258064516,0,0.0,476396.0,50.512903225806454,3.903225806451613,111.03225806451613,4887.322580645161,206563.1935483871,8.611290322580645,5.476774193548387,10.603225806451613,62650.096774193546,3.3548387096774195,4.03483870967742,13.041935483870969,20.43161290322581,2025-10
Bihar,22.65,4178.8,1.242,12.483333333333333,0,0.0,453073.0,51.980000000000004,3.6733333333333333,114.21000000000001,5173.466666666666,207241.43333333332,8.642666666666665,6.042,10.393333333333334,57394.1,3.673,3.8699999999999997,13.398666666666665,20.941666666666663,2025-11
Bihar,21.887096774193548,1138.6,0.86,-70.33870967741936,0,7.806451612903226,465132.0,48.983870967741936,7.529032258064516,107.61612903225806,4959.322580645161,206357.5483870968,8.636451612903226,5.671612903225806,10.66451612903226,60801.032258064515,9.803225806451612,9.464193548387096,13.213870967741935,32.48129032258064,2025-12
Chandigarh,16.006451612903227,1836.4,1.134516129032258,-68.47096774193548,0,7.838709677419355,42913.0,48.458064516129035,8.012903225806452,107.66774193548386,5050.612903225807,138248.5806451613,8.440645161290323,5.587096774193548,10.425806451612903,58283.32258064516,9.95483870967742,9.703225806451613,12.948709677419355,32.60677419354839,2025-01
Chandigarh,17.567857142857143,1562.8,0.9282142857142857,-70.3,0,7.321428571428571,40185.0,51.50714285714286,7.5249999999999995,109.60714285714286,4841.535714285715,138133.17857142858,8.38642857142857,5.840357142857143,10.939285714285715,59279.28571428572,9.615714285714287,9.092142857142857,13.240714285714287,31.94857142857143,2025-02
Chandigarh,19.58709677419355,1765.6,1.1696774193548387,-69.69677419354838,0,7.645161290322581,126169.0,49.803225806451614,7.741935483870968,104.74193548387096,5053.354838709677,138618.35483870967,8.413548387096775,5.854838709677419,10.958064516129031,60370.290322580644,9.948387096774193,9.431612903225806,13.274193548387096,32.6541935483871,2025-03
Chandigarh,22.396666666666665,1796.9,1.4289999999999998,-68.12666666666667,0,7.4,122877.0,49.376666666666665,7.87,112.8,5003.7,138049.43333333332,8.343333333333332,5.870333333333334,10.26,60093.566666666666,9.963,9.378333333333334,13.028666666666668,32.37,2025-04
Chandigarh,24.419354838709676,1768.3999999999999,1.1970967741935483,-69.64193548387097,0,7.290322580645161,123034.0,49.751612903225805,7.432258064516129,109.50322580645161,4985.419354838709,137741.8064516129,8.452580645161289,5.690967741935483,10.787096774193548,60524.93548387097,9.791612903225808,9.128064516129033,13.136129032258065,32.05580645161291,2025-05
Chandigarh,25.029999999999998,19662.4,0.8173333333333334,248.84,0,0.0,41296.0,48.45,3.89,116.57,5048.433333333333,137876.96666666667,8.458333333333334,5.620666666666667,10.33,59356.933333333334,14.789,4.135,12.954666666666666,31.878666666666668,2025-06
Chandigarh,24.648387096774194,20220.0,1.3412903225806452,247.1516129032258,0,0.0,42583.0,51.78064516129032,4.061290322580645,106.02903225806452,5002.4838709677415,137781.09677419355,8.338709677419354,5.720967741935484,10.600000000000001,59878.83870967742,15.143225806451612,4.0361290322580645,13.019032258064515,32.19838709677419,2025-07
Chandigarh,22.929032258064513,19774.6,1.1212903225806452,239.51290322580644,0,0.0,43239.0,51.68387096774194,3.948387096774194,105.53548387096774,4988.0,137692.90322580645,8.369032258064516,5.7054838709677425,10.441935483870967,59084.06451612903,14.577419354838709,3.9935483870967743,12.985806451612904,31.556774193548385,2025-08
Chandigarh,20.956666666666667,20235.7,0.5846666666666667,259.0,0,0.0,40758.0,50.763333333333335,4.183333333333334,113.15666666666667,4991.066666666667,137763.3,8.444333333333335,5.676,10.25,63233.53333333333,15.104666666666667,4.133666666666667,12.958333333333334,32.196666666666665,2025-09
Chandigarh,18.451612903225808,7172.0,1.0893548387096774,23.138709677419353,0,0.0,157188.0,49.9741935483871,3.9193548387096775,113.9,4977.741935483871,138129.67741935485,8.38774193548387,5.640645161290322,10.758064516129032,61975.3870967742,3.8103225806451615,4.067096774193549,13.047741935483872,20.92516129032258,2025-10
Chandigarh,17.426666666666666,6782.8,1.0516666666666667,20.33,0,0.0,145907.0,50.690000000000005,4.17,109.84333333333333,5109.333333333333,138094.23333333334,8.354666666666667,5.975666666666667,10.353333333333333,60350.566666666666,3.752666666666667,4.133666666666667,13.137,21.023333333333333,2025-11
Chandigarh,15.761290322580646,1678.3,1.0070967741935484,-71.18387096774192,0,7.967741935483871,152623.0,48.54516129032258,8.190322580645162,112.01290322580645,5087.129032258064,137733.16129032258,8.533225806451613,5.981935483870967,10.474193548387097,59880.67741935484,10.049354838709677,9.83258064516129,13.301612903225807,33.18354838709678,2025-12
Chhattisgarh,22.748387096774195,1131.8,1.0729032258064515,-69.66774193548386,0,7.483870967741935,116156.0,50.60322580645161,7.922580645161291,109.83548387096775,4991.548387096775,309197.3870967742,6.217741935483871,5.8587096774193546,10.325806451612904,60309.1935483871,9.786129032258065,9.38225806451613,11.55225806451613,30.720645161290328,2025-01
Chhattisgarh,24.307142857142857,1049.1,0.8875000000000001,-68.86785714285715,0,7.571428571428571,108812.0,49.332142857142856,7.553571428571429,110.125,4994.285714285715,310221.71428571426,6.0775,5.587142857142857,10.450000000000001,59296.07142857143,9.635,9.340714285714286,11.301785714285714,30.2775,2025-02
Chhattisgarh,26.812903225806455,1109.5,0.8316129032258065,-70.2741935483871,0,7.774193548387097,335995.0,49.60645161290322,8.025806451612903,109.78387096774195,4923.4838709677415,309175.48387096776,6.146129032258065,5.715483870967742,10.33548387096774,60445.32258064516,9.76,9.615806451612903,11.404838709677419,30.780645161290323,2025-03
Chhattisgarh,29.220000000000002,1080.9,1.5923333333333334,-70.07666666666667,0,7.5,333822.0,50.876666666666665,7.533333333333333,108.73333333333333,5049.866666666667,310242.0333333333,6.242666666666667,5.759333333333333,10.22,61335.666666666664,10.247333333333334,9.218,11.467,30.932333333333332,2025-04
Chhattisgarh,30.95483870967742,1103.2,0.9464516129032258,-70.43225806451613,0,7.548387096774194,337700.0,49.8,7.616129032258065,117.67096774193548,5096.8387096774195,310797.1935483871,6.199677419354838,5.456774193548387,10.69032258064516,61479.77419354839,9.750967741935485,9.331290322580644,11.367096774193548,30.449354838709677,2025-05
Chhattisgarh,32.13,12665.5,1.0066666666666666,250.74333333333334,0,0.0,113651.0,48.480000000000004,4.163333333333333,107.28999999999999,5171.833333333333,308327.5,6.1946666666666665,5.901,10.536666666666667,59658.3,15.043000000000001,4.2459999999999996,11.630666666666666,30.919666666666668,2025-06
Chhattisgarh,31.351612903225806,13485.9,1.342258064516129,261.4258064516129,0,0.0,121556.0,50.8258064516129,3.870967741935484,108.66774193548386,5066.064516129032,309932.77419354836,6.1248387096774195,5.751612903225807,10.819354838709677,59536.22580645161,15.857096774193549,4.01,11.557096774193548,31.424193548387095,2025-07
Chhattisgarh,29.816129032258065,12976.5,1.1161290322580646,247.75806451612902,0,0.0,119124.0,49.983870967741936,3.7806451612903227,110.66774193548386,5050.903225806452,309224.1612903226,6.096451612903226,5.651612903225806,10.912903225806453,59237.354838709674,14.985483870967743,4.014193548387096,11.496451612903225,30.496129032258064,2025-08
Chhattisgarh,27.720000000000002,12896.6,0.7196666666666667,257.15666666666664,0,0.0,119610.0,50.63,3.966666666666667,108.07333333333332,4927.9,309039.1,6.184333333333333,5.904,10.593333333333334,57190.2,15.124333333333334,4.056,11.641,30.821333333333335,2025-09
Chhattisgarh,24.919354838709676,4535.1,0.8996774193548387,21.541935483870965,0,0.0,425116.0,49.60645161290322,4.196774193548387,111.12258064516129,4925.774193548387,308902.67741935485,6.188387096774194,5.9074193548387095,10.596774193548388,62427.48387096774,3.66258064516129,4.199677419354838,11.64516129032258,19.50741935483871,2025-10
Chhattisgarh,23.133333333333333,4516.0,0.926,25.06,0,0.0,403881.0,49.583333333333336,4.446666666666667,111.33333333333333,4996.433333333333,309699.93333333335,6.221,5.880333333333334,10.726666666666667,58941.7,3.7523333333333335,4.298666666666667,11.688666666666668,19.73966666666667,2025-11
Chhattisgarh,21.929032258064513,1092.2,1.030967741935484,-70.72258064516129,0,7.483870967741935,421076.0,48.61612903225806,7.858064516129032,104.56774193548387,5037.4838709677415,310426.67741935485,6.175806451612903,5.667419354838709,10.329032258064515,59965.1935483871,9.804516129032258,9.452258064516128,11.38774193548387,30.644516129032258,2025-12
Dadra and Nagar Haveli and Daman and Diu,16.293548387096774,1625.9,1.0358064516129033,-68.9258064516129,0,7.0,66133.0,50.4741935483871,7.441935483870967,112.3258064516129,4996.8387096774195,245388.61290322582,6.873225806451613,5.711935483870968,10.116129032258065,59332.3870967742,9.476774193548387,8.95516129032258,11.84258064516129,30.274516129032257,2025-01
Dadra and Nagar Haveli and Daman and Diu,18.307142857142857,1394.1,1.2539285714285715,-70.51071428571429,0,6.928571428571429,60058.0,50.214285714285715,7.414285714285714,108.14999999999999,4961.642857142857,244853.7142857143,6.9925,5.631071428571429,10.778571428571428,58876.107142857145,9.701785714285714,8.923928571428572,12.069999999999999,30.69571428571429,2025-02
Dadra and Nagar Haveli and Daman and Diu,19.961290322580645,1598.9,0.7629032258064515,-69.43870967741935,0,7.451612903225806,182025.0,50.5258064516129,7.764516129032257,109.75161290322582,4911.064516129032,244824.29032258064,6.945483870967742,5.67225806451613,10.390322580645162,59426.87096774193,9.5,9.30741935483871,11.949354838709677,30.756774193548388,2025-03
Dadra and Nagar Haveli and Daman and Diu,23.326666666666664,1474.7,1.2226666666666666,-70.87333333333332,0,7.733333333333333,180716.0,49.556666666666665,7.78,107.20666666666666,5176.466666666666,244267.46666666667,6.956333333333333,5.715999999999999,10.889999999999999,58416.666666666664,10.094666666666665,9.502666666666666,12.137333333333334,31.734666666666666,2025-04
Dadra and Nagar Haveli and Daman and Diu,24.561290322580643,1561.0,1.0790322580645162,-70.16129032258064,0,7.290322580645161,189782.0,49.99677419354839,7.877419354838709,109.35161290322581,5025.032258064516,245543.16129032258,6.965483870967742,5.7703225806451615,10.519354838709678,61923.83870967742,9.718709677419353,9.293548387096775,12.067419354838709,31.079677419354837,2025-05
Dadra and Nagar Haveli and Daman and Diu,26.063333333333333,17871.8,1.3563333333333332,252.97333333333333,0,0.0,64953.0,50.833333333333336,4.016666666666667,106.26,5011.633333333333,245977.0,6.924666666666667,5.8853333333333335,11.083333333333334,61428.53333333333,15.444333333333333,4.069333333333334,12.292333333333334,31.805999999999997,2025-06
Dadra and Nagar Haveli and Daman and Diu,25.238709677419354,18037.9,1.156774193548387,244.76774193548388,0,0.0,63681.0,51.019354838709674,4.380645161290323,112.88709677419355,5066.870967741936,245156.48387096773,7.029677419354838,5.840967741935484,10.390322580645162,59660.1935483871,14.868387096774194,4.203870967741936,12.131612903225806,31.203870967741935,2025-07
Dadra and Nagar Haveli and Daman and Diu,23.312903225806455,17804.5,1.0251612903225806,240.3032258064516,0,0.0,66266.0,50.34516129032258,4.180645161290323,109.88387096774194,5099.1612903225805,244883.5483870968,6.9393548387096775,5.81258064516129,10.693548387096774,62456.290322580644,14.536774193548387,4.153225806451613,12.133548387096774,30.823548387096775,2025-08
Dadra and Nagar Haveli and Daman and Diu,21.45,18117.8,1.1816666666666669,257.82666666666665,0,0.0,64551.0,50.059999999999995,3.94,106.52666666666667,4982.833333333333,245323.36666666667,6.970666666666667,6.060333333333333,10.713333333333333,60229.1,15.541666666666666,4.076666666666666,12.337333333333333,31.955666666666666,2025-09
Dadra and Nagar Haveli and Daman and Diu,18.551612903225806,6065.2,0.6135483870967742,15.925806451612903,0,0.0,236568.0,50.42258064516129,3.925806451612903,108.26451612903226,5014.258064516129,245305.7741935484,6.951935483870967,5.395161290322581,10.19032258064516,58139.51612903226,3.202903225806452,4.047096774193548,11.702580645161289,18.95258064516129,2025-10
Dadra and Nagar Haveli and Daman and Diu,16.21333333333333,6041.3,1.2793333333333334,19.313333333333333,0,0.0,221297.0,51.156666666666666,4.19,117.47666666666667,4915.266666666666,245374.13333333333,6.958,5.6546666666666665,10.086666666666668,59458.6,3.9686666666666666,4.122333333333334,11.854999999999999,19.945999999999998,2025-11
Dadra and Nagar Haveli and Daman and Diu,15.158064516129032,1549.2,1.1980645161290322,-70.38709677419355,0,7.516129032258065,231086.0,48.40967741935484,7.490322580645161,108.29354838709678,4958.0,245001.67741935485,6.885483870967741,5.7783870967741935,10.36774193548387,57169.096774193546,9.944193548387096,9.334516129032258,11.974516129032258,31.25322580645161,2025-12
Delhi,17.603225806451615,1819.5,0.8993548387096774,-71.10967741935484,0,7.451612903225806,40756.0,50.041935483870965,7.574193548387097,108.67096774193548,4935.419354838709,160397.5806451613,6.047741935483871,5.675806451612903,10.387096774193548,61735.16129032258,9.699032258064516,9.253225806451614,11.320967741935483,30.273225806451613,2025-01
Delhi,18.385714285714283,1690.0,0.6792857142857143,-70.29285714285714,0,7.428571428571429,39926.0,48.18214285714286,7.635714285714286,113.58214285714287,4839.535714285715,160494.4642857143,6.0217857142857145,5.894642857142857,9.867857142857144,58469.857142857145,9.461785714285714,9.358928571428573,11.303214285714287,30.123928571428575,2025-02
Delhi,21.067741935483873,1850.0,0.863225806451613,-70.63548387096773,0,7.709677419354839,122527.0,48.92580645161291,7.95483870967742,107.95483870967742,4997.032258064516,160135.61290322582,5.983225806451612,5.927741935483871,10.32258064516129,57246.77419354839,9.771935483870967,9.58774193548387,11.433225806451613,30.79290322580645,2025-03
Delhi,23.383333333333333,1823.6000000000001,1.1640000000000001,-70.08333333333333,0,7.933333333333334,120458.0,50.233333333333334,7.95,110.33,5263.166666666667,160891.6,6.184,5.72,10.386666666666667,60604.4,10.108333333333333,9.629666666666667,11.449000000000002,31.187,2025-04
Delhi,25.822580645161292,1883.2,1.392258064516129,-70.1032258064516,0,6.774193548387097,122585.0,50.13225806451613,7.16774193548387,113.06451612903226,4988.032258064516,160404.38709677418,6.057096774193549,5.942903225806451,10.751612903225807,60582.16129032258,9.718709677419353,8.745483870967742,11.623870967741935,30.08806451612903,2025-05
Delhi,26.44,21269.9,1.3003333333333333,248.89333333333335,0,0.0,41254.0,49.39,4.35,106.45,5109.433333333333,160240.36666666667,6.063666666666666,5.835333333333334,10.643333333333334,58622.933333333334,15.195,4.269333333333334,11.520000000000001,30.98433333333334,2025-06
Delhi,25.932258064516127,21777.9,0.9664516129032258,245.69354838709677,0,0.0,43614.0,51.16451612903226,3.925806451612903,109.08387096774193,4980.5161290322585,160265.64516129033,6.065161290322581,5.9561290322580644,10.03225806451613,58853.354838709674,14.756451612903225,4.0122580645161285,11.421612903225807,30.19032258064516,2025-07
Delhi,24.780645161290323,21155.8,1.290967741935484,235.81935483870967,0,0.0,42773.0,52.303225806451614,4.361290322580645,106.54516129032258,4988.709677419355,160060.64516129033,6.02483870967742,5.575806451612903,10.73225806451613,57738.967741935485,14.534516129032259,4.129032258064516,11.338064516129032,30.001612903225805,2025-08
Delhi,22.45,20980.1,0.8593333333333334,244.12666666666667,0,0.0,41348.0,50.376666666666665,3.9433333333333334,110.97,5017.433333333333,160296.2,6.073333333333333,5.820666666666667,10.69,57044.46666666667,14.589,4.06,11.533,30.182000000000002,2025-09
Delhi,19.25483870967742,7772.1,0.7958064516129033,23.37741935483871,0,0.0,150274.0,51.63225806451613,4.354838709677419,110.56774193548387,5054.741935483871,159856.25806451612,6.097741935483871,5.709677419354839,10.283870967741937,59815.290322580644,3.6396774193548387,4.159032258064516,11.349032258064517,19.14774193548387,2025-10
Delhi,18.166666666666668,7449.9,0.7096666666666667,22.203333333333333,0,0.0,148068.0,50.24666666666667,3.9566666666666666,113.91,4999.366666666667,160182.33333333334,6.007333333333333,5.764333333333334,10.860000000000001,61279.96666666667,3.4796666666666667,4.070666666666667,11.498,19.048333333333332,2025-11
Delhi,16.812903225806455,1863.0,1.2703225806451615,-70.42903225806452,0,7.516129032258065,150818.0,50.63548387096775,7.809677419354839,106.73225806451612,5256.1612903225805,160278.67741935485,6.066774193548387,5.809354838709678,10.293548387096775,61555.290322580644,10.004838709677419,9.349677419354839,11.399677419354838,30.754193548387093,2025-12
Goa,23.193548387096776,2475.7,0.9625806451612903,-69.98387096774194,0,7.290322580645161,124029.0,52.04838709677419,7.606451612903225,106.55483870967741,4974.741935483871,309259.4193548387,6.123225806451613,5.735806451612904,10.33548387096774,59119.41935483871,9.612903225806452,9.083225806451612,11.403225806451612,30.099354838709676,2025-01
Goa,24.62857142857143,2282.4,0.48035714285714287,-69.36785714285715,0,7.214285714285714,113977.0,51.15714285714286,7.539285714285714,105.62857142857142,4957.535714285715,309133.21428571426,6.144642857142857,5.665,10.321428571428571,62148.892857142855,9.1425,9.065357142857144,11.36107142857143,29.56892857142857,2025-02
Goa,27.138709677419353,2544.9,0.8570967741935483,-69.13870967741936,0,7.67741935483871,361586.0,50.95161290322581,8.07741935483871,108.43225806451613,5083.903225806452,309687.48387096776,6.128064516129032,5.838387096774194,10.283870967741937,59446.3870967742,9.67741935483871,9.523548387096774,11.463225806451613,30.664193548387097,2025-03
Goa,29.66,2408.1,0.9846666666666667,-69.83333333333333,0,7.8,340585.0,50.2,7.790000000000001,106.92,5067.9,309482.5,6.075333333333333,5.854666666666668,10.726666666666667,59889.1,9.879999999999999,9.507,11.569666666666667,30.956666666666667,2025-04
Goa,31.406451612903226,2535.0,1.5306451612903227,-69.2741935483871,0,7.161290322580645,347469.0,51.10322580645161,7.283870967741936,113.42903225806452,5049.967741935484,309766.0967741936,6.070322580645161,5.5441935483870965,10.148387096774194,60875.54838709677,9.98709677419355,8.94,11.17451612903226,30.10161290322581,2025-05
Goa,32.876666666666665,28422.7,1.482,256.01666666666665,0,0.0,118214.0,48.78,4.1466666666666665,109.83999999999999,4964.733333333334,309461.4666666667,6.1,5.9446666666666665,10.666666666666666,59485.066666666666,15.703333333333335,4.221,11.630666666666666,31.555000000000003,2025-06
Goa,31.580645161290324,29404.100000000002,0.9809677419354839,256.42258064516125,0,0.0,123436.0,49.42258064516129,3.9193548387096775,108.40967741935484,4943.935483870968,308854.51612903224,6.0770967741935475,5.88,10.483870967741936,58683.6129032258,15.305806451612904,4.098709677419355,11.514838709677418,30.91935483870968,2025-07
Goa,30.345161290322583,29195.9,0.9112903225806451,253.90322580645162,0,0.0,126431.0,51.516129032258064,4.312903225806451,111.5516129032258,5009.1612903225805,309596.6129032258,6.0600000000000005,5.583870967741936,10.661290322580646,57077.709677419356,15.121612903225806,4.148064516129033,11.350000000000001,30.61967741935484,2025-08
Goa,28.016666666666666,28109.1,0.3583333333333333,252.09,0,0.0,124023.0,48.343333333333334,4.069999999999999,110.84333333333333,4919.366666666667,309269.56666666665,6.13,5.7716666666666665,10.783333333333333,58557.933333333334,14.568999999999999,4.210333333333334,11.566,30.345333333333336,2025-09
Goa,25.541935483870965,9607.1,0.9674193548387097,16.45483870967742,0,0.0,435153.0,49.97741935483871,4.093548387096774,108.64193548387097,5081.1612903225805,310301.6129032258,6.134838709677419,5.737096774193549,10.519354838709678,60150.45161290323,3.5041935483870965,4.134838709677419,11.466774193548387,19.105806451612903,2025-10
Goa,24.016666666666666,9459.2,1.278,18.490000000000002,0,0.0,423806.0,51.413333333333334,4.053333333333333,111.38333333333334,5014.066666666667,309207.6,6.154,5.666333333333333,10.483333333333333,59380.36666666667,3.8449999999999998,4.052666666666666,11.420666666666667,19.318333333333335,2025-11
Goa,22.509677419354837,2388.7,1.4309677419354838,-71.0516129032258,0,8.193548387096774,439903.0,50.9741935483871,8.129032258064516,110.3258064516129,5090.258064516129,309686.8387096774,6.112258064516129,5.843870967741935,10.270967741935483,59947.48387096774,10.508387096774193,9.796774193548387,11.453225806451613,31.758387096774193,2025-12
Gujarat,28.92258064516129,370.9,0.6803225806451613,-69.69999999999999,0,7.645161290322581,146994.0,49.377419354838715,7.425806451612904,118.54193548387097,4889.225806451613,515707.93548387097,4.4958064516129035,5.969032258064516,10.638709677419355,61382.32258064516,9.540645161290323,9.322903225806451,10.518709677419354,29.38225806451613,2025-01
Gujarat,29.982142857142858,349.1,1.4414285714285715,-68.41785714285714,0,7.464285714285714,140251.0,50.94285714285714,8.039285714285715,111.68214285714285,4986.25,516710.53571428574,4.509285714285714,5.780714285714285,10.442857142857141,60855.53571428572,10.021071428571428,9.398214285714285,10.33607142857143,29.755357142857143,2025-02
Gujarat,32.174193548387095,371.2,1.0535483870967741,-69.68709677419355,0,7.903225806451613,433118.0,49.57096774193548,7.951612903225806,109.34516129032258,4986.387096774193,517174.8387096774,4.494193548387097,5.937096774193549,10.248387096774193,58555.48387096774,9.980645161290322,9.652258064516129,10.374193548387098,30.00709677419355,2025-03
Gujarat,34.526666666666664,346.0,1.062,-70.80333333333333,0,7.566666666666666,415097.0,52.093333333333334,7.723333333333333,106.97,5049.3,515210.5,4.549666666666667,5.887,10.47,58269.9,9.875333333333334,9.269333333333332,10.450666666666667,29.595333333333333,2025-04
Gujarat,36.89354838709678,364.1,0.7425806451612903,-70.26451612903226,29,7.161290322580645,425578.0,49.829032258064515,8.035483870967742,111.29032258064517,4876.870967741936,514821.87096774194,4.4558064516129035,5.917096774193548,10.503225806451614,60142.93548387097,10.048064516129033,9.305483870967743,10.409354838709678,29.762903225806454,2025-05
Gujarat,37.67666666666666,3886.9,1.239,227.94,57,0.0,150821.0,49.38333333333333,4.6,108.10666666666665,4859.566666666667,516052.8333333333,4.364000000000001,5.566666666666666,10.196666666666665,60445.833333333336,15.453,4.367,10.011,29.831,2025-06
Gujarat,37.50967741935484,4375.2,1.7593548387096773,257.23225806451615,0,0.0,148000.0,49.567741935483866,4.04516129032258,108.51290322580645,4924.741935483871,515403.7419354839,4.489032258064516,5.708064516129032,10.390322580645162,61143.967741935485,15.99483870967742,4.1409677419354844,10.256129032258064,30.391935483870967,2025-07
Gujarat,35.44193548387097,4227.7,1.1170967741935485,245.17741935483872,0,0.0,150300.0,49.07741935483871,3.9129032258064513,110.1774193548387,5079.8387096774195,515953.6451612903,4.428064516129033,5.991935483870968,10.535483870967743,58205.25806451613,14.856774193548388,4.107096774193549,10.452903225806452,29.416774193548388,2025-08
Gujarat,32.68,3919.9,1.5066666666666668,230.73333333333332,0,0.0,141775.0,51.82666666666667,4.006666666666667,110.32666666666667,5158.1,516233.3,4.433666666666666,5.7669999999999995,10.516666666666667,63267.96666666667,14.460333333333333,4.012333333333333,10.295666666666667,28.76833333333333,2025-09
Gujarat,30.98709677419355,1454.8,1.3135483870967741,18.76774193548387,0,0.0,515542.0,48.45161290322581,3.967741935483871,109.0741935483871,4892.258064516129,515037.29032258067,4.416451612903225,5.633870967741935,10.390322580645162,58698.54838709677,3.9648387096774194,4.166129032258064,10.153225806451612,18.284193548387094,2025-10
Gujarat,28.27,1454.3,1.119,22.71333333333333,0,0.0,501855.0,47.22666666666667,4.113333333333333,109.74666666666667,5027.433333333333,516368.36666666664,4.4350000000000005,5.748333333333333,10.883333333333333,56774.4,3.824,4.278666666666667,10.394,18.49666666666667,2025-11
Gujarat,28.20967741935484,356.1,0.7603225806451613,-70.90645161290323,0,7.193548387096774,523517.0,49.61290322580645,7.812903225806451,107.91290322580645,4859.870967741936,514352.0,4.513548387096773,5.7219354838709675,10.796774193548387,59806.1935483871,9.440967741935484,9.240967741935485,10.404193548387095,29.086129032258064,2025-12
Haryana,28.338709677419356,377.0,0.7893548387096775,-70.8225806451613,0,7.193548387096774,333689.0,50.00322580645161,7.451612903225806,113.84516129032258,5010.580645161291,310376.6451612903,6.31258064516129,5.639354838709677,10.3,58831.48387096774,9.460967741935484,9.07548387096774,11.459032258064516,29.99548387096774,2025-01
Haryana,29.589285714285715,358.4,0.9296428571428572,-69.225,0,7.857142857142857,295151.0,47.75714285714286,7.932142857142857,113.04285714285713,4984.928571428572,309740.60714285716,6.149642857142857,5.844285714285713,10.296428571428573,59779.107142857145,9.830357142857142,9.713214285714285,11.485,31.028571428571425,2025-02
Haryana,32.36774193548387,397.9,1.5161290322580645,-69.1774193548387,0,7.193548387096774,929099.0,49.096774193548384,7.535483870967742,112.56451612903226,5041.258064516129,310016.1935483871,6.1812903225806455,5.678387096774194,10.503225806451614,62031.32258064516,9.985806451612904,9.156451612903227,11.451935483870967,30.594193548387096,2025-03
Haryana,34.9,368.2,0.37866666666666665,-70.53,0,7.3,924639.0,49.38333333333333,7.716666666666667,107.11333333333333,5043.766666666666,310423.2,6.168,5.658666666666666,10.753333333333334,59825.333333333336,9.158999999999999,9.267333333333333,11.503333333333334,29.929666666666666,2025-04
Haryana,36.690322580645166,391.6,0.6651612903225805,-69.65806451612903,14,7.709677419354839,935369.0,49.877419354838715,8.225806451612904,109.58709677419355,4897.903225806452,309952.3870967742,6.135483870967741,5.755483870967741,10.803225806451612,58768.54838709677,9.88258064516129,9.651935483870966,11.562903225806451,31.097419354838706,2025-05
Haryana,37.593333333333334,4282.4,0.8563333333333334,242.70333333333335,38,0.0,319972.0,49.836666666666666,4.486666666666666,107.58999999999999,4867.333333333333,310058.9,6.144333333333333,5.814333333333334,10.110000000000001,60974.03333333333,15.420666666666667,4.301333333333333,11.404333333333334,31.126333333333335,2025-06
Haryana,37.36129032258064,4634.3,0.7719354838709678,258.9193548387097,0,0.0,334236.0,49.141935483870974,4.061290322580645,107.61612903225806,5028.677419354839,309100.7419354839,6.152903225806452,5.695483870967742,10.296774193548387,60294.74193548387,15.256451612903225,4.168709677419354,11.385806451612902,30.810967741935478,2025-07
Haryana,34.86451612903225,4411.8,1.058709677419355,241.71612903225807,0,0.0,323340.0,49.07096774193548,4.196774193548387,110.87741935483871,5102.225806451613,309687.29032258067,6.210645161290323,5.574193548387097,10.667741935483871,60354.87096774193,14.63483870967742,4.22741935483871,11.45,30.31225806451613,2025-08
Haryana,32.46666666666667,4502.1,0.56,260.35,0,0.0,313252.0,48.89333333333333,3.8466666666666667,110.06666666666666,5037.866666666667,308922.1,6.221333333333333,6.052333333333333,10.71,56634.6,15.150333333333332,4.094333333333333,11.806666666666667,31.051333333333332,2025-09
Haryana,30.606451612903225,1574.5,1.4306451612903226,21.93548387096774,0,0.0,1173973.0,49.75483870967742,3.829032258064516,106.87741935483871,4997.5161290322585,308806.0967741936,6.177741935483871,5.822903225806451,10.506451612903225,60084.096774193546,4.0848387096774195,4.042903225806452,11.551290322580645,19.679032258064517,2025-10
Haryana,28.303333333333335,1542.3,0.5596666666666666,23.44333333333333,0,0.0,1080335.0,49.086666666666666,4.216666666666667,110.22333333333333,5072.6,309325.8333333333,6.251,5.651333333333333,10.496666666666666,59821.73333333333,3.356,4.233666666666667,11.483333333333333,19.073,2025-11
Haryana,27.36774193548387,364.8,0.8351612903225807,-71.77741935483871,0,7.387096774193548,1148633.0,48.63548387096775,7.577419354838709,109.73225806451612,4948.774193548387,309250.6451612903,6.249677419354839,5.474193548387096,10.55483870967742,59577.3870967742,9.644838709677419,9.293225806451613,11.371290322580645,30.309354838709677,2025-12
Himachal Pradesh,10.983870967741936,1483.8,1.0938709677419354,-69.1032258064516,0,7.419354838709677,117907.0,50.91935483870968,7.606451612903226,109.17096774193548,4900.709677419355,309905.6129032258,5.879354838709677,5.573225806451613,10.403225806451612,61503.74193548387,9.745161290322581,9.20516129032258,11.139354838709677,30.089677419354842,2025-01
Himachal Pradesh,12.75,1251.0,1.792857142857143,-71.16428571428571,0,7.214285714285714,109904.0,49.589285714285715,7.596428571428571,112.6892857142857,4985.857142857143,310074.4285714286,5.925357142857143,5.893571428571429,10.485714285714286,59413.25,10.326785714285714,9.161785714285713,11.418928571428571,30.9075,2025-02
Himachal Pradesh,14.964516129032257,1472.2,1.0993548387096774,-69.36451612903227,0,7.67741935483871,334739.0,51.87096774193548,8.190322580645162,109.09354838709677,4946.064516129032,309436.9032258064,5.889032258064516,5.77483870967742,10.564516129032258,62396.06451612903,9.889032258064516,9.524193548387096,11.333225806451612,30.746451612903225,2025-03
Himachal Pradesh,17.56,1423.8,0.9480000000000001,-69.36999999999999,0,7.766666666666667,319881.0,49.230000000000004,7.89,106.74333333333334,4829.533333333334,309932.36666666664,5.963666666666667,5.810333333333333,10.486666666666668,59299.1,9.809,9.577666666666666,11.388333333333332,30.774999999999995,2025-04
Himachal Pradesh,19.370967741935484,1559.1,0.6912903225806452,-67.54516129032258,0,7.225806451612903,346555.0,49.4483870967742,7.496774193548387,112.16774193548386,4956.1612903225805,310088.51612903224,5.845806451612903,5.5764516129032256,10.45483870967742,60398.645161290326,9.233225806451614,9.139354838709677,11.130645161290323,29.503225806451617,2025-05
Himachal Pradesh,20.353333333333335,16192.9,1.099,248.33333333333334,0,0.0,116214.0,49.806666666666665,3.71,114.02333333333333,5138.233333333334,309595.23333333334,5.811333333333334,5.747,10.546666666666665,59652.2,14.998,3.99,11.254,30.241999999999997,2025-06
Himachal Pradesh,19.519354838709678,16661.8,0.61,246.85806451612905,0,0.0,115929.0,49.487096774193546,4.093548387096774,115.64838709677419,5028.935483870968,309876.1612903226,5.846451612903226,5.8509677419354835,9.95483870967742,61945.709677419356,14.51741935483871,4.1654838709677415,11.173225806451613,29.856129032258067,2025-07
Himachal Pradesh,18.183870967741935,16883.8,0.7038709677419355,251.46774193548387,0,0.0,120197.0,49.25806451612903,3.674193548387097,107.92258064516129,5149.193548387097,310409.03225806454,5.884516129032257,5.78,10.158064516129032,61040.77419354839,14.826774193548387,4.006774193548387,11.211290322580645,30.044838709677418,2025-08
Himachal Pradesh,16.083333333333332,16785.8,0.8416666666666667,261.0833333333333,0,0.0,113871.0,49.57,4.136666666666667,106.93,5115.666666666667,308818.43333333335,5.949666666666667,5.582,10.78,61217.933333333334,15.422,4.170333333333334,11.304333333333334,30.89666666666667,2025-09
Himachal Pradesh,12.441935483870967,5673.1,0.32838709677419353,18.106451612903225,0,0.0,411969.0,50.38709677419355,4.116129032258065,108.19999999999999,5010.580645161291,309584.7419354839,5.866451612903226,5.474516129032258,10.570967741935483,60257.48387096774,3.0219354838709678,4.127096774193548,11.108387096774194,18.25741935483871,2025-10
Himachal Pradesh,11.383333333333333,5707.7,0.9083333333333333,22.783333333333335,0,0.0,412733.0,50.18666666666666,4.013333333333334,105.45333333333333,5001.166666666667,309193.93333333335,5.874666666666667,6.016,10.653333333333334,58594.63333333333,3.697666666666667,4.098333333333334,11.519333333333332,19.315333333333335,2025-11
Himachal Pradesh,9.82258064516129,1418.0,0.797741935483871,-70.49032258064516,0,7.516129032258065,413116.0,51.05483870967742,7.751612903225807,111.78064516129032,4976.387096774193,308988.96774193546,5.925161290322581,5.647096774193549,9.980645161290322,59885.1935483871,9.613548387096774,9.30483870967742,11.093225806451612,30.011612903225803,2025-12
Jammu and Kashmir,20.70967741935484,1064.0,1.354516129032258,-71.0741935483871,0,7.387096774193548,68121.0,49.332258064516125,7.812903225806451,114.2258064516129,4784.387096774193,190686.1935483871,7.34741935483871,5.722258064516129,10.62258064516129,59599.645161290326,10.042903225806452,9.351935483870967,12.339354838709676,31.734193548387097,2025-01
Jammu and Kashmir,21.92142857142857,1069.2,1.4317857142857144,-67.82142857142857,0,7.785714285714286,60644.0,50.332142857142856,7.796428571428572,109.23571428571428,4995.714285714285,191516.92857142858,7.372142857142856,5.596428571428571,10.828571428571427,60885.78571428572,10.144642857142857,9.498214285714285,12.328928571428571,31.971785714285716,2025-02
Jammu and Kashmir,24.65806451612903,1042.0,0.67,-71.68064516129031,0,7.387096774193548,195665.0,48.75806451612903,7.577419354838709,108.78387096774195,4909.290322580645,191499.0,7.4719354838709675,5.5680645161290325,10.861290322580645,59014.12903225807,9.501612903225807,9.288709677419355,12.387096774193548,31.177419354838708,2025-03
Jammu and Kashmir,27.196666666666665,1120.5,1.3090000000000002,-68.52666666666667,0,6.866666666666666,185307.0,50.31666666666667,7.7,106.99333333333334,5045.866666666667,190337.1,7.451333333333333,5.868666666666667,10.806666666666667,61505.666666666664,9.617333333333333,8.998999999999999,12.567333333333332,31.18366666666666,2025-04
Jammu and Kashmir,29.85483870967742,1075.9,1.0558064516129033,-70.75806451612904,0,7.870967741935484,191379.0,49.88387096774194,8.219354838709679,110.41290322580645,5113.870967741936,190564.64516129033,7.408064516129032,5.72516129032258,10.5,60564.54838709677,10.02,9.730322580645161,12.340645161290322,32.090967741935486,2025-05
Jammu and Kashmir,30.423333333333336,12596.8,1.436,253.78000000000003,0,0.0,65477.0,50.05333333333333,4.036666666666666,113.53999999999999,5002.8,190202.7,7.316,5.926,10.583333333333334,60791.066666666666,15.552999999999999,4.112333333333334,12.443999999999999,32.10933333333333,2025-06
Jammu and Kashmir,29.719354838709677,13459.4,1.1264516129032258,265.81612903225806,0,0.0,68258.0,50.725806451612904,4.135483870967741,109.21935483870968,5030.096774193548,191470.70967741936,7.444516129032258,5.809677419354839,10.158064516129032,57227.51612903226,15.89516129032258,4.119354838709677,12.328387096774193,32.34290322580645,2025-07
Jammu and Kashmir,28.07741935483871,13558.4,0.7293548387096774,268.5064516129033,0,0.0,68437.0,48.00967741935484,4.051612903225807,112.04193548387097,5095.451612903225,191170.32258064515,7.393548387096774,5.5932258064516125,10.654838709677419,60864.645161290326,15.699677419354838,4.220322580645162,12.289032258064516,32.20903225806452,2025-08
Jammu and Kashmir,26.083333333333332,12200.0,0.9663333333333333,242.64333333333335,0,0.0,64899.0,49.736666666666665,3.96,111.40333333333334,4891.566666666667,190706.83333333334,7.382333333333333,5.490333333333334,10.083333333333334,59912.3,14.604333333333333,4.096333333333333,12.035666666666666,30.736333333333334,2025-09
Jammu and Kashmir,22.896774193548385,4442.6,0.7396774193548387,20.751612903225805,0,0.0,237971.0,51.516129032258064,4.0,108.5,5254.903225806452,191507.8064516129,7.445483870967742,5.626451612903225,10.287096774193548,60081.06451612903,3.4429032258064516,4.027741935483871,12.236774193548387,19.70741935483871,2025-10
Jammu and Kashmir,21.209999999999997,4215.8,0.8743333333333333,18.396666666666665,0,0.0,229797.0,48.60666666666667,3.8699999999999997,106.37333333333335,4946.133333333333,191198.9,7.5,5.626,10.42,58206.6,3.6416666666666666,4.119666666666666,12.314,20.075333333333333,2025-11
Jammu and Kashmir,20.48709677419355,1052.2,0.7796774193548388,-71.3967741935484,0,7.645161290322581,242460.0,49.599999999999994,7.816129032258065,108.48064516129033,4894.096774193548,191311.35483870967,7.405161290322581,6.033548387096774,10.887096774193548,62170.54838709677,9.708064516129031,9.462903225806452,12.673225806451613,31.844193548387096,2025-12
Jharkhand,22.61935483870968,959.3,0.44225806451612903,-68.80645161290323,0,7.903225806451613,130179.0,50.71612903225807,7.922580645161291,112.7709677419355,5219.580645161291,206153.35483870967,8.691935483870967,5.664193548387097,10.548387096774194,60714.67741935484,9.427096774193549,9.58290322580645,13.211612903225806,32.221612903225804,2025-01
Jharkhand,24.675,878.7,1.0110714285714286,-68.35714285714286,0,7.357142857142857,117338.0,48.50714285714286,7.889285714285714,113.57142857142857,5030.285714285715,206049.14285714287,8.750714285714286,5.975357142857143,10.410714285714286,59272.642857142855,9.605,9.405714285714286,13.430000000000001,32.440714285714286,2025-02
Jharkhand,26.60967741935484,915.0,0.8161290322580645,-70.23548387096774,0,7.741935483870968,368361.0,49.55806451612903,7.758064516129032,111.65806451612903,4855.903225806452,206706.5806451613,8.587741935483871,5.620645161290323,10.17741935483871,57914.290322580644,9.731290322580646,9.496129032258064,13.0,32.22741935483871,2025-03
Jharkhand,28.96333333333333,910.6999999999999,1.006,-69.39333333333335,0,7.733333333333333,340087.0,51.026666666666664,7.963333333333334,110.82,5002.233333333334,206364.6,8.646333333333333,5.626666666666667,10.816666666666666,57458.4,9.840666666666667,9.502666666666666,13.236333333333333,32.57966666666667,2025-04
Jharkhand,31.01290322580645,893.2,0.9290322580645162,-70.95483870967742,0,7.129032258064516,360457.0,47.906451612903226,7.335483870967742,116.03548387096774,5080.0,207147.4193548387,8.60483870967742,5.760967741935484,10.674193548387096,62130.93548387097,9.551612903225807,9.105806451612903,13.255806451612903,31.913225806451614,2025-05
Jharkhand,32.443333333333335,10505.4,0.42033333333333334,253.05666666666667,0,0.0,123078.0,50.05,4.15,108.18666666666667,5242.233333333334,205859.43333333332,8.658666666666667,5.871333333333333,10.286666666666667,60969.566666666666,14.669666666666668,4.158333333333333,13.255666666666666,32.08366666666667,2025-06
Jharkhand,31.293548387096774,10784.8,1.0635483870967741,250.7516129032258,0,0.0,130944.0,49.57741935483871,4.109677419354838,105.1032258064516,4951.129032258064,206870.16129032258,8.748709677419354,5.728064516129032,10.13225806451613,60523.12903225807,15.091612903225807,4.1658064516129025,13.174193548387096,32.431612903225805,2025-07
Jharkhand,29.703225806451613,10722.8,1.401290322580645,248.73870967741934,0,0.0,128107.0,50.667741935483875,3.896774193548387,110.92258064516129,4992.387096774193,206840.25806451612,8.702903225806452,5.621612903225807,10.387096774193548,60665.096774193546,15.271612903225806,4.026451612903226,13.144193548387097,32.442258064516125,2025-08
Jharkhand,27.346666666666668,10448.4,0.763,251.14333333333335,0,0.0,125191.0,50.0,4.153333333333333,109.97666666666667,5023.766666666666,206889.33333333334,8.726333333333335,5.649666666666667,10.74,58904.1,14.860666666666667,4.161333333333333,13.285333333333334,32.30733333333333,2025-09
Jharkhand,25.116129032258065,3735.7,1.2641935483870967,21.51290322580645,0,0.0,443648.0,49.541935483870965,4.083870967741936,112.13548387096775,5103.064516129032,206875.4193548387,8.57548387096774,5.509677419354839,10.509677419354839,59414.87096774193,3.9738709677419353,4.155806451612904,13.010967741935483,21.140645161290323,2025-10
Jharkhand,22.933333333333334,3671.0,1.3723333333333334,23.376666666666665,0,0.0,426548.0,48.766666666666666,4.263333333333334,112.41000000000001,4921.333333333333,206644.16666666666,8.799000000000001,5.743666666666667,10.5,62589.833333333336,4.124,4.271333333333333,13.329666666666666,21.725,2025-11
Jharkhand,22.32903225806452,888.9,0.8287096774193548,-71.09677419354838,0,7.645161290322581,443777.0,50.65806451612904,7.65483870967742,112.64838709677419,4929.580645161291,207219.38709677418,8.680967741935484,5.6090322580645156,10.432258064516128,60656.32258064516,9.733870967741936,9.35225806451613,13.13483870967742,32.22096774193548,2025-12
Karnataka,23.309677419354838,2350.5,1.256451612903226,-69.58387096774193,0,7.096774193548387,206733.0,49.04516129032258,7.270967741935484,105.43225806451613,5117.0,516365.12903225806,4.662903225806452,5.648064516129033,10.616129032258065,62359.77419354839,9.741290322580646,9.003225806451614,10.40258064516129,29.14709677419355,2025-01
Karnataka,24.964285714285715,2176.2,0.9482142857142858,-68.825,0,7.892857142857143,179042.0,49.36071428571428,8.025,108.53571428571429,4948.035714285715,512774.60714285716,4.74,5.523571428571429,10.00357142857143,60486.142857142855,9.845714285714285,9.687142857142858,10.182500000000001,29.715357142857144,2025-02
Karnataka,27.06451612903226,2251.8,1.0293548387096774,-70.86774193548388,0,7.290322580645161,606738.0,50.3,7.587096774193548,106.00967741935484,5103.935483870968,515264.03225806454,4.615806451612904,5.820322580645161,10.364516129032259,60989.32258064516,9.712903225806452,9.161612903225807,10.41451612903226,29.289032258064516,2025-03
Karnataka,29.82,2182.3,0.9323333333333333,-70.82666666666667,0,7.7,579508.0,48.65,7.826666666666667,116.36333333333333,4934.6,516558.86666666664,4.647666666666667,5.706666666666666,10.693333333333333,61990.566666666666,9.834666666666667,9.550333333333333,10.453666666666667,29.838666666666665,2025-04
Karnataka,31.712903225806453,2286.6,1.0512903225806451,-70.40645161290323,0,7.709677419354839,594360.0,50.012903225806454,7.761290322580645,105.8258064516129,5070.548387096775,515992.4516129032,4.5929032258064515,5.722903225806451,10.193548387096774,61233.3870967742,9.918387096774195,9.461612903225806,10.281935483870969,29.66193548387097,2025-05
Karnataka,32.49333333333333,26000.7,1.2003333333333333,247.69333333333333,0,0.0,198424.0,52.86,4.013333333333334,113.05666666666666,4711.033333333334,516104.63333333336,4.541666666666667,5.804333333333333,10.283333333333333,59924.46666666667,15.051666666666668,3.961,10.327666666666666,29.340333333333334,2025-06
Karnataka,32.383870967741935,26314.4,1.1383870967741936,240.5225806451613,0,0.0,215677.0,51.65806451612904,4.193548387096774,112.4,4942.967741935484,515020.96774193546,4.69258064516129,5.766451612903226,10.296774193548387,59040.6129032258,14.641290322580645,4.093548387096774,10.409032258064517,29.143870967741936,2025-07
Karnataka,30.625806451612902,27120.0,1.316451612903226,250.958064516129,0,0.0,207114.0,48.777419354838706,3.9935483870967743,106.6516129032258,5108.193548387097,516869.0,4.68741935483871,5.644516129032258,10.974193548387097,59662.87096774193,15.310322580645161,4.158387096774193,10.524838709677418,29.993548387096773,2025-08
Karnataka,28.323333333333334,25362.5,0.5636666666666666,239.16666666666666,0,0.0,204178.0,48.84,3.853333333333333,109.42333333333333,5034.633333333333,515876.93333333335,4.669666666666667,5.952333333333333,10.296666666666665,58172.36666666667,14.093666666666667,4.101666666666667,10.523666666666665,28.719,2025-09
Karnataka,25.748387096774195,9535.5,0.7296774193548388,23.393548387096775,0,0.0,749488.0,50.306451612903224,3.9096774193548387,111.66774193548386,4975.5161290322585,515714.29032258067,4.605483870967742,5.671612903225806,10.64516129032258,60961.25806451613,3.6303225806451613,4.051612903225807,10.388064516129031,18.07,2025-10
Karnataka,24.043333333333333,8872.5,1.0719999999999998,18.65,0,0.0,733429.0,51.32666666666667,4.14,104.33333333333333,5206.6,515599.73333333334,4.658333333333333,5.710666666666667,10.123333333333333,58752.333333333336,3.695666666666667,4.084666666666666,10.295333333333334,18.075666666666667,2025-11
Karnataka,22.64516129032258,2109.8,0.7264516129032258,-72.69354838709677,0,6.967741935483871,738044.0,51.225806451612904,7.519354838709678,110.21935483870968,5131.193548387097,515319.8387096774,4.616129032258065,5.6654838709677415,10.32258064516129,59574.354838709674,9.39032258064516,8.931290322580645,10.293225806451613,28.614838709677418,2025-12
Kerala,24.82903225806452,2079.0,0.8519354838709677,-70.10645161290323,0,8.03225806451613,128748.0,50.225806451612904,8.035483870967742,113.06451612903226,4912.1612903225805,310720.12903225806,6.111290322580646,5.670645161290322,10.683870967741935,60026.032258064515,9.898064516129033,9.716129032258063,11.45483870967742,31.069032258064517,2025-01
Kerala,26.482142857142858,1946.9,1.8682142857142858,-69.01428571428572,0,7.035714285714286,116210.0,48.94285714285714,7.6571428571428575,114.10714285714286,5056.678571428572,308911.0,6.0075,5.6432142857142855,10.421428571428573,59399.17857142857,10.192857142857141,9.128214285714286,11.28357142857143,30.604642857142856,2025-02
Kerala,28.883870967741935,2015.3,1.1487096774193548,-71.01612903225806,0,6.903225806451613,353714.0,50.829032258064515,7.358064516129032,107.01290322580645,5002.064516129032,310199.32258064515,6.025161290322581,5.78,10.745161290322581,58415.67741935484,9.626451612903226,8.850645161290323,11.488709677419354,29.965806451612902,2025-03
Kerala,31.406666666666663,2056.0,1.339,-69.45666666666666,0,7.833333333333333,350569.0,50.019999999999996,7.873333333333333,110.50333333333333,5188.333333333333,310043.36666666664,6.113666666666666,5.979,10.273333333333333,61206.73333333333,10.170666666666667,9.564666666666666,11.548666666666666,31.284,2025-04
Kerala,33.45161290322581,2039.7,1.090967741935484,-70.66774193548386,0,7.903225806451613,364213.0,49.49677419354839,7.800000000000001,107.62258064516129,5040.032258064516,310743.3870967742,6.038387096774193,5.6164516129032265,10.735483870967743,58237.93548387097,10.061612903225807,9.600000000000001,11.379354838709677,31.040967741935486,2025-05
Kerala,34.45333333333333,24667.5,1.2713333333333334,266.53333333333336,3,0.0,126148.0,49.52333333333333,3.8066666666666666,106.32,5131.3,308668.1,6.086333333333333,5.804666666666666,10.403333333333334,59171.433333333334,16.124000000000002,4.043333333333333,11.444666666666668,31.612000000000002,2025-06
Kerala,33.729032258064514,25405.0,0.9829032258064516,265.32903225806456,0,0.0,125715.0,49.40967741935484,4.096774193548387,110.85483870967742,4979.4838709677415,309029.93548387097,6.153225806451613,5.868709677419355,10.538709677419355,62074.83870967742,15.75290322580645,4.170967741935484,11.577419354838709,31.501290322580644,2025-07
Kerala,32.06774193548387,24413.8,1.1096774193548387,251.07096774193548,0,0.0,127482.0,50.45161290322581,4.300000000000001,109.28064516129032,4945.645161290323,309566.6451612903,6.042903225806452,5.603870967741935,10.209677419354838,62000.87096774193,15.144516129032258,4.192903225806451,11.217096774193548,30.554516129032258,2025-08
Kerala,29.61,24073.2,1.0859999999999999,257.71666666666664,0,0.0,124672.0,50.32333333333334,3.8833333333333333,113.57333333333332,5109.666666666667,310321.06666666665,6.02,5.765333333333333,10.593333333333334,59316.13333333333,15.456,4.039,11.425999999999998,30.920999999999996,2025-09
Kerala,27.029032258064515,8173.5,0.9535483870967743,17.532258064516128,0,0.0,451001.0,50.71612903225807,4.145161290322581,110.56451612903226,4981.967741935484,309785.93548387097,6.122580645161291,5.854516129032258,10.625806451612902,58951.645161290326,3.4716129032258065,4.12258064516129,11.571935483870968,19.166129032258063,2025-10
Kerala,25.25,7848.1,0.981,16.616666666666667,0,0.0,431270.0,50.53333333333333,4.016666666666667,108.89333333333335,5046.166666666667,310026.1666666667,6.030333333333333,5.979,10.586666666666668,58865.36666666667,3.601,4.080333333333333,11.584,19.26533333333333,2025-11
Kerala,24.532258064516128,2134.2,0.7454838709677419,-69.31612903225808,0,7.709677419354839,449575.0,51.24193548387097,7.841935483870968,108.32903225806452,4872.709677419355,309975.06451612903,6.161290322580645,5.547096774193549,10.116129032258065,57900.3870967742,9.608709677419355,9.429677419354839,11.231290322580646,30.269677419354842,2025-12
Ladakh,20.283870967741933,2322.8,0.8690322580645161,-69.3258064516129,0,7.419354838709677,59255.0,50.05483870967742,7.532258064516129,109.0741935483871,4983.612903225807,147132.51612903227,6.315806451612903,5.846129032258064,10.600000000000001,57667.51612903226,9.567741935483872,9.223548387096775,11.694516129032257,30.485806451612902,2025-01
Ladakh,21.885714285714283,2058.5,1.2953571428571429,-69.91071428571429,0,7.464285714285714,52631.0,49.503571428571426,7.928571428571429,113.99642857142858,5019.178571428572,147020.0,6.235357142857143,5.710714285714286,10.446428571428571,59111.78571428572,9.973928571428571,9.430357142857144,11.495714285714286,30.9,2025-02
Ladakh,23.903225806451612,2202.1,1.1390322580645162,-70.9258064516129,0,7.193548387096774,167090.0,51.093548387096774,7.674193548387097,109.00967741935484,4975.612903225807,146922.29032258064,6.241935483870968,5.700322580645161,10.87741935483871,60367.93548387097,9.75741935483871,9.110967741935484,11.620967741935484,30.489354838709676,2025-03
Ladakh,26.42,2042.3,1.3316666666666668,-72.13333333333334,0,7.766666666666667,168448.0,50.28666666666666,7.766666666666667,110.79666666666667,5045.733333333334,146800.96666666667,6.153333333333333,5.912333333333334,10.613333333333333,60928.333333333336,10.266,9.477333333333332,11.630333333333335,31.373666666666665,2025-04
Ladakh,28.43548387096774,2216.7000000000003,0.877741935483871,-70.7258064516129,0,7.483870967741935,161021.0,51.04516129032258,7.851612903225806,114.91290322580646,5093.354838709677,146903.35483870967,6.223870967741935,5.8432258064516125,10.461290322580645,58263.77419354839,9.675806451612903,9.330322580645161,11.585806451612903,30.59193548387097,2025-05
Ladakh,28.896666666666665,24578.1,1.1520000000000001,235.38,0,0.0,58729.0,49.03,3.9066666666666667,104.07333333333332,4932.366666666667,147349.1,6.207,5.897,11.0,61467.1,14.395000000000001,4.113,11.771666666666667,30.27966666666667,2025-06
Ladakh,29.009677419354837,26517.1,0.7680645161290323,250.1451612903226,0,0.0,62689.0,49.75806451612903,4.04516129032258,111.45161290322581,5076.354838709677,147105.0,6.163548387096774,5.593548387096774,10.393548387096773,58040.58064516129,14.814516129032258,4.129677419354839,11.351612903225806,30.295806451612904,2025-07
Ladakh,27.009677419354837,27291.3,1.5977419354838711,260.3709677419355,0,0.0,59343.0,49.5516129032258,3.987096774193548,105.61935483870967,5046.645161290323,147105.8064516129,6.310967741935484,5.846129032258064,10.261290322580646,60898.58064516129,16.016774193548386,4.118064516129032,11.591290322580644,31.72612903225806,2025-08
Ladakh,24.75,26061.2,0.6080000000000001,255.60333333333335,0,0.0,57943.0,50.75333333333333,4.13,107.28333333333333,4936.0,147712.8,6.2603333333333335,5.747,10.92,59034.5,14.954,4.113666666666666,11.681666666666667,30.749333333333333,2025-09
Ladakh,21.741935483870968,9078.0,0.7883870967741936,19.874193548387098,0,0.0,206319.0,49.306451612903224,4.109677419354839,104.49677419354839,5059.645161290323,147248.87096774194,6.2138709677419355,5.843870967741935,10.46774193548387,62163.77419354839,3.5545161290322578,4.179032258064517,11.579677419354839,19.313225806451612,2025-10
Ladakh,20.43,8461.0,0.5643333333333334,15.456666666666667,0,0.0,208733.0,49.6,3.8733333333333335,116.25333333333333,4907.433333333333,146738.73333333334,6.256666666666666,5.782666666666667,10.513333333333332,59000.36666666667,3.1406666666666667,4.069333333333334,11.580333333333334,18.790333333333336,2025-11
Ladakh,19.625806451612902,2301.3,1.2567741935483872,-69.61612903225806,0,7.612903225806452,213046.0,49.70322580645161,7.9,105.09677419354838,4926.806451612903,147115.12903225806,6.2945161290322575,5.541935483870968,10.406451612903227,60980.22580645161,10.000967741935483,9.478709677419355,11.406451612903227,30.88612903225806,2025-12
Lakshadweep,22.6,2178.0,1.011290322580645,-69.43870967741935,0,8.03225806451613,62936.0,50.26129032258064,7.825806451612903,108.36451612903227,4892.0,116648.3870967742,7.993225806451613,6.017741935483872,10.258064516129032,61670.6129032258,9.997741935483871,9.631612903225806,12.885806451612902,32.51516129032258,2025-01
Lakshadweep,24.025000000000002,1977.7,1.2853571428571429,-69.28571428571429,0,6.892857142857143,52670.0,50.59285714285714,7.678571428571429,112.075,4874.785714285715,116871.35714285714,7.9539285714285715,5.6674999999999995,11.025,60660.75,9.646428571428572,8.985357142857143,12.842857142857143,31.47464285714286,2025-02
Lakshadweep,26.91290322580645,2285.5,0.8825806451612903,-67.93225806451613,0,7.258064516129032,169274.0,50.55806451612903,7.883870967741935,109.25483870967743,5037.322580645161,116663.54838709677,8.014516129032257,5.6009677419354835,10.490322580645161,57048.77419354839,9.42741935483871,9.256129032258064,12.674193548387096,31.357741935483872,2025-03
Lakshadweep,28.576666666666664,2141.3,0.89,-68.96000000000001,0,7.1,167199.0,48.519999999999996,7.586666666666667,110.87333333333332,5020.0,116080.86666666667,7.9896666666666665,5.820666666666667,10.173333333333334,60453.96666666667,9.405333333333333,9.157,12.716666666666667,31.279000000000003,2025-04
Lakshadweep,31.048387096774192,2116.3,0.9793548387096774,-70.30967741935484,0,7.129032258064516,172598.0,51.73225806451613,8.087096774193547,111.31935483870969,5090.806451612903,116549.54838709677,7.951935483870967,5.966129032258064,10.006451612903225,59497.903225806454,9.56225806451613,9.217096774193548,12.744838709677419,31.524193548387096,2025-05
Lakshadweep,32.153333333333336,23757.8,1.0416666666666667,244.42666666666668,0,0.0,56092.0,51.02333333333333,3.6733333333333333,110.52666666666667,5116.366666666667,116374.26666666666,7.973666666666667,5.7909999999999995,10.473333333333333,62638.23333333333,14.755333333333333,3.9163333333333337,12.776,31.447666666666667,2025-06
Lakshadweep,31.63225806451613,24555.3,0.9483870967741935,244.50967741935486,0,0.0,60406.0,49.564516129032256,3.990322580645161,114.50967741935484,5120.387096774193,116214.51612903226,7.943870967741935,5.838387096774194,10.574193548387097,60366.32258064516,14.682258064516128,4.119677419354838,12.822258064516129,31.624193548387098,2025-07
Lakshadweep,29.706451612903226,24275.5,0.9925806451612903,240.5774193548387,0,0.0,58260.0,51.6741935483871,3.9451612903225803,107.57741935483871,4854.935483870968,116773.35483870968,8.022258064516128,5.828064516129031,10.374193548387098,58884.67741935484,14.524516129032257,3.992903225806452,12.805483870967743,31.32290322580645,2025-08
Lakshadweep,27.33,23646.2,0.7013333333333333,242.81,0,0.0,58945.0,49.669999999999995,3.74,106.3,4931.066666666667,116737.03333333334,8.017,5.810333333333333,11.05,58891.03333333333,14.391,4.014333333333334,12.995333333333333,31.400666666666666,2025-09
Lakshadweep,24.893548387096775,8551.4,1.1948387096774193,19.967741935483872,0,0.0,212151.0,49.17741935483871,3.896774193548387,103.8741935483871,4892.064516129032,116664.2258064516,8.086774193548386,5.888387096774193,10.435483870967742,60479.12903225807,3.87,4.101612903225806,12.911290322580646,20.88290322580645,2025-10
Lakshadweep,22.723333333333336,7911.099999999999,0.8286666666666667,14.693333333333333,0,0.0,202604.0,49.163333333333334,3.9,112.26333333333334,4858.966666666666,116747.93333333333,8.068,5.902333333333333,10.423333333333334,61971.86666666667,3.332,4.099,12.904666666666666,20.335666666666665,2025-11
Lakshadweep,22.258064516129032,2125.2,1.1970967741935483,-70.19032258064516,0,7.516129032258065,213348.0,48.49677419354839,7.47741935483871,112.08709677419354,4953.645161290323,116590.03225806452,8.032903225806452,5.795483870967741,10.561290322580644,59599.709677419356,9.931612903225806,9.321290322580644,12.850967741935484,32.10387096774193,2025-12
Madhya Pradesh,23.432258064516127,1094.8,0.767741935483871,-70.18709677419355,0,7.225806451612903,209841.0,48.04838709677419,7.612903225806452,109.6032258064516,4953.548387096775,309092.0967741936,6.027096774193549,5.732903225806451,10.432258064516128,60202.54838709677,9.428387096774193,9.256129032258064,11.364516129032259,30.049032258064514,2025-01
Madhya Pradesh,25.432142857142857,997.5,1.3817857142857142,-69.92142857142856,0,7.357142857142857,189531.0,49.07142857142857,7.8,112.05,5080.607142857143,310066.4285714286,5.88,5.983214285714285,10.285714285714286,59086.75,9.992857142857144,9.351071428571428,11.391428571428571,30.73535714285714,2025-02
Madhya Pradesh,27.509677419354837,1110.5,0.9348387096774193,-69.75806451612904,0,7.193548387096774,581934.0,51.57419354838709,7.541935483870968,107.67096774193548,5255.451612903225,309616.5483870968,5.9470967741935485,5.766129032258065,10.94516129032258,63533.1935483871,9.53,9.035806451612904,11.485161290322582,30.050967741935487,2025-03
Madhya Pradesh,29.826666666666664,1036.4,0.7183333333333334,-70.83,0,7.766666666666667,565624.0,50.47666666666667,8.16,110.21000000000001,5192.233333333334,310091.4666666667,5.968666666666667,5.544333333333333,10.883333333333333,60708.5,9.690333333333333,9.628666666666668,11.324333333333334,30.643333333333338,2025-04
Madhya Pradesh,31.683870967741935,1095.4,0.8493548387096773,-70.17096774193548,0,7.483870967741935,593899.0,50.196774193548386,7.94516129032258,113.11290322580645,5008.677419354839,310939.5806451613,5.884838709677419,5.5525806451612905,10.86774193548387,63166.6129032258,9.62516129032258,9.410645161290324,11.266451612903225,30.30225806451613,2025-05
Madhya Pradesh,32.99333333333333,12379.4,1.2073333333333334,248.32000000000002,0,0.0,208919.0,49.980000000000004,3.9166666666666665,107.06,4914.433333333333,309645.93333333335,5.823333333333333,5.792333333333334,10.186666666666667,60276.76666666667,15.088666666666667,4.068666666666667,11.185666666666666,30.343,2025-06
Madhya Pradesh,31.809677419354838,12827.3,1.4216129032258065,249.2741935483871,0,0.0,204728.0,49.274193548387096,3.706451612903226,113.98387096774194,4995.645161290323,308875.06451612903,5.856451612903226,5.8270967741935475,10.851612903225806,61266.967741935485,15.315483870967741,4.016451612903226,11.43483870967742,30.766774193548386,2025-07
Madhya Pradesh,30.612903225806452,12361.199999999999,1.3135483870967741,236.59032258064516,0,0.0,211106.0,51.26774193548387,4.083870967741936,111.81935483870969,5019.225806451613,308389.29032258067,5.876774193548387,5.82774193548387,10.374193548387098,58207.6129032258,14.59032258064516,4.067096774193549,11.307096774193548,29.964516129032255,2025-08
Madhya Pradesh,28.209999999999997,12740.4,0.8019999999999999,258.47999999999996,0,0.0,203287.0,48.1,3.92,111.91000000000001,5136.0,308983.9666666667,5.850666666666667,5.671333333333334,10.523333333333333,57822.4,15.258666666666667,4.162,11.223666666666666,30.644333333333332,2025-09
Madhya Pradesh,25.980645161290322,4579.6,0.8283870967741935,24.700000000000003,0,0.0,706972.0,49.36774193548387,4.196774193548387,108.07741935483871,4821.419354838709,309934.2580645161,6.009032258064516,5.9716129032258065,10.470967741935485,58504.83870967742,3.7696774193548386,4.208387096774194,11.530645161290321,19.508709677419354,2025-10
Madhya Pradesh,23.686666666666667,4240.4,1.4186666666666667,19.313333333333333,0,0.0,703798.0,51.00333333333333,4.163333333333333,105.32,5018.866666666667,308756.56666666665,6.006,5.6193333333333335,10.323333333333332,59420.13333333333,4.004666666666667,4.115666666666667,11.231666666666666,19.352,2025-11
Madhya Pradesh,22.583870967741937,1139.6,0.9587096774193548,-68.97419354838709,0,7.709677419354839,723230.0,49.78064516129032,7.880645161290322,107.73548387096774,4959.967741935484,309802.12903225806,5.92225806451613,5.84516129032258,10.725806451612904,62159.25806451613,9.768387096774193,9.51741935483871,11.452258064516128,30.73806451612903,2025-12
Maharashtra,22.951612903225808,1186.6,1.3709677419354838,-66.78064516129032,0,7.258064516129032,233689.0,49.6741935483871,7.754838709677419,108.09354838709677,4948.096774193548,515534.8387096774,4.4312903225806455,5.970322580645162,10.845161290322581,58700.290322580644,9.776774193548386,9.24741935483871,10.534516129032259,29.558709677419355,2025-01
Maharashtra,24.599999999999998,996.3,1.0507142857142857,-69.12142857142858,0,7.178571428571429,213990.0,50.40714285714286,7.457142857142857,109.21428571428571,5013.857142857143,515107.89285714284,4.4025,5.882142857142857,10.332142857142857,60502.46428571428,9.588571428571429,9.051428571428572,10.298928571428572,28.938928571428573,2025-02
Maharashtra,27.43548387096774,1043.0,1.2948387096774194,-70.79677419354839,0,7.645161290322581,653502.0,48.05806451612903,8.27741935483871,110.43548387096774,4956.032258064516,515667.7419354839,4.433548387096774,5.641935483870968,10.87741935483871,60622.709677419356,10.108387096774194,9.727741935483872,10.314193548387097,30.15032258064516,2025-03
Maharashtra,29.776666666666664,1036.6,0.9576666666666667,-70.00666666666666,0,7.9,654186.0,49.56333333333334,8.0,106.78,5022.666666666667,516162.1,4.490666666666667,5.742,10.153333333333334,59630.36666666667,9.915333333333333,9.672333333333334,10.204,29.791666666666668,2025-04
Maharashtra,31.738709677419354,1046.6,0.962258064516129,-70.70322580645161,0,7.806451612903226,651482.0,51.36129032258064,8.36774193548387,113.57741935483871,4752.225806451613,515500.12903225806,4.531935483870968,5.554193548387097,10.380645161290323,63263.1935483871,9.90709677419355,9.68,10.170645161290324,29.75774193548387,2025-05
Maharashtra,32.25,11875.2,0.984,243.51666666666668,0,0.0,217588.0,50.70333333333333,3.92,110.44,4942.266666666666,514984.43333333335,4.494666666666666,5.533333333333333,10.29,60719.63333333333,14.663,4.035333333333333,10.107,28.805333333333333,2025-06
Maharashtra,31.738709677419354,12819.1,1.4264516129032259,258.85806451612905,0,0.0,227789.0,51.20967741935484,3.990322580645161,112.0,4802.4838709677415,516514.0,4.5045161290322575,5.674516129032258,10.64516129032258,61741.903225806454,15.798064516129033,4.033548387096774,10.31967741935484,30.151290322580646,2025-07
Maharashtra,30.206451612903226,13025.5,0.9070967741935483,264.6290322580645,0,0.0,237022.0,49.354838709677416,3.8806451612903223,114.24193548387096,4923.677419354839,516120.32258064515,4.490967741935484,5.662903225806452,10.7,61104.06451612903,15.654193548387095,4.0851612903225805,10.316129032258065,30.05548387096774,2025-08
Maharashtra,27.793333333333333,12376.9,1.231,258.03666666666663,0,0.0,231806.0,50.15,3.8,109.09666666666666,5039.133333333333,517133.4,4.451333333333333,5.685666666666666,10.356666666666666,59247.333333333336,15.594333333333333,4.012333333333333,10.202666666666666,29.80933333333333,2025-09
Maharashtra,25.448387096774194,4410.7,1.1054838709677417,23.467741935483872,0,0.0,791325.0,50.435483870967744,4.054838709677419,113.02258064516128,4839.0,517474.77419354836,4.490645161290323,5.637096774193548,10.47741935483871,60322.25806451613,3.774193548387097,4.10258064516129,10.234193548387097,18.110967741935482,2025-10
Maharashtra,23.163333333333334,4319.7,1.1706666666666665,24.96333333333333,0,0.0,805546.0,50.52333333333333,3.7333333333333334,108.92,5046.6,517070.06666666665,4.5456666666666665,5.7860000000000005,10.626666666666667,58392.53333333333,3.9353333333333333,3.966,10.419666666666666,18.320999999999998,2025-11
Maharashtra,22.348387096774193,1081.3,1.0774193548387097,-69.73870967741935,0,7.258064516129032,809421.0,49.690322580645166,7.687096774193549,109.79677419354839,5006.322580645161,515775.8064516129,4.495161290322581,5.554516129032258,10.225806451612904,60726.67741935484,9.679354838709678,9.223870967741936,10.104193548387098,29.007419354838714,2025-12
Manipur,22.467741935483872,1121.4,1.1729032258064516,-69.81290322580645,0,7.32258064516129,105004.0,48.91612903225807,7.780645161290322,110.19354838709677,5050.677419354839,308631.51612903224,5.7458064516129035,5.819677419354838,10.667741935483871,58492.16129032258,9.795806451612904,9.326451612903226,11.296129032258065,30.418387096774197,2025-01
Manipur,24.082142857142856,975.6999999999999,0.7175,-70.91071428571429,0,7.321428571428571,96518.0,49.5,7.732142857142857,111.11428571428571,4806.285714285715,308943.9285714286,5.897142857142858,5.793928571428571,10.310714285714285,62747.357142857145,9.472142857142858,9.279285714285715,11.279285714285715,30.03071428571429,2025-02
Manipur,27.009677419354837,1120.3,0.5048387096774193,-69.84516129032258,0,7.709677419354839,315552.0,49.7,7.622580645161291,108.92903225806452,4963.612903225807,309641.1612903226,5.936129032258065,5.702903225806451,10.04516129032258,59264.87096774193,9.434193548387096,9.417741935483871,11.162903225806453,30.01483870967742,2025-03
Manipur,29.223333333333336,1109.4,1.0863333333333334,-69.14,0,7.433333333333334,301904.0,49.980000000000004,7.613333333333333,109.98666666666666,4909.433333333333,309367.0333333333,5.799333333333333,5.574666666666667,9.93,60740.7,9.745000000000001,9.262,10.943333333333333,29.950333333333333,2025-04
Manipur,31.822580645161292,1111.4,1.0970967741935482,-70.08387096774193,0,7.419354838709677,313467.0,48.538709677419355,7.564516129032258,105.55483870967741,4892.0,310040.32258064515,5.904516129032258,5.60258064516129,10.583870967741936,58738.06451612903,9.79516129032258,9.307741935483872,11.228064516129033,30.33096774193548,2025-05
Manipur,31.636666666666667,12491.8,0.746,247.48999999999998,0,0.0,109058.0,50.583333333333336,4.133333333333334,112.78,4815.5,310021.0,5.785666666666667,5.642666666666667,10.536666666666667,63275.7,14.662666666666667,4.121333333333333,11.162666666666667,29.946666666666665,2025-06
Manipur,31.332258064516132,12568.5,0.8774193548387097,238.36129032258063,0,0.0,110434.0,47.79677419354839,4.22258064516129,112.33548387096775,5133.193548387097,309964.2580645161,5.7061290322580644,5.523870967741936,10.54516129032258,59058.16129032258,14.315806451612904,4.300645161290323,11.023548387096774,29.64,2025-07
Manipur,29.990322580645163,12865.6,1.0212903225806451,246.36129032258063,0,0.0,110782.0,51.41935483870968,4.148387096774194,109.3258064516129,5021.741935483871,310171.8064516129,5.781612903225806,5.700645161290322,10.448387096774193,60925.74193548387,14.835806451612903,4.09,11.169354838709678,30.09516129032258,2025-08
Manipur,26.816666666666666,12990.0,1.4043333333333334,261.34666666666664,0,0.0,107497.0,51.84,4.01,107.11666666666666,4779.033333333334,309554.93333333335,5.854,5.707666666666666,10.436666666666667,59953.5,15.905,4.01,11.224,31.139,2025-09
Manipur,25.074193548387097,4100.5,0.7009677419354838,10.393548387096773,0,0.0,396248.0,50.57741935483871,3.7419354838709675,114.48064516129033,4901.774193548387,310829.0967741936,5.81,5.470322580645161,10.170967741935485,61734.25806451613,3.1345161290322583,3.967741935483871,10.948064516129032,18.05032258064516,2025-10
Manipur,23.13,4401.6,1.278,22.44,0,0.0,380749.0,51.61333333333334,3.9866666666666664,111.63666666666667,5169.333333333333,310439.8333333333,5.823333333333333,5.632000000000001,10.253333333333334,58136.9,3.993333333333333,4.013,11.095,19.101333333333336,2025-11
Manipur,21.654838709677417,1123.2,1.3241935483870966,-69.75806451612904,0,7.387096774193548,377760.0,49.13870967741936,7.987096774193549,108.74838709677421,5059.580645161291,309673.4193548387,5.7454838709677425,5.811935483870967,10.387096774193548,61610.290322580644,9.951612903225806,9.433548387096774,11.208064516129031,30.59322580645161,2025-12
Meghalaya,20.761290322580646,2641.2,1.4629032258064516,-69.87096774193549,0,7.096774193548387,116142.0,51.13870967741936,7.541935483870968,109.81935483870969,5025.709677419355,310591.93548387097,6.232903225806451,5.590967741935484,10.838709677419354,59587.032258064515,9.92741935483871,9.00741935483871,11.52741935483871,30.46225806451613,2025-01
Meghalaya,22.12857142857143,2448.3,0.8164285714285714,-69.08214285714286,0,7.607142857142857,110252.0,50.142857142857146,7.5928571428571425,114.34285714285714,5089.178571428572,310531.85714285716,6.197857142857143,5.711785714285715,10.707142857142857,60729.0,9.603214285714285,9.333571428571428,11.55107142857143,30.48785714285714,2025-02
Meghalaya,23.845161290322583,2523.7,0.9370967741935484,-71.20967741935483,0,8.0,342412.0,49.519354838709674,8.093548387096774,116.52258064516128,4964.5161290322585,309830.03225806454,6.323548387096774,6.075806451612903,10.806451612903226,61939.6129032258,10.008387096774193,9.764193548387096,11.920645161290324,31.693225806451615,2025-03
Meghalaya,26.946666666666665,2532.4,0.8293333333333333,-70.15333333333334,0,7.833333333333333,326651.0,49.13666666666666,7.846666666666667,110.79666666666667,5193.266666666666,309600.0,6.3149999999999995,5.752666666666667,10.553333333333335,59211.1,9.781666666666666,9.596333333333332,11.615666666666666,30.993666666666666,2025-04
Meghalaya,28.887096774193548,2662.9,0.9593548387096774,-69.61935483870967,0,7.580645161290323,341800.0,50.512903225806454,7.674193548387097,111.08709677419354,5095.451612903225,309616.6451612903,6.220645161290323,5.669354838709677,10.14516129032258,61206.12903225807,9.73709677419355,9.334516129032258,11.362903225806452,30.434516129032257,2025-05
Meghalaya,29.433333333333334,29229.3,0.8863333333333333,244.52333333333334,0,0.0,115484.0,51.56666666666667,4.38,112.22333333333334,5005.733333333334,310383.8,6.300666666666667,5.749666666666667,10.629999999999999,58764.8,14.631,4.172,11.622333333333334,30.425333333333334,2025-06
Meghalaya,29.625806451612902,32404.6,0.9487096774193549,269.6290322580645,0,0.0,115484.0,52.07741935483871,4.029032258064516,111.57741935483871,4944.064516129032,310137.32258064515,6.2622580645161285,5.808387096774194,10.448387096774193,57958.967741935485,15.938709677419354,4.008387096774194,11.587741935483871,31.534838709677416,2025-07
Meghalaya,27.274193548387096,31804.4,1.9029032258064518,262.77741935483874,0,0.0,125183.0,51.332258064516125,3.861290322580645,111.33225806451614,4830.322580645161,311685.4193548387,6.219677419354839,5.54,10.616129032258065,60480.77419354839,16.39193548387097,3.9777419354838712,11.416774193548388,31.786451612903228,2025-08
Meghalaya,25.3,30652.3,0.653,261.2966666666667,0,0.0,117347.0,49.416666666666664,4.006666666666667,111.31,5010.3,309278.43333333335,6.168666666666667,5.616333333333333,10.053333333333335,61533.03333333333,15.274666666666667,4.126333333333333,11.264999999999999,30.665999999999997,2025-09
Meghalaya,22.81935483870968,10485.8,0.7806451612903226,19.60967741935484,0,0.0,430849.0,49.251612903225805,3.9419354838709677,105.47096774193548,4875.387096774193,309202.87096774194,6.298064516129033,5.610967741935484,10.712903225806452,60784.354838709674,3.531290322580645,4.116129032258065,11.54967741935484,19.19709677419355,2025-10
Meghalaya,21.003333333333334,10178.2,0.9646666666666667,19.970000000000002,0,0.0,410077.0,49.836666666666666,4.056666666666667,106.83666666666666,4902.666666666667,311076.5,6.225,5.834333333333333,10.296666666666665,61731.23333333333,3.653,4.134333333333333,11.533999999999999,19.32133333333333,2025-11
Meghalaya,19.948387096774194,2491.9,1.1929032258064516,-71.57096774193548,0,7.580645161290323,406185.0,49.58387096774193,7.858064516129032,112.00645161290322,4975.129032258064,310855.32258064515,6.1974193548387095,5.586129032258064,10.187096774193549,60203.58064516129,10.028709677419354,9.451290322580645,11.303548387096773,30.783548387096772,2025-12
Mizoram,18.53548387096774,3159.9,1.0080645161290323,-69.6,0,7.225806451612903,127025.0,50.096774193548384,7.483870967741935,104.56451612903226,5099.322580645161,308517.2580645161,5.98258064516129,5.763548387096773,10.316129032258065,59215.1935483871,9.600000000000001,9.100000000000001,11.31516129032258,30.01516129032258,2025-01
Mizoram,20.54642857142857,2678.3,0.6089285714285715,-71.46428571428571,0,7.75,112834.0,49.86785714285714,7.764285714285714,110.88928571428572,5049.142857142857,310189.3214285714,5.976428571428571,5.770714285714286,10.278571428571428,61900.82142857143,9.622857142857143,9.488214285714287,11.30892857142857,30.419999999999998,2025-02
Mizoram,22.983870967741936,3001.8,1.1329032258064515,-71.10967741935484,0,6.903225806451613,356989.0,50.58387096774193,7.670967741935483,104.63548387096773,5010.8387096774195,310488.1935483871,5.862903225806452,5.694193548387097,10.73225806451613,60147.74193548387,9.61774193548387,8.995161290322581,11.307096774193548,29.92,2025-03
Mizoram,25.93,3048.3,0.6806666666666666,-69.68666666666667,0,6.9,335273.0,49.45,7.556666666666667,113.19,4976.2,309871.0,5.864,5.842666666666667,10.120000000000001,58959.13333333333,9.168333333333333,9.002,11.233666666666666,29.403999999999996,2025-04
Mizoram,27.287096774193547,3160.8,0.5870967741935483,-69.58387096774193,0,7.225806451612903,365588.0,50.62580645161291,7.912903225806452,112.30967741935484,4935.548387096775,309880.2580645161,5.8835483870967735,5.838709677419355,11.119354838709677,60783.8064516129,9.24741935483871,9.245806451612903,11.541290322580645,30.034516129032255,2025-05
Mizoram,28.07,34376.2,1.3773333333333333,241.85333333333335,0,0.0,124431.0,50.416666666666664,3.9866666666666664,110.26666666666667,4913.2,309760.56666666665,5.823666666666667,5.5183333333333335,9.906666666666666,61859.6,14.908333333333333,4.074666666666666,10.910666666666666,29.893666666666668,2025-06
Mizoram,28.0258064516129,36135.1,1.2196774193548388,247.7516129032258,0,0.0,125753.0,51.08064516129032,4.038709677419355,110.51935483870967,5150.354838709677,309401.06451612903,5.960645161290323,5.888064516129032,10.219354838709679,57239.0,15.07,4.058709677419355,11.356451612903227,30.48516129032258,2025-07
Mizoram,25.848387096774193,37714.9,0.8141935483870967,262.96774193548384,0,0.0,126103.0,49.748387096774195,3.935483870967742,112.6032258064516,4891.032258064516,309910.9032258064,5.953870967741936,5.4796774193548385,10.167741935483871,61520.032258064515,15.492903225806453,4.086774193548387,11.050967741935484,30.630645161290325,2025-08
Mizoram,23.896666666666665,35254.4,1.1296666666666666,250.59,0,0.0,119810.0,50.50333333333333,4.180000000000001,109.92333333333333,5190.733333333334,309458.86666666664,5.888333333333334,5.927666666666667,10.506666666666666,57361.73333333333,15.138,4.147,11.423666666666666,30.708666666666666,2025-09
Mizoram,21.306451612903224,12537.2,0.7112903225806452,20.661290322580644,0,0.0,428815.0,49.3258064516129,4.02258064516129,113.6258064516129,5107.193548387097,309653.6129032258,5.901290322580645,5.685806451612903,10.37741935483871,58178.032258064515,3.408709677419355,4.143870967741936,11.224516129032258,18.77709677419355,2025-10
Mizoram,19.796666666666667,11767.8,1.1616666666666666,17.029999999999998,0,0.0,426768.0,49.28333333333333,3.8333333333333335,108.18,4991.666666666667,310209.93333333335,5.8053333333333335,5.547666666666667,10.5,62032.36666666667,3.802,4.073333333333333,11.095,18.970333333333336,2025-11
Mizoram,18.287096774193547,3137.1,1.1838709677419357,-69.80967741935484,0,7.129032258064516,441707.0,48.47096774193548,7.467741935483871,111.06129032258065,4829.258064516129,309893.12903225806,5.932903225806452,5.629032258064516,10.241935483870968,59291.77419354839,9.709032258064516,9.12741935483871,11.16451612903226,30.000967741935483,2025-12
Nagaland,23.809677419354838,1242.1,0.7012903225806452,-70.37096774193549,0,7.548387096774194,123639.0,49.222580645161294,7.645161290322581,114.08064516129032,5077.709677419355,309200.2580645161,6.053870967741935,5.550967741935485,10.654838709677419,61075.22580645161,9.542903225806452,9.369677419354838,11.321612903225807,30.234193548387097,2025-01
Nagaland,25.010714285714283,1193.2,1.1442857142857144,-68.47142857142858,0,7.571428571428571,114853.0,49.971428571428575,7.567857142857143,112.425,5183.821428571428,310069.78571428574,6.044642857142857,5.717142857142858,10.242857142857144,59441.67857142857,9.829285714285716,9.314642857142857,11.306071428571428,30.450000000000003,2025-02
Nagaland,26.92258064516129,1338.3,0.8809677419354839,-68.06129032258065,0,7.67741935483871,353670.0,51.25806451612903,7.67741935483871,105.98709677419355,4927.225806451613,309746.8064516129,6.063870967741935,5.712903225806452,10.887096774193548,58287.12903225807,9.64258064516129,9.349032258064517,11.51,30.501612903225805,2025-03
Nagaland,29.433333333333334,1226.0,1.0756666666666668,-69.76,0,8.4,337982.0,50.413333333333334,8.136666666666667,104.39333333333335,5033.0,309830.76666666666,6.059333333333333,5.399333333333333,11.046666666666665,58616.433333333334,10.251333333333333,9.934666666666667,11.335666666666667,31.52166666666667,2025-04
Nagaland,32.24193548387097,1247.9,1.211290322580645,-70.21612903225805,0,7.580645161290323,353982.0,51.39032258064516,7.377419354838709,113.3967741935484,4965.258064516129,309849.32258064515,6.018064516129033,5.798387096774194,10.754838709677419,62635.8064516129,9.978064516129033,9.176451612903227,11.495161290322581,30.64967741935484,2025-05
Nagaland,32.68333333333333,14649.4,1.2126666666666668,261.29,0,0.0,118369.0,50.54666666666667,4.04,106.77333333333333,4954.4,310002.8333333333,6.074,5.894333333333334,10.453333333333335,59807.5,15.741999999999999,4.091,11.51,31.342999999999996,2025-06
Nagaland,31.84193548387097,14456.0,1.088064516129032,245.0193548387097,0,0.0,122804.0,49.487096774193546,3.903225806451613,110.61612903225806,5023.258064516129,308321.03225806454,6.063225806451613,5.999354838709677,10.593548387096773,59015.709677419356,14.823225806451612,4.088387096774193,11.620645161290323,30.532258064516128,2025-07
Nagaland,30.690322580645162,14215.9,1.3783870967741934,239.28709677419354,0,0.0,127428.0,51.15806451612904,3.9967741935483874,108.86451612903227,4847.935483870968,309844.0,6.085806451612903,5.749354838709677,10.629032258064516,59683.8064516129,14.779677419354838,4.041290322580645,11.471612903225807,30.29258064516129,2025-08
Nagaland,27.613333333333333,14522.9,1.0943333333333334,258.17,0,0.0,115953.0,47.32666666666667,3.8266666666666667,110.95333333333333,5067.333333333333,309918.36666666664,5.995,5.658666666666666,10.379999999999999,58888.03333333333,15.486666666666668,4.167333333333334,11.269333333333332,30.923333333333336,2025-09
Nagaland,25.52258064516129,5006.8,0.8019354838709677,19.503225806451614,0,0.0,435745.0,51.76451612903226,4.02258064516129,111.45806451612904,4888.290322580645,308950.32258064515,6.0206451612903225,5.854838709677419,10.893548387096773,61936.3870967742,3.455806451612903,4.02258064516129,11.579677419354839,19.058064516129033,2025-10
Nagaland,23.516666666666666,4755.9,1.3723333333333334,17.296666666666667,0,0.0,427510.0,48.82,4.1033333333333335,106.4,4992.2,309658.3333333333,6.058666666666666,5.6659999999999995,10.516666666666667,59750.86666666667,3.933333333333333,4.197333333333334,11.360666666666667,19.491333333333333,2025-11
Nagaland,22.648387096774194,1196.4,1.3819354838709679,-71.4483870967742,0,7.451612903225806,437197.0,50.24193548387097,7.767741935483872,105.44193548387096,5039.5161290322585,309779.9032258064,5.992580645161291,5.696129032258065,10.603225806451613,59736.8064516129,10.117096774193548,9.324193548387097,11.365483870967742,30.806774193548385,2025-12
Odisha,22.325806451612905,903.0,0.7935483870967742,-69.19032258064516,0,7.290322580645161,122182.0,49.148387096774194,7.767741935483872,111.61612903225806,5019.258064516129,206143.51612903227,8.463548387096774,5.704516129032259,10.564516129032258,58975.51612903226,9.434193548387096,9.291935483870969,13.088064516129032,31.814193548387095,2025-01
Odisha,23.832142857142856,824.3,0.4082142857142857,-68.86785714285715,0,7.464285714285714,110247.0,50.15714285714286,7.839285714285714,104.92142857142858,4896.25,206352.07142857142,8.48607142857143,5.803214285714286,10.085714285714285,60087.892857142855,9.181785714285713,9.360357142857142,13.026428571428571,31.568571428571428,2025-02
Odisha,26.154838709677417,854.0,0.8135483870967741,-70.85483870967742,0,7.935483870967742,345236.0,51.358064516129026,7.919354838709677,114.23225806451612,4909.4838709677415,206865.51612903227,8.604516129032259,5.71225806451613,10.774193548387096,61177.77419354839,9.856129032258066,9.567096774193548,13.251290322580646,32.674516129032256,2025-03
Odisha,28.596666666666668,826.4,1.005,-70.86333333333333,0,7.433333333333334,324678.0,48.17666666666666,7.886666666666667,111.08333333333333,5078.333333333333,206212.6,8.488000000000001,5.912999999999999,10.196666666666665,57927.566666666666,9.764666666666667,9.466333333333333,13.142666666666665,32.373666666666665,2025-04
Odisha,31.296774193548387,874.0,0.8158064516129032,-70.18387096774192,0,7.193548387096774,352924.0,50.46451612903226,7.751612903225807,111.97096774193548,4931.645161290323,206451.51612903227,8.51741935483871,5.828387096774194,10.709677419354838,61068.354838709674,9.453225806451613,9.174193548387096,13.253548387096775,31.880967741935482,2025-05
Odisha,31.346666666666668,9751.8,0.6679999999999999,243.76999999999998,0,0.0,118112.0,46.980000000000004,4.096666666666667,111.02333333333333,4878.433333333333,206206.73333333334,8.507,5.669333333333333,10.379999999999999,61966.166666666664,14.412666666666667,4.292,13.038333333333332,31.743000000000002,2025-06
Odisha,31.0258064516129,10181.8,0.9974193548387097,247.3548387096774,0,0.0,118259.0,50.270967741935486,4.161290322580645,108.70645161290322,5214.387096774193,205282.83870967742,8.593870967741937,5.929032258064517,10.841935483870968,57715.645161290326,14.865483870967742,4.154516129032258,13.419677419354839,32.43967741935484,2025-07
Odisha,29.35483870967742,10920.4,0.44290322580645164,272.5516129032258,0,0.0,119197.0,49.038709677419355,4.0,109.99677419354839,5108.677419354839,207020.4193548387,8.58258064516129,5.683548387096774,10.470967741935485,59925.1935483871,15.662258064516129,4.150967741935484,13.128064516129031,32.94129032258064,2025-08
Odisha,27.223333333333336,9888.0,1.1909999999999998,248.56,0,0.0,123229.0,49.61333333333334,3.966666666666667,112.29333333333334,5030.666666666667,206726.36666666667,8.514000000000001,5.769666666666667,10.823333333333332,60852.8,15.088,4.106,13.246666666666668,32.440666666666665,2025-09
Odisha,23.983870967741936,3462.5,0.915483870967742,18.10967741935484,0,0.0,425547.0,49.880645161290325,3.8161290322580643,111.18709677419355,4902.419354838709,207000.70967741936,8.504516129032258,5.553870967741935,10.358064516129033,57882.67741935484,3.487741935483871,4.034193548387097,12.947096774193549,20.469032258064516,2025-10
Odisha,22.543333333333333,3289.6,0.5936666666666667,15.966666666666667,0,0.0,414328.0,48.37,4.12,111.84333333333333,5181.266666666666,205744.3,8.556333333333333,5.835,10.206666666666667,62863.03333333333,3.1783333333333332,4.234666666666667,13.135333333333334,20.548333333333332,2025-11
Odisha,21.6,874.5,1.1445161290322579,-70.16774193548386,0,7.451612903225806,419342.0,49.92580645161291,7.841935483870968,114.96774193548387,5143.354838709677,207124.0,8.537741935483872,5.861612903225807,10.516129032258064,61764.25806451613,9.855806451612903,9.363870967741935,13.235806451612904,32.45548387096774,2025-12
Puducherry,16.674193548387095,933.8,0.8735483870967743,-71.3258064516129,0,7.806451612903226,36668.0,48.438709677419354,7.458064516129032,106.91612903225807,5125.322580645161,163837.35483870967,8.098709677419356,5.60741935483871,10.44516129032258,60988.93548387097,9.864193548387098,9.463548387096774,12.729354838709678,32.05709677419355,2025-01
Puducherry,18.607142857142858,891.6,0.4967857142857143,-69.67857142857143,0,7.285714285714286,35228.0,49.4,7.771428571428571,100.72500000000001,4949.75,163947.85714285713,8.134642857142856,5.816071428571428,11.103571428571428,60696.5,9.208928571428572,9.280357142857143,13.098928571428571,31.588214285714287,2025-02
Puducherry,21.038709677419355,982.5,1.246451612903226,-69.81612903225808,0,7.193548387096774,107504.0,51.093548387096774,7.641935483870968,111.66451612903225,5049.612903225807,164516.64516129033,8.040322580645162,5.635483870967741,10.316129032258065,60612.54838709677,9.793225806451613,9.097741935483871,12.668709677419356,31.55967741935484,2025-03
Puducherry,23.763333333333332,936.6,0.4166666666666667,-70.26333333333334,0,6.9,107791.0,50.80333333333333,7.506666666666666,109.63666666666667,4914.233333333334,164588.8,8.049666666666667,5.548,10.456666666666667,59665.36666666667,8.977666666666666,8.914,12.652666666666667,30.544333333333334,2025-04
Puducherry,25.47741935483871,1047.4,0.88,-67.8225806451613,0,7.096774193548387,108543.0,50.86774193548387,7.767741935483872,114.16774193548386,5041.967741935484,164297.0,8.04258064516129,5.537096774193548,10.683870967741935,60787.48387096774,9.338709677419354,9.113870967741935,12.709999999999999,31.16258064516129,2025-05
Puducherry,26.636666666666667,11075.4,0.8046666666666666,251.47666666666666,0,0.0,36314.0,48.92666666666666,4.233333333333333,111.35,4923.3,164614.56666666668,8.083,5.915666666666667,10.713333333333333,59436.76666666667,14.910666666666666,4.246666666666667,13.011666666666667,32.169,2025-06
Puducherry,26.40967741935484,11395.9,0.9270967741935483,249.9774193548387,0,0.0,38723.0,50.619354838709675,3.958064516129032,108.85161290322581,5114.290322580645,164466.96774193548,8.150967741935483,5.6735483870967744,10.506451612903225,61250.41935483871,14.938064516129032,4.049354838709678,12.827741935483871,31.815161290322582,2025-07
Puducherry,24.683870967741935,10926.7,0.9909677419354839,235.5677419354839,0,0.0,38595.0,50.900000000000006,4.093548387096774,104.77741935483871,4904.580645161291,164318.38709677418,8.06741935483871,5.730967741935483,10.612903225806452,58698.32258064516,14.271612903225806,4.0929032258064515,12.84258064516129,31.207096774193545,2025-08
Puducherry,22.086666666666666,11103.3,0.894,252.35333333333335,0,0.0,37917.0,49.46,3.8866666666666663,108.54666666666667,4984.1,163944.1,7.976333333333333,5.670333333333334,10.486666666666668,57067.433333333334,15.030333333333335,4.079666666666666,12.695666666666666,31.805666666666667,2025-09
Puducherry,19.274193548387096,3937.3,1.028709677419355,20.929032258064513,0,0.0,135961.0,48.66451612903226,4.119354838709677,105.98064516129033,5127.548387096775,163988.64516129033,8.040322580645162,5.607741935483871,10.438709677419356,62471.967741935485,3.7241935483870967,4.219677419354839,12.683870967741935,20.62774193548387,2025-10
Puducherry,17.67,4035.3,1.1460000000000001,28.053333333333335,0,0.0,132706.0,49.66,4.173333333333334,110.52666666666667,5013.433333333333,164453.9,8.04,5.6033333333333335,10.656666666666666,59560.03333333333,4.111,4.185333333333333,12.747666666666667,21.044,2025-11
Puducherry,16.45806451612903,948.8,0.9087096774193549,-70.8483870967742,0,7.290322580645161,133295.0,51.03548387096774,7.725806451612903,108.7709677419355,4987.935483870968,164040.70967741936,7.943225806451613,5.586774193548387,10.567741935483872,59513.93548387097,9.612580645161291,9.180967741935484,12.639032258064516,31.432580645161295,2025-12
Punjab,28.490322580645163,341.9,1.0635483870967741,-68.8258064516129,0,7.741935483870968,298768.0,50.483870967741936,7.848387096774194,104.96129032258065,5070.451612903225,308624.1935483871,5.954193548387098,5.84741935483871,10.712903225806452,63277.096774193546,9.864516129032259,9.485483870967743,11.473225806451614,30.823225806451617,2025-01
Punjab,30.196428571428573,305.4,0.1992857142857143,-69.17857142857143,0,7.071428571428571,269863.0,49.232142857142854,7.546428571428572,113.75714285714285,4932.357142857143,309366.14285714284,5.925357142857143,5.5164285714285715,10.817857142857141,59126.107142857145,8.827142857142857,9.093571428571428,11.257499999999999,29.178214285714283,2025-02
Punjab,32.35806451612903,340.7,0.8180645161290322,-68.96774193548387,0,7.258064516129032,852094.0,51.44193548387097,7.683870967741935,107.68709677419355,4991.451612903225,309977.96774193546,5.902258064516129,5.8022580645161295,10.790322580645162,56919.41935483871,9.425483870967742,9.129677419354838,11.429677419354839,29.98483870967742,2025-03
Punjab,34.28,311.8,0.925,-70.62666666666668,0,6.833333333333333,807474.0,49.43,7.513333333333334,109.1,5069.966666666666,309508.3333333333,5.911333333333333,5.889333333333334,10.366666666666667,58710.7,9.386333333333333,8.945333333333334,11.372000000000002,29.70366666666667,2025-04
Punjab,36.78064516129032,320.9,0.905483870967742,-70.73225806451612,24,7.67741935483871,885873.0,49.564516129032256,7.816129032258065,112.57096774193549,4997.580645161291,309427.70967741933,5.998709677419355,5.671290322580645,10.519354838709678,57580.032258064515,10.350000000000001,9.488709677419354,11.326451612903226,31.16516129032258,2025-05
Punjab,37.74666666666667,3747.4,1.0186666666666668,253.03,59,0.0,287602.0,50.85666666666667,4.58,106.45666666666666,5011.5,309108.06666666665,5.932666666666666,5.752666666666667,10.53,59677.7,16.57133333333333,4.290333333333334,11.336666666666668,32.19833333333333,2025-06
Punjab,37.038709677419355,3847.8,1.6858064516129032,250.81935483870967,0,0.0,304151.0,49.667741935483875,4.077419354838709,111.76129032258065,4818.387096774193,310337.22580645164,5.940967741935483,5.615483870967743,10.638709677419355,58480.903225806454,15.610967741935484,4.15,11.280645161290321,31.041612903225804,2025-07
Punjab,35.983870967741936,3748.4,0.9164516129032259,241.73225806451612,0,0.0,312910.0,50.251612903225805,3.8419354838709676,109.41612903225807,5119.032258064516,308554.29032258067,5.952258064516129,5.788387096774193,10.399999999999999,60473.6129032258,14.516774193548386,4.0287096774193545,11.338387096774193,29.883870967741935,2025-08
Punjab,33.07,3729.7,1.5710000000000002,251.36,0,0.0,297249.0,50.45666666666667,4.319999999999999,113.01666666666667,4807.166666666667,309408.23333333334,5.872333333333333,5.944,10.426666666666668,58028.36666666667,15.543666666666667,4.205,11.4,31.148666666666664,2025-09
Punjab,31.048387096774192,1302.9,0.5374193548387097,18.787096774193547,0,0.0,1055860.0,50.15161290322581,4.0612903225806445,107.08709677419354,4816.4838709677415,309207.06451612903,5.9796774193548385,5.60258064516129,10.596774193548388,58293.903225806454,3.2338709677419355,4.1174193548387095,11.283225806451615,18.63451612903226,2025-10
Punjab,28.64333333333333,1246.6,1.1666666666666667,17.42,0,0.0,1013496.0,51.57333333333334,3.86,107.49666666666667,4904.666666666667,309585.2,5.989000000000001,5.793333333333334,10.366666666666667,59948.46666666667,3.7963333333333336,3.9686666666666666,11.356666666666666,19.121666666666666,2025-11
Punjab,28.02258064516129,338.4,0.7283870967741934,-69.13225806451612,0,7.419354838709677,1045052.0,49.92258064516129,7.596774193548387,108.45161290322581,4909.8387096774195,310672.29032258067,5.946774193548387,5.851935483870967,10.64516129032258,61251.54838709677,9.44,9.251290322580646,11.454193548387096,30.14548387096774,2025-12
Rajasthan,27.580645161290324,325.8,1.312258064516129,-71.05483870967741,0,7.838709677419355,143947.0,48.809677419354834,8.04516129032258,109.94516129032259,4991.580645161291,310194.3870967742,6.038064516129032,5.596451612903226,10.819354838709677,61579.3870967742,10.232903225806453,9.7,11.389354838709677,31.322258064516127,2025-01
Rajasthan,28.946428571428573,292.2,1.2449999999999999,-71.27142857142857,0,7.428571428571429,132767.0,50.739285714285714,7.678571428571429,104.13214285714285,5151.678571428572,309895.96428571426,5.9875,5.6032142857142855,10.725,60584.607142857145,9.983214285714284,9.245714285714286,11.331785714285715,30.560714285714283,2025-02
Rajasthan,31.393548387096775,335.6,1.2383870967741937,-70.1516129032258,0,7.870967741935484,414203.0,50.71935483870968,8.016129032258064,108.94193548387096,4898.4838709677415,309840.03225806454,6.120967741935484,5.7051612903225815,10.606451612903227,60322.354838709674,10.140967741935484,9.604516129032259,11.46032258064516,31.2058064516129,2025-03
Rajasthan,33.32,355.2,1.3553333333333333,-67.4,0,7.933333333333334,390677.0,48.67666666666666,7.680000000000001,109.3,5055.7,310204.9,6.018,5.943666666666667,10.536666666666667,61478.8,10.132,9.604666666666667,11.533666666666667,31.270333333333333,2025-04
Rajasthan,36.20645161290323,341.0,1.2287096774193549,-69.70645161290322,10,7.645161290322581,398388.0,49.541935483870965,8.064516129032258,107.55806451612904,4948.419354838709,309638.03225806454,6.148064516129033,5.872580645161291,10.261290322580646,63046.354838709674,10.228387096774194,9.57,11.49,31.288387096774194,2025-05
Rajasthan,36.663333333333334,3675.8,1.0223333333333333,237.47333333333333,30,0.0,137064.0,47.41,4.54,112.24666666666667,4836.466666666666,309970.86666666664,6.138999999999999,5.785666666666667,10.29,59357.933333333334,15.107666666666667,4.449,11.435333333333334,30.991999999999997,2025-06
Rajasthan,35.935483870967744,3910.2,1.1074193548387097,247.40967741935484,0,0.0,142718.0,52.33870967741935,3.9129032258064513,107.37096774193549,4981.548387096775,309111.4193548387,6.094516129032258,5.6087096774193546,10.696774193548388,59769.709677419356,14.959032258064516,3.948709677419355,11.402258064516129,30.31,2025-07
Rajasthan,34.75806451612903,4033.6,0.585483870967742,258.35806451612905,0,0.0,143520.0,50.52903225806452,3.735483870967742,108.18387096774192,4823.580645161291,309527.93548387097,6.122258064516129,5.787096774193548,10.306451612903226,58554.6129032258,15.072258064516129,3.9664516129032257,11.428709677419356,30.46741935483871,2025-08
Rajasthan,31.740000000000002,3941.2,0.7419999999999999,261.81,0,0.0,138214.0,51.75,4.1,109.55666666666666,4827.433333333333,310887.7,5.936000000000001,5.665333333333334,10.47,61364.7,15.375333333333334,4.055666666666666,11.264000000000001,30.695,2025-09
Rajasthan,29.20967741935484,1364.3,1.397741935483871,21.216129032258067,0,0.0,504580.0,50.935483870967744,4.067741935483871,105.25161290322582,5197.032258064516,309563.7419354839,6.11,5.708064516129032,10.82258064516129,59797.45161290323,4.1174193548387095,4.078387096774193,11.519677419354839,19.71548387096774,2025-10
Rajasthan,27.41,1275.4,0.862,17.096666666666668,0,0.0,481029.0,50.25,4.01,115.61666666666666,4985.466666666666,309741.13333333336,6.155,5.725666666666667,10.469999999999999,57750.46666666667,3.3633333333333337,4.089666666666667,11.457666666666666,18.910666666666668,2025-11
Rajasthan,27.106451612903225,318.3,1.4896774193548388,-71.70645161290322,0,7.838709677419355,503021.0,50.83870967741935,7.790322580645161,113.40967741935484,5022.645161290323,308989.1935483871,6.039677419354838,5.7938709677419356,11.093548387096773,58979.8064516129,10.413870967741936,9.494193548387097,11.610645161290323,31.518709677419352,2025-12
Sikkim,10.074193548387097,1097.7,1.5212903225806451,-70.0516129032258,0,7.32258064516129,131477.0,49.13548387096775,7.670967741935484,111.56774193548387,4975.935483870968,309193.8064516129,6.091290322580646,5.813548387096774,10.706451612903225,62293.67741935484,10.099677419354839,9.272258064516128,11.547096774193548,30.919032258064515,2025-01
Sikkim,12.021428571428572,935.4,1.1721428571428572,-71.76071428571429,0,7.571428571428571,116240.0,51.146428571428565,7.821428571428571,110.57857142857142,4865.607142857143,309272.14285714284,6.024285714285715,5.776071428571428,10.685714285714285,56805.392857142855,10.018214285714285,9.353571428571428,11.4625,30.834285714285713,2025-02
Sikkim,14.180645161290323,1082.3,1.2999999999999998,-70.49032258064516,0,7.967741935483871,370488.0,50.274193548387096,8.083870967741936,109.5,5004.322580645161,309941.29032258067,6.040322580645161,5.733870967741935,10.138709677419355,57018.903225806454,10.257741935483871,9.701290322580645,11.281935483870969,31.240967741935485,2025-03
Sikkim,16.856666666666666,1120.2,0.8586666666666667,-68.42,0,7.5,359459.0,49.18,7.613333333333333,109.68333333333334,5038.1,310682.1666666667,5.962000000000001,5.633333333333334,10.56,60946.46666666667,9.554333333333334,9.337333333333333,11.283333333333333,30.174999999999997,2025-04
Sikkim,18.53548387096774,1110.4,1.4041935483870969,-69.70645161290322,0,7.548387096774194,365148.0,49.8,8.161290322580646,113.78387096774195,4978.548387096775,309824.32258064515,6.0119354838709675,5.860645161290323,10.548387096774194,62198.58064516129,10.096129032258066,9.548387096774194,11.473225806451614,31.117741935483878,2025-05
Sikkim,19.543333333333333,12138.5,0.4666666666666667,242.12,0,0.0,126415.0,49.28666666666666,3.9833333333333334,105.11333333333333,5045.033333333334,309409.76666666666,6.002666666666667,5.624333333333333,10.69,59677.9,14.159666666666668,4.1290000000000004,11.345333333333334,29.634,2025-06
Sikkim,18.57741935483871,12888.1,1.2448387096774194,251.53548387096777,0,0.0,128681.0,51.622580645161285,4.0,107.18064516129031,4970.935483870968,308420.70967741933,5.870322580645161,5.747096774193548,10.7,59538.290322580644,15.28032258064516,4.018709677419355,11.34,30.639032258064514,2025-07
Sikkim,17.39032258064516,13144.4,0.6183870967741935,258.53225806451616,0,0.0,133559.0,48.332258064516125,4.219354838709678,111.93225806451613,5113.5161290322585,309122.6129032258,6.031935483870968,5.663225806451613,10.52258064516129,58438.354838709674,15.108064516129033,4.2703225806451615,11.344193548387098,30.722580645161294,2025-08
Sikkim,14.78,12241.5,1.1593333333333333,245.04,0,0.0,125914.0,49.669999999999995,4.096666666666667,110.00666666666666,4894.166666666667,311024.4666666667,5.944,5.634666666666666,10.81,58342.3,14.885,4.158333333333333,11.342333333333332,30.385666666666665,2025-09
Sikkim,11.741935483870968,4580.4,1.308709677419355,24.94193548387097,0,0.0,467609.0,50.50967741935484,4.074193548387097,112.4,4928.225806451613,309481.4193548387,5.966774193548387,5.618709677419355,10.151612903225805,57572.709677419356,4.074838709677419,4.104838709677419,11.154516129032258,19.3341935483871,2025-10
Sikkim,10.363333333333333,4293.9,1.0543333333333333,21.029999999999998,0,0.0,440881.0,50.15333333333333,4.053333333333333,112.43333333333334,4977.233333333334,310363.73333333334,5.978,5.682333333333333,10.723333333333333,61509.833333333336,3.7060000000000004,4.11,11.378666666666668,19.19466666666667,2025-11
Sikkim,9.264516129032257,1135.6,1.2006451612903226,-69.02580645161291,0,7.161290322580645,452997.0,49.37419354838709,7.209677419354839,115.41290322580646,4924.709677419355,310054.93548387097,6.03483870967742,5.572258064516129,10.519354838709678,62348.290322580644,9.699354838709677,8.995483870967742,11.28032258064516,29.975161290322582,2025-12
Tamil Nadu,24.174193548387095,1979.8999999999999,0.6912903225806452,-71.24193548387096,0,7.645161290322581,103049.0,49.400000000000006,7.748387096774193,110.79677419354839,4987.322580645161,516701.03225806454,4.2293548387096775,5.636451612903225,10.67741935483871,60624.51612903226,9.627096774193548,9.455483870967742,10.111935483870969,29.19451612903226,2025-01
Tamil Nadu,24.989285714285717,1950.1,1.4307142857142858,-68.65,0,7.285714285714286,94464.0,50.300000000000004,7.821428571428571,110.62857142857142,4987.714285714285,516533.3214285714,4.2542857142857144,5.734285714285714,9.978571428571428,61409.46428571428,9.933571428571428,9.255714285714287,9.982857142857142,29.17214285714286,2025-02
Tamil Nadu,27.687096774193545,1999.2,0.8703225806451613,-70.96774193548387,0,8.193548387096774,290729.0,49.08387096774193,8.345161290322581,104.8225806451613,5029.4838709677415,516067.77419354836,4.233548387096774,5.74483870967742,10.154838709677419,58512.06451612903,10.036451612903226,9.980967741935485,10.030645161290321,30.04806451612903,2025-03
Tamil Nadu,30.27,1914.6,0.997,-71.26,0,7.833333333333333,272640.0,50.57333333333334,7.916666666666667,110.75,5066.1,515088.9666666667,4.211,5.782,10.32,59028.86666666667,9.977,9.557666666666668,10.091333333333333,29.625999999999998,2025-04
Tamil Nadu,32.15161290322581,2111.9,1.1070967741935485,-69.3225806451613,0,7.161290322580645,279187.0,50.690322580645166,7.674193548387097,112.02580645161291,4943.258064516129,514756.3870967742,4.242903225806452,5.784516129032258,10.106451612903227,60144.67741935484,9.635806451612902,9.113225806451613,10.050967741935484,28.8,2025-05
Tamil Nadu,32.85666666666667,23310.7,1.1026666666666667,249.86,0,0.0,100464.0,50.193333333333335,4.243333333333333,108.21666666666667,5142.1,515831.3333333333,4.322666666666667,5.622333333333334,10.753333333333334,60740.6,15.079333333333333,4.188,10.186,29.453333333333333,2025-06
Tamil Nadu,32.596774193548384,24601.8,1.2996774193548386,257.33870967741933,0,0.0,105443.0,50.54516129032258,4.096774193548387,111.51935483870967,4881.935483870968,516750.93548387097,4.314193548387097,5.6651612903225805,10.541935483870969,61044.58064516129,15.616129032258065,4.113870967741936,10.146451612903226,29.876451612903224,2025-07
Tamil Nadu,31.03548387096774,23986.4,0.9896774193548387,248.3967741935484,0,0.0,102514.0,48.619354838709675,3.903225806451613,114.91612903225807,5153.4838709677415,515566.4193548387,4.243225806451613,5.658387096774193,10.69032258064516,58479.096774193546,14.910967741935485,4.134193548387096,10.133870967741935,29.179032258064517,2025-08
Tamil Nadu,28.423333333333336,21772.1,0.8633333333333334,226.77,0,0.0,100902.0,50.10333333333333,3.81,107.42,4880.2,514238.8,4.229333333333333,5.745333333333334,10.553333333333335,62391.433333333334,13.726333333333335,4.016333333333333,10.147,27.88966666666667,2025-09
Tamil Nadu,26.219354838709677,8189.9,0.8564516129032258,18.961290322580645,0,0.0,357571.0,49.58064516129032,3.9096774193548387,108.62258064516129,4913.322580645161,514399.51612903224,4.271935483870968,6.055483870967742,10.332258064516129,59805.87096774193,3.486774193548387,4.082903225806452,10.329032258064515,17.898709677419355,2025-10
Tamil Nadu,24.246666666666666,7961.7,1.2893333333333332,19.5,0,0.0,338703.0,50.24,4.11,110.40333333333334,5140.966666666666,516684.9666666667,4.177333333333333,5.707666666666666,10.183333333333334,59959.2,3.7976666666666667,4.130333333333334,9.974666666666668,17.90266666666667,2025-11
Tamil Nadu,23.38064516129032,2024.4,0.5641935483870968,-70.60645161290323,0,7.548387096774194,370778.0,50.377419354838715,7.667741935483871,112.0741935483871,5101.419354838709,516244.2580645161,4.253225806451613,5.736129032258065,10.380645161290323,59328.16129032258,9.44032258064516,9.323548387096773,10.105806451612903,28.869677419354836,2025-12
Telangana,22.393548387096775,915.9,0.7683870967741936,-71.57096774193548,0,7.548387096774194,119858.0,48.90967741935484,7.645161290322581,111.01290322580645,5069.870967741936,309649.93548387097,6.134516129032258,5.65258064516129,10.432258064516128,60974.83870967742,9.659032258064517,9.387096774193548,11.381290322580645,30.42741935483871,2025-01
Telangana,24.585714285714285,888.9,0.2592857142857143,-69.45714285714286,0,7.5,113459.0,50.525,7.489285714285714,110.85714285714286,5134.821428571428,309809.21428571426,6.143928571428572,5.859285714285714,10.539285714285715,59045.71428571428,9.105,9.218928571428572,11.5625,29.886428571428574,2025-02
Telangana,27.070967741935487,1014.2,0.952258064516129,-68.52903225806452,0,7.387096774193548,355446.0,50.251612903225805,7.812903225806451,113.85806451612903,5158.419354838709,308377.29032258067,6.182258064516129,5.8993548387096775,10.758064516129032,59796.709677419356,9.579354838709676,9.30516129032258,11.686451612903225,30.570967741935483,2025-03
Telangana,29.040000000000003,935.5,0.30833333333333335,-70.01666666666667,0,7.8,331185.0,51.43333333333333,8.106666666666666,114.85,5088.066666666667,310168.5,6.139666666666667,5.527333333333333,10.93,59644.23333333333,9.323333333333332,9.570333333333334,11.448666666666666,30.342333333333336,2025-04
Telangana,31.26451612903226,980.7,0.6848387096774193,-69.5516129032258,0,7.483870967741935,342165.0,51.274193548387096,7.896774193548388,106.85806451612903,4865.4838709677415,310432.3548387097,6.070322580645161,5.818064516129032,10.370967741935484,58448.16129032258,9.45774193548387,9.333870967741936,11.433548387096774,30.22516129032258,2025-05
Telangana,32.29333333333333,11665.0,1.0796666666666668,274.0933333333333,0,0.0,122809.0,49.019999999999996,3.9733333333333336,106.35666666666665,4916.933333333333,309693.5333333333,6.244666666666666,5.619,10.483333333333333,62060.8,16.272333333333332,4.142666666666667,11.448666666666666,31.863666666666667,2025-06
Telangana,32.28387096774193,10563.9,1.617741935483871,227.8483870967742,0,0.0,127626.0,49.07096774193548,4.141935483870968,114.02258064516128,5080.548387096775,310220.67741935485,6.11483870967742,5.708709677419355,10.287096774193548,57424.51612903226,14.406451612903227,4.204516129032259,11.361290322580645,29.972258064516133,2025-07
Telangana,30.151612903225807,11401.8,1.0312903225806453,253.86451612903227,0,0.0,120543.0,50.55806451612903,4.15483870967742,112.08387096774193,5141.903225806452,310268.29032258067,6.105483870967742,5.621290322580645,10.629032258064516,56846.41935483871,15.219032258064518,4.134516129032257,11.398387096774194,30.75193548387097,2025-08
Telangana,26.93,10374.7,0.6586666666666667,232.7133333333333,0,0.0,115121.0,49.41,4.1066666666666665,109.91000000000001,5106.9,309898.8,6.117999999999999,5.843666666666667,11.203333333333335,57053.433333333334,13.851333333333333,4.170333333333334,11.734333333333332,29.756,2025-09
Telangana,24.812903225806455,3698.6,1.0951612903225807,14.777419354838708,0,0.0,415063.0,48.62580645161291,3.841935483870968,103.89032258064516,4857.032258064516,309159.22580645164,6.098064516129032,5.596774193548387,10.829032258064515,61937.1935483871,3.5335483870967743,4.106451612903226,11.432580645161291,19.072580645161292,2025-10
Telangana,23.076666666666664,3651.4,0.9943333333333334,17.113333333333333,0,0.0,411399.0,49.763333333333335,4.016666666666667,108.90666666666667,4954.3,309593.06666666665,6.142333333333334,5.948333333333333,9.953333333333335,58282.433333333334,3.6623333333333337,4.115666666666667,11.450666666666667,19.22866666666667,2025-11
Telangana,21.983870967741936,989.5,1.1974193548387095,-69.30645161290323,0,7.580645161290323,423728.0,49.851612903225806,7.909677419354838,107.19677419354838,5047.387096774193,309338.3870967742,6.180645161290323,5.585161290322581,10.416129032258064,61112.16129032258,9.919032258064517,9.459354838709677,11.360967741935484,30.73935483870968,2025-12
Tripura,20.47741935483871,2686.4,0.40354838709677415,-71.0741935483871,0,7.354838709677419,116864.0,49.061290322580646,7.638709677419355,107.41935483870968,5010.4838709677415,310530.0967741936,6.189032258064516,5.916774193548386,10.635483870967741,59452.32258064516,9.233870967741936,9.276451612903225,11.665483870967742,30.1758064516129,2025-01
Tripura,21.810714285714287,2608.5,0.7196428571428571,-68.9,0,7.214285714285714,98070.0,50.125,7.542857142857143,117.61428571428573,4947.642857142857,310926.1785714286,6.0878571428571435,5.7124999999999995,10.678571428571429,57486.5,9.316428571428572,9.120714285714286,11.462857142857143,29.900000000000002,2025-02
Tripura,23.91290322580645,2802.9,1.3096774193548388,-69.80645161290323,0,7.258064516129032,318739.0,49.66129032258065,7.622580645161291,109.16451612903225,5104.935483870968,310205.3870967742,6.271935483870968,5.9070967741935485,10.7,61881.48387096774,9.879032258064516,9.195806451612903,11.736451612903226,30.811290322580646,2025-03
Tripura,26.69333333333333,2850.1,1.331,-68.27666666666667,0,7.9,306204.0,49.85666666666667,7.846666666666667,107.13666666666667,5167.933333333333,309909.0333333333,6.114,5.753,10.516666666666667,62990.5,10.139333333333333,9.593333333333334,11.460666666666667,31.193333333333335,2025-04
Tripura,28.293548387096774,2725.7,0.9464516129032258,-70.63548387096773,0,6.967741935483871,324449.0,49.83870967741935,7.570967741935483,109.71612903225805,4938.032258064516,309582.51612903224,6.202903225806451,5.829354838709678,10.600000000000001,59437.41935483871,9.471612903225807,9.019677419354839,11.600322580645162,30.09161290322581,2025-05
Tripura,29.14,30297.2,0.8843333333333334,237.22333333333333,0,0.0,109327.0,48.85333333333333,3.7133333333333334,108.84666666666666,5111.7,310606.86666666664,6.1290000000000004,5.584666666666666,10.55,59326.53333333333,14.264666666666667,4.044,11.361666666666668,29.670333333333335,2025-06
Tripura,28.88064516129032,30644.5,1.3680645161290323,230.08064516129033,0,0.0,111666.0,51.70645161290323,4.012903225806451,113.02580645161291,5045.354838709677,309305.3548387097,6.23258064516129,6.045806451612902,10.654838709677419,61534.0,14.309354838709677,4.021290322580645,11.791935483870969,30.12258064516129,2025-07
Tripura,27.570967741935487,32546.4,1.2983870967741935,250.5677419354839,0,0.0,113684.0,49.751612903225805,3.693548387096774,111.08064516129032,4899.903225806452,310342.8387096774,6.156451612903226,5.623225806451613,10.683870967741935,59641.32258064516,15.276451612903225,3.9899999999999998,11.451612903225806,30.718064516129033,2025-08
Tripura,24.740000000000002,31305.6,1.4140000000000001,248.43333333333334,0,0.0,107913.0,49.919999999999995,3.94,110.46666666666667,5083.966666666666,310918.1666666667,6.200666666666667,5.708,10.906666666666666,59232.933333333334,15.266666666666667,4.0793333333333335,11.610333333333333,30.956333333333333,2025-09
Tripura,22.69677419354839,10877.1,1.497741935483871,17.16774193548387,0,0.0,398280.0,49.52903225806452,3.8870967741935485,110.23548387096774,4890.8387096774195,308760.0,6.232903225806451,5.851612903225806,9.851612903225806,60330.25806451613,4.037419354838709,4.075161290322581,11.411612903225807,19.524193548387096,2025-10
Tripura,20.46333333333333,10754.1,0.8026666666666666,19.69333333333333,0,0.0,394587.0,50.56333333333334,4.016666666666667,111.91333333333334,4845.066666666667,310004.2,6.171666666666667,6.0103333333333335,10.506666666666666,61442.96666666667,3.584,4.078666666666667,11.679666666666666,19.342333333333332,2025-11
Tripura,19.716129032258067,2796.8,1.4593548387096775,-69.88387096774194,0,7.354838709677419,396561.0,48.23870967741936,7.877419354838709,109.41935483870968,5036.129032258064,309999.4193548387,6.199677419354838,5.619677419354839,10.693548387096774,60288.645161290326,10.053870967741936,9.41709677419355,11.481612903225807,30.95258064516129,2025-12
Uttar Pradesh,24.11935483870968,1232.7,0.8961290322580645,-70.22258064516129,0,7.645161290322581,278490.0,49.645161290322584,7.629032258064516,110.23548387096774,5088.580645161291,206558.64516129033,8.61741935483871,5.597741935483871,10.493548387096775,60685.16129032258,9.74709677419355,9.392903225806451,13.099354838709678,32.23935483870968,2025-01
Uttar Pradesh,25.435714285714287,1142.3,1.3460714285714286,-69.45714285714286,0,6.75,259769.0,49.46785714285714,7.485714285714286,114.07142857142857,4988.714285714285,206247.5357142857,8.459285714285715,5.8028571428571425,10.592857142857143,62809.07142857143,9.635714285714286,8.895357142857142,13.159285714285714,31.690357142857145,2025-02
Uttar Pradesh,27.161290322580644,1275.0,0.8693548387096774,-69.19677419354838,0,7.387096774193548,801201.0,52.403225806451616,7.854838709677419,111.06129032258065,5077.903225806452,206020.4516129032,8.564838709677419,5.686451612903226,10.551612903225807,62587.25806451613,9.545483870967743,9.215483870967741,13.141612903225806,31.90258064516129,2025-03
Uttar Pradesh,30.253333333333334,1224.5,1.552,-69.43,0,7.833333333333333,765351.0,49.53333333333333,7.973333333333333,112.14333333333335,5072.233333333334,206444.1,8.571333333333333,5.625333333333333,9.946666666666665,61096.23333333333,10.348333333333333,9.626333333333333,12.923,32.897666666666666,2025-04
Uttar Pradesh,32.170967741935485,1184.3,1.6141935483870968,-71.38709677419355,0,7.096774193548387,799343.0,49.26451612903226,7.554838709677419,113.81290322580645,5075.096774193548,206724.2258064516,8.630967741935484,5.800645161290323,10.283870967741937,62091.83870967742,10.130645161290323,9.10483870967742,13.185483870967742,32.420967741935485,2025-05
Uttar Pradesh,32.75333333333334,13670.5,1.05,241.27333333333334,0,0.0,270084.0,48.45,3.9233333333333333,117.07333333333332,5012.4,206442.06666666668,8.598666666666666,5.677333333333333,10.633333333333333,59711.066666666666,14.604666666666667,4.149,13.184,31.937666666666665,2025-06
Uttar Pradesh,32.458064516129035,14160.6,0.7174193548387097,242.1032258064516,0,0.0,271995.0,49.92903225806452,3.9967741935483874,110.51290322580645,4837.5161290322585,206231.90322580645,8.526451612903225,5.817096774193549,10.648387096774194,59518.903225806454,14.370000000000001,4.104838709677419,13.23741935483871,31.71225806451613,2025-07
Uttar Pradesh,30.938709677419357,14693.3,0.5180645161290323,254.97096774193548,0,0.0,286056.0,48.92903225806452,3.7806451612903227,110.65806451612903,5062.612903225807,206136.29032258064,8.551612903225807,5.5925806451612905,10.464516129032257,59579.93548387097,14.848709677419356,4.063548387096774,13.04258064516129,31.95483870967742,2025-08
Uttar Pradesh,28.28666666666667,14270.5,0.534,256.24666666666667,0,0.0,275212.0,51.46666666666667,3.8400000000000003,108.24666666666667,5029.933333333333,206632.46666666667,8.587,5.691,10.366666666666667,59442.76666666667,14.924666666666667,3.9656666666666665,13.103666666666667,31.994,2025-09
Uttar Pradesh,25.66774193548387,4821.1,1.0196774193548388,16.470967741935485,0,0.0,956296.0,50.7,4.274193548387097,106.80967741935484,5075.258064516129,206839.93548387097,8.534516129032259,5.8590322580645156,10.838709677419354,60168.0,3.633225806451613,4.170645161290322,13.327096774193548,21.130967741935482,2025-10
Uttar Pradesh,24.05666666666667,4670.7,0.8803333333333333,16.603333333333335,0,0.0,938166.0,50.18,4.256666666666667,106.23,4952.766666666666,205774.16666666666,8.592666666666668,5.439333333333334,10.396666666666667,59200.3,3.4046666666666665,4.192,12.938666666666668,20.535333333333334,2025-11
Uttar Pradesh,23.09032258064516,1199.5,1.1132258064516127,-71.01290322580645,0,7.258064516129032,979478.0,49.91612903225807,7.34516129032258,104.65483870967742,5116.032258064516,207419.25806451612,8.605161290322581,5.9796774193548385,10.40967741935484,59619.096774193546,9.774193548387096,9.071612903225805,13.331935483870968,32.177741935483866,2025-12
Uttarakhand,9.306451612903226,1272.4,0.6948387096774193,-69.72258064516129,0,7.451612903225806,120174.0,50.2,7.938709677419355,104.97096774193548,5049.322580645161,310042.22580645164,6.24,5.513870967741935,11.03225806451613,63387.83870967742,9.457096774193548,9.389999999999999,11.53516129032258,30.382258064516126,2025-01
Uttarakhand,11.096428571428572,1111.7,0.625,-70.70357142857144,0,7.071428571428571,108289.0,49.739285714285714,7.507142857142857,108.175,5027.071428571428,309622.64285714284,6.257142857142857,5.7317857142857145,11.014285714285714,57240.142857142855,9.257499999999999,9.051785714285714,11.696785714285713,30.006071428571428,2025-02
Uttarakhand,13.551612903225807,1192.7,1.0083870967741935,-71.62258064516129,0,7.161290322580645,346644.0,49.76451612903226,7.461290322580646,111.71935483870968,4935.225806451613,310588.70967741933,6.269354838709678,5.85741935483871,10.451612903225806,59645.6129032258,9.670645161290324,9.076129032258065,11.62774193548387,30.37451612903226,2025-03
Uttarakhand,16.220000000000002,1207.3,1.7806666666666666,-70.32666666666667,0,8.0,338765.0,49.17333333333333,7.946666666666667,111.69,4860.366666666667,309829.26666666666,6.343333333333334,5.691999999999999,10.32,58557.7,10.666666666666666,9.72,11.521666666666667,31.90833333333333,2025-04
Uttarakhand,17.799999999999997,1211.2,1.207741935483871,-71.19032258064516,0,7.161290322580645,358496.0,49.62580645161291,7.648387096774194,110.5741935483871,4891.451612903225,309202.96774193546,6.3590322580645156,5.7783870967741935,10.329032258064515,60600.645161290326,9.813225806451612,9.160967741935485,11.595161290322581,30.56935483870968,2025-05
Uttarakhand,18.34,13963.9,0.8983333333333333,243.36,0,0.0,118480.0,51.656666666666666,3.9633333333333334,108.13666666666667,5205.1,309582.5,6.34,5.712999999999999,10.67,60606.23333333333,14.583333333333334,4.001,11.637333333333334,30.221666666666668,2025-06
Uttarakhand,18.383870967741935,14619.2,0.6306451612903224,247.86451612903227,0,0.0,122320.0,50.03548387096774,4.148387096774194,106.21290322580644,4948.354838709677,308949.70967741933,6.2461290322580645,5.796129032258064,10.780645161290321,60689.58064516129,14.585806451612903,4.155806451612904,11.663870967741936,30.405483870967743,2025-07
Uttarakhand,16.50967741935484,15149.8,1.3267741935483872,260.48387096774195,0,0.0,128566.0,49.86774193548387,4.158064516129032,114.10967741935484,4796.612903225807,309973.93548387097,6.443225806451613,5.92,10.790322580645162,62340.67741935484,15.797096774193548,4.1732258064516135,11.894516129032258,31.864838709677418,2025-08
Uttarakhand,14.143333333333334,14544.8,1.066,257.62666666666667,0,0.0,116717.0,49.763333333333335,4.176666666666667,111.05333333333333,5251.633333333333,309535.43333333335,6.295333333333334,5.813999999999999,10.673333333333334,60542.23333333333,15.436333333333332,4.182666666666667,11.681000000000001,31.3,2025-09
Uttarakhand,11.516129032258064,5044.0,1.350967741935484,20.02258064516129,0,0.0,428218.0,49.9741935483871,4.148387096774194,109.6258064516129,4969.032258064516,308963.51612903224,6.363870967741936,5.677741935483871,10.151612903225805,61137.290322580644,3.9932258064516133,4.1651612903225805,11.478709677419355,19.637096774193548,2025-10
Uttarakhand,9.676666666666668,4699.6,0.9116666666666666,15.556666666666667,0,0.0,425441.0,51.276666666666664,4.026666666666666,109.91000000000001,5029.6,310531.7,6.276,5.8020000000000005,10.683333333333334,61778.333333333336,3.4366666666666665,4.0456666666666665,11.66,19.142333333333333,2025-11
Uttarakhand,9.05483870967742,1318.3999999999999,0.5003225806451613,-68.6258064516129,0,7.161290322580645,422600.0,51.00322580645161,7.52258064516129,111.05806451612904,4982.709677419355,310127.06451612903,6.325806451612903,5.949677419354838,10.30967741935484,57959.8064516129,9.096774193548388,9.038709677419355,11.681935483870967,29.817419354838712,2025-12
West Bengal,23.083870967741937,1076.5,0.8551612903225807,-69.24193548387096,0,7.870967741935484,113843.0,49.019354838709674,8.04516129032258,109.70645161290322,5206.4838709677415,309668.5483870968,6.0038709677419355,5.626129032258064,10.5,62139.54838709677,9.776451612903225,9.704516129032257,11.291290322580647,30.772258064516127,2025-01
West Bengal,24.364285714285717,971.6,0.8285714285714285,-69.26428571428572,0,7.428571428571429,106561.0,48.917857142857144,7.7178571428571425,108.08928571428571,4974.75,309654.8214285714,6.026785714285714,5.8500000000000005,10.789285714285715,57888.21428571428,9.5325,9.359285714285715,11.549642857142857,30.441428571428574,2025-02
West Bengal,26.693548387096776,1002.9,1.414516129032258,-71.34193548387097,0,7.935483870967742,322089.0,50.28064516129032,7.938709677419355,110.85483870967742,4996.967741935484,309605.0,6.064516129032258,5.793870967741935,10.929032258064517,60028.74193548387,10.379999999999999,9.630322580645162,11.581612903225805,31.591935483870962,2025-03
West Bengal,29.513333333333332,998.8,0.9626666666666668,-70.52,0,7.733333333333333,310591.0,48.03666666666666,7.776666666666667,108.32666666666667,4993.266666666666,309225.76666666666,6.0280000000000005,5.866333333333333,10.389999999999999,60751.6,9.862,9.574666666666667,11.443666666666667,30.880333333333333,2025-04
West Bengal,31.087096774193547,1076.3,0.6461290322580645,-69.25161290322582,0,7.67741935483871,314892.0,50.748387096774195,7.748387096774193,110.18709677419355,5053.451612903225,309984.22580645164,6.118709677419355,5.457741935483871,10.448387096774193,60720.87096774193,9.505806451612903,9.399032258064516,11.236129032258065,30.140967741935484,2025-05
West Bengal,32.32,11882.0,1.083,250.82000000000002,0,0.0,107787.0,51.28333333333333,3.9266666666666667,111.8,5137.266666666666,309104.5333333333,6.002,5.740666666666667,10.110000000000001,60898.36666666667,15.109666666666666,4.003333333333333,11.252333333333333,30.365333333333332,2025-06
West Bengal,32.012903225806454,12419.8,0.9867741935483871,254.8483870967742,0,0.0,113457.0,50.26774193548387,3.958064516129032,108.02580645161291,5012.870967741936,307503.5483870968,5.96741935483871,5.758387096774193,10.47741935483871,61180.8064516129,15.233225806451614,4.067741935483871,11.350967741935484,30.651935483870968,2025-07
West Bengal,29.73225806451613,12324.0,1.1716129032258065,252.11612903225807,0,0.0,117780.0,49.07096774193548,4.280645161290322,107.11290322580645,4864.193548387097,309573.6451612903,6.052903225806452,5.735161290322581,10.548387096774194,59053.1935483871,15.249032258064515,4.257096774193548,11.417741935483871,30.923870967741934,2025-08
West Bengal,28.176666666666666,11836.2,0.7813333333333333,249.45,0,0.0,110883.0,49.64,3.9733333333333336,115.41000000000001,4875.833333333333,308911.1,6.006333333333333,5.717333333333333,10.68,60057.7,14.79,4.105666666666667,11.408999999999999,30.304666666666666,2025-09
West Bengal,25.23225806451613,4259.1,1.3219354838709676,21.683870967741935,0,0.0,395858.0,48.50322580645161,4.119354838709677,108.58064516129032,4883.548387096775,310383.6129032258,6.0687096774193545,5.708064516129032,10.419354838709678,58215.22580645161,3.9819354838709677,4.225806451612903,11.370322580645162,19.578064516129032,2025-10
West Bengal,23.363333333333333,4005.0,0.9996666666666666,18.256666666666668,0,0.0,387162.0,48.086666666666666,3.856666666666667,111.16333333333334,5033.233333333334,308830.06666666665,5.9590000000000005,5.707333333333334,10.073333333333332,58616.53333333333,3.6540000000000004,4.139333333333334,11.191333333333334,18.98466666666667,2025-11
West Bengal,22.5258064516129,1050.8,0.7416129032258064,-69.98064516129033,0,7.451612903225806,395976.0,51.18064516129032,7.974193548387096,103.51612903225806,4995.387096774193,310043.9032258064,6.035161290322581,5.864193548387097,10.3,59259.22580645161,9.51032258064516,9.350645161290323,11.420645161290324,30.281612903225806,2025-12
