state,date,month,avg_temperature,total_rainfall_mm,temp_anomaly_deg,rainfall_anomaly_pct,heatwave_days,drought_severity,crop_production_1000t,irrigation_coverage_pct,crop_failure_rate_pct,fertilizer_consumption_kg_per_ha,land_under_cultivation_1000ha,gdp_estimate_crores,unemployment_rate_pct,inflation_rate_pct,poverty_rate_pct,per_capita_income_inr,year,month_num,quarter,season,climate_stress,agri_stress,econ_stress,temp_anomaly_deg_norm,rainfall_anomaly_pct_norm,drought_severity_norm,heatwave_days_norm,crop_failure_rate_pct_norm,irrigation_coverage_pct_norm,unemployment_rate_pct_norm,inflation_rate_pct_norm,poverty_rate_pct_norm,climate_risk,agriculture_risk,economic_risk,composite_risk_score,risk_category
Andhra Pradesh,2024-01-01,2024-01,23.7,240.1,-3.34,161.9,0,0,8622.0,49.4,2.7,135.0,5468.0,300000.0,6.61,5.88,8.3,60000000.0,2024,1,1,Winter,11.435,7.760000000000001,12.49,3.5152941176470587,4.446519524617997,0.0,0.0,0.7803468208092486,6.246719160104988,5.369532428355958,5.454545454545453,3.868613138686132,2.212779386797164,2.4202585225979703,4.869714584828367,2.9496308838352467,Low
Andhra Pradesh,2024-01-31,2024-01,25.8,364.9,-1.2,298.0,0,0,15052.0,49.4,7.2,89.5,5245.0,301460.0,6.07,5.77,9.8,60292053.0,2024,1,1,Winter,16.1,12.260000000000002,11.84,4.522352941176471,6.7572156196943975,0.0,0.0,2.0809248554913293,6.246719160104988,4.555052790346908,5.184275184275183,4.963503649635037,3.1577529212024364,3.330663146875427,4.886777309276235,3.6505275972064326,Moderate
Andhra Pradesh,2024-03-01,2024-03,26.5,85.2,-0.47,-7.0,0,0,9067.0,53.8,7.1,92.5,5355.0,302928.0,5.49,6.26,6.0,60585528.0,2024,3,1,Summer,0.82,11.72,11.75,4.865882352941177,1.5789473684210527,0.0,0.0,2.052023121387283,5.669291338582678,3.680241327300152,6.388206388206388,2.18978102189781,1.69015479876161,3.137203586545901,3.970969738681203,2.76682560946601,Low
Andhra Pradesh,2024-03-31,2024-03,32.7,0.0,5.66,-100.0,0,10,13066.0,60.8,3.9,78.4,5308.0,304402.0,6.56,6.61,12.1,60880431.0,2024,3,1,Summer,10.66,7.82,13.17,7.750588235294117,0.0,10.0,0.0,1.1271676300578033,4.750656167979003,5.2941176470588225,7.24815724815725,6.642335766423358,4.937647058823529,2.2142141914341633,6.352205869165937,4.338085257822853,Moderate
Andhra Pradesh,2024-04-30,2024-04,30.4,0.0,3.39,-100.0,0,10,5593.0,56.6,24.1,75.0,5462.0,305884.0,5.73,6.15,6.8,61176769.0,2024,4,2,Summer,8.39,28.44,11.88,6.68235294117647,0.0,10.0,0.0,6.965317919075144,5.301837270341207,4.042232277526397,6.117936117936118,2.7737226277372264,4.670588235294117,6.466273724454962,4.220965052223104,5.1866723607326595,High
Andhra Pradesh,2024-05-30,2024-05,31.1,78.9,4.07,-14.0,0,0,14445.0,60.2,3.4,85.9,4296.0,307373.0,6.62,6.25,7.9,61474550.0,2024,5,2,Summer,4.7700000000000005,7.379999999999999,12.87,7.00235294117647,1.4601018675721562,0.0,0.0,0.9826589595375721,4.829396325459317,5.384615384615385,6.363636363636363,3.5766423357664237,2.1886187955657643,2.1366801693140953,5.045531111224541,2.884668355292374,Low
Andhra Pradesh,2024-06-29,2024-06,31.8,106.7,4.81,16.4,0,0,10330.0,48.6,6.8,135.1,3959.0,308869.0,6.08,5.95,11.2,61773781.0,2024,6,2,Monsoon,5.63,11.94,12.03,7.350588235294117,1.9762308998302207,0.0,0.0,1.9653179190751442,6.351706036745407,4.570135746606335,5.626535626535627,5.985401459854014,2.4305163287725953,3.281234354376223,5.3823987102218105,3.4662382330961687,Moderate
Andhra Pradesh,2024-07-29,2024-07,26.1,208.2,-0.95,127.1,0,0,20089.0,54.5,5.6,89.1,5200.0,310372.0,6.72,5.19,6.3,62074468.0,2024,7,3,Monsoon,7.305,10.15,11.91,4.64,3.8556876061120544,0.0,0.0,1.6184971098265892,5.57742782152231,5.535444947209653,3.7592137592137593,2.408759124087591,2.316706281833616,2.806176323335305,3.908235552718163,2.885903114080344,Low
Andhra Pradesh,2024-08-28,2024-08,25.0,100.3,-2.03,9.4,0,0,14887.0,55.6,8.3,103.0,4818.0,311883.0,5.79,5.01,7.1,62376618.0,2024,8,3,Monsoon,2.5,12.74,10.8,4.131764705882353,1.8573853989813243,0.0,0.0,2.398843930635838,5.433070866141732,4.132730015082956,3.3169533169533167,2.9927007299270074,1.5901567961649854,3.3091120112876062,3.488986755839482,2.6664986113765266,Low
Andhra Pradesh,2024-09-27,2024-09,22.7,0.0,-4.32,-100.0,0,10,14829.0,46.4,25.9,73.0,5372.0,313401.0,5.52,4.9,8.9,62680240.0,2024,9,3,Monsoon,9.32,31.26,10.42,3.054117647058823,0.0,10.0,0.0,7.485549132947976,6.640419947506562,3.7254901960784306,3.0466830466830483,4.306569343065693,3.763529411764706,7.232010377315551,3.7252257527053576,4.967921834942665,Moderate
Andhra Pradesh,2024-10-27,2024-10,25.6,0.0,-1.4,-100.0,0,10,12410.0,55.1,24.4,107.0,4730.0,314927.0,6.02,4.71,8.5,62985339.0,2024,10,4,Post-Monsoon,6.4,28.89,10.73,4.428235294117647,0.0,10.0,0.0,7.052023121387282,5.498687664041995,4.479638009049774,2.579852579852579,4.014598540145986,4.107058823529412,6.586022484183695,3.7469385661742898,4.8846660404196305,Moderate
Andhra Pradesh,2024-11-26,2024-11,22.1,52.5,-4.86,-42.7,0,10,10132.0,50.1,25.6,108.2,4149.0,316460.0,5.54,5.57,11.1,63291923.0,2024,11,4,Post-Monsoon,6.995000000000001,30.590000000000003,11.11,2.8,0.9728353140916808,10.0,0.0,7.398843930635838,6.15485564304462,3.755656108597286,4.692874692874694,5.912408759124087,3.991850594227504,7.025647444358472,4.791685111564888,5.253638121107689,High
Arunachal Pradesh,2024-01-01,2024-01,21.6,258.8,-5.42,182.3,0,0,14470.0,56.3,6.4,119.7,5833.0,300000.0,5.08,5.52,6.0,60000000.0,2024,1,1,Winter,14.535,10.77,10.6,2.5364705882352943,4.792869269949067,0.0,0.0,1.8497109826589595,5.341207349081365,3.0618401206636507,4.570024570024568,2.18978102189781,2.071978428043544,2.897159892585681,3.209074770903882,2.6450660263483763,Low
Arunachal Pradesh,2024-01-31,2024-01,22.2,278.7,-4.8,204.0,0,0,14434.0,48.6,0.0,87.5,5013.0,301460.0,5.67,6.27,6.1,60292053.0,2024,1,1,Winter,15.0,5.14,11.94,2.828235294117647,5.161290322580646,0.0,0.0,0.0,6.351706036745407,3.9517345399698343,6.412776412776411,2.262773722627737,2.2554459203036057,1.905511811023622,4.098910815742073,2.5938352059152283,Low
Arunachal Pradesh,2024-03-01,2024-03,25.8,83.6,-1.2,-8.8,0,0,13242.0,55.9,2.8,84.9,4694.0,302928.0,5.54,6.36,9.4,60585528.0,2024,3,1,Summer,1.64,7.21,11.9,4.522352941176471,1.5483870967741935,0.0,0.0,0.8092485549132946,5.393700787401575,3.755656108597286,6.633906633906635,4.671532846715328,1.5951043643263758,2.184584224659779,4.939688124531405,2.6375682554943243,Low
Arunachal Pradesh,2024-03-31,2024-03,28.3,0.0,1.3,-100.0,0,10,8624.0,48.2,2.2,80.5,5527.0,304402.0,6.03,6.58,9.4,60880431.0,2024,3,1,Summer,6.3,7.38,12.61,5.698823529411765,0.0,10.0,0.0,0.6358381502890174,6.404199475065616,4.494720965309201,7.174447174447176,4.671532846715328,4.424705882352941,2.3663465477219967,5.360522986542738,3.9382343912795594,Moderate
Arunachal Pradesh,2024-04-30,2024-04,31.3,0.0,4.3,-100.0,0,10,4051.0,57.5,32.9,103.7,4571.0,305884.0,5.73,6.58,12.3,61176769.0,2024,4,2,Summer,9.3,37.15,12.31,7.110588235294117,0.0,10.0,0.0,9.508670520231213,5.183727034120735,4.042232277526397,7.174447174447176,6.788321167883213,4.777647058823529,8.21118747439807,5.9430278582275164,6.270731404125615,High
Arunachal Pradesh,2024-05-30,2024-05,33.6,58.1,6.65,-36.6,0,10,17101.0,55.6,23.3,151.2,4952.0,307373.0,6.67,5.91,10.7,61474550.0,2024,5,2,Summer,8.48,27.74,12.58,8.216470588235294,1.0764006791171477,10.0,0.0,6.734104046242774,5.433070866141732,5.460030165912519,5.528255528255528,5.620437956204379,5.377037850793968,6.343794092212462,5.536640501217573,5.755303197896342,High
Arunachal Pradesh,2024-06-29,2024-06,31.7,103.2,4.75,12.6,0,0,18448.0,54.8,2.9,135.4,4687.0,308869.0,6.41,5.46,10.6,61773781.0,2024,6,2,Monsoon,5.38,7.42,11.87,7.3223529411764705,1.9117147707979627,0.0,0.0,0.8381502890173409,5.5380577427821525,5.067873303167421,4.422604422604422,5.547445255474452,2.4041026665335066,2.2481225251467842,5.042142822305982,3.0090196559912723,Moderate
Arunachal Pradesh,2024-07-29,2024-07,26.8,265.2,-0.16,189.3,0,0,20437.0,52.2,7.1,112.6,5486.0,310372.0,6.77,4.96,7.2,62074468.0,2024,7,3,Monsoon,9.625,11.88,11.73,5.011764705882353,4.911714770797963,0.0,0.0,2.052023121387283,5.879265091863517,5.610859728506787,3.194103194103194,3.065693430656934,2.726455607709977,3.200195712530153,3.9950245639382604,3.2094068834541094,Moderate
Arunachal Pradesh,2024-08-28,2024-08,28.5,96.4,1.48,5.1,0,0,16865.0,51.4,0.3,95.0,4963.0,311883.0,6.51,5.02,10.1,62376618.0,2024,8,3,Monsoon,1.735,5.16,11.53,5.783529411764706,1.7843803056027165,0.0,0.0,0.08670520231213871,5.984251968503937,5.2187028657616885,3.34152334152334,5.182481751824817,1.9811964446219914,1.8559692321696781,4.642871618612278,2.6027857137612536,Low
Arunachal Pradesh,2024-09-27,2024-09,24.3,0.0,-2.73,-100.0,0,10,16862.0,48.3,25.5,107.6,5305.0,313401.0,6.17,4.92,6.3,62680240.0,2024,9,3,Monsoon,7.73,30.67,11.09,3.8023529411764705,0.0,10.0,0.0,7.369942196531791,6.391076115485565,4.705882352941176,3.0958230958230963,2.408759124087591,3.9505882352941177,7.076282372217923,3.418871445706997,4.9116519858206695,Moderate
Arunachal Pradesh,2024-10-27,2024-10,19.7,0.0,-7.29,-100.0,0,10,13343.0,59.2,28.2,109.2,4965.0,314927.0,6.52,5.28,8.5,62985339.0,2024,10,4,Post-Monsoon,12.29,32.28,11.8,1.656470588235294,0.0,10.0,0.0,8.15028901734104,4.960629921259843,5.233785822021115,3.9803439803439815,4.014598540145986,3.4141176470588235,7.19339128851668,4.43103772086168,4.991093440019787,Moderate
Arunachal Pradesh,2024-11-26,2024-11,21.1,120.7,-5.92,31.7,0,0,8014.0,56.0,6.3,105.4,4362.0,316460.0,5.98,4.84,10.0,63291923.0,2024,11,4,Post-Monsoon,7.505,10.7,10.82,2.3011764705882354,2.235993208828523,0.0,0.0,1.820809248554913,5.380577427821523,4.419306184012067,2.899262899262899,5.10948905109489,1.2460920802956157,2.8887397023348957,4.204857202066305,2.5607100284520357,Low
Assam,2024-01-01,2024-01,20.4,300.3,-3.64,28.7,0,0,9405.0,54.8,8.2,113.6,5014.0,300000.0,6.29,5.78,11.2,60000000.0,2024,1,1,Winter,5.075,12.72,12.07,3.3741176470588234,2.1850594227504243,0.0,0.0,2.3699421965317913,5.5380577427821525,4.886877828054299,5.20884520884521,5.985401459854014,1.4990472385898332,3.3203768604068995,5.3679513134214725,3.103738624933716,Moderate
Assam,2024-01-31,2024-01,22.1,563.8,-1.85,141.6,0,0,12071.0,52.4,7.8,101.9,4769.0,301460.0,5.83,6.47,7.0,60292053.0,2024,1,1,Winter,8.93,12.56,12.3,4.216470588235294,4.101867572156197,0.0,0.0,2.2543352601156066,5.853018372703413,4.193061840120665,6.904176904176904,2.91970802919708,2.2846779187056825,3.3339401938919484,4.560722525514282,3.220930866723026,Moderate
Assam,2024-03-01,2024-03,22.6,276.2,-1.35,18.4,0,0,10957.0,56.1,4.1,90.4,5628.0,302928.0,5.99,6.61,9.5,60585528.0,2024,3,1,Summer,2.27,8.489999999999998,12.6,4.451764705882352,2.0101867572156196,0.0,0.0,1.1849710982658956,5.36745406824147,4.4343891402714934,7.24815724815725,4.744525547445255,1.715997203635274,2.439715989258568,5.3870673151480375,2.8870663064816178,Low
Assam,2024-03-31,2024-03,28.6,0.0,4.56,-100.0,0,10,9853.0,52.8,4.4,128.9,5098.0,304402.0,5.82,6.76,10.7,60880431.0,2024,3,1,Summer,9.56,9.12,12.58,7.232941176470588,0.0,10.0,0.0,1.2716763005780347,5.800524934383203,4.177978883861238,7.616707616707616,5.620437956204379,4.808235294117647,2.630330890719585,5.71445817903525,4.272524474157726,Moderate
Assam,2024-04-30,2024-04,26.7,0.0,2.65,-100.0,0,10,6032.0,56.3,20.5,117.8,5041.0,305884.0,5.78,6.18,12.5,61176769.0,2024,4,2,Summer,7.65,24.87,11.96,6.334117647058823,0.0,10.0,0.0,5.924855491329479,5.341207349081365,4.117647058823531,6.191646191646191,6.934306569343066,4.583529411764706,5.749761048655045,5.725677627352166,5.27724753857319,High
Assam,2024-05-30,2024-05,29.7,301.6,5.66,29.3,0,0,18196.0,62.0,3.4,146.0,4819.0,307373.0,6.69,5.91,10.4,61474550.0,2024,5,2,Summer,7.125,7.199999999999999,12.6,7.750588235294117,2.1952461799660443,0.0,0.0,0.9826589595375721,4.593175853018374,5.490196078431373,5.528255528255528,5.401459854014599,2.5962209128133424,2.0658140275818124,5.470556234832748,3.129162333487158,Moderate
Assam,2024-06-29,2024-06,27.4,602.0,3.37,158.0,0,0,13663.0,62.9,9.4,89.5,4790.0,308869.0,5.75,5.88,9.6,61773781.0,2024,6,2,Monsoon,11.27,13.11,11.63,6.672941176470588,4.380305602716469,0.0,0.0,2.7167630057803467,4.4750656167979015,4.072398190045249,5.454545454545453,4.8175182481751815,2.9823269749325876,3.244253789085613,4.747834389740786,3.515378213588196,Moderate
Assam,2024-07-29,2024-07,24.3,408.7,0.29,75.2,0,0,14155.0,50.4,1.0,79.9,4616.0,310372.0,5.88,5.06,7.6,62074468.0,2024,7,3,Monsoon,4.05,5.96,10.94,5.223529411764706,2.974533106960951,0.0,0.0,0.2890173410404624,6.115485564304462,4.268476621417799,3.4398034398034394,3.357664233576642,2.198242285029462,2.0369578080196624,3.7010903311890857,2.517504729615938,Low
Assam,2024-08-28,2024-08,25.6,328.3,1.63,40.7,0,0,14896.0,62.8,5.7,80.0,5492.0,311883.0,5.54,4.68,8.9,62376618.0,2024,8,3,Monsoon,3.665,9.42,10.22,5.854117647058823,2.3887945670628183,0.0,0.0,1.6473988439306357,4.488188976377953,3.755656108597286,2.506142506142506,4.306569343065693,2.180167781883551,2.4996358836648307,3.573621659924794,2.6403450870173097,Low
Assam,2024-09-27,2024-09,21.4,0.0,-2.64,-100.0,0,10,14358.0,58.4,24.9,77.5,5191.0,313401.0,5.64,5.0,12.0,62680240.0,2024,9,3,Monsoon,7.640000000000001,29.06,10.64,3.844705882352941,0.0,10.0,0.0,7.196531791907513,5.065616797900263,3.906485671191554,3.292383292383292,6.569343065693431,3.961176470588235,6.557257293705337,4.654255045624732,5.043074402438345,High
Assam,2024-10-27,2024-10,20.4,0.0,-3.61,-100.0,0,10,12399.0,56.4,26.5,149.1,4681.0,314927.0,5.71,5.01,10.0,62985339.0,2024,10,4,Post-Monsoon,8.61,30.86,10.72,3.388235294117647,0.0,10.0,0.0,7.658959537572254,5.328083989501313,4.012066365007541,3.3169533169533167,5.10948905109489,3.847058823529412,6.959696873150971,4.1876303907218455,5.021625032695066,High
Assam,2024-11-26,2024-11,19.7,341.0,-4.28,46.1,0,0,10726.0,52.2,3.1,87.3,5595.0,316460.0,6.24,5.32,10.5,63291923.0,2024,11,4,Post-Monsoon,6.585000000000001,7.879999999999999,11.56,3.072941176470588,2.480475382003396,0.0,0.0,0.8959537572254335,5.879265091863517,4.811463046757165,4.078624078624079,5.474452554744525,1.5123779087186657,2.3909471576168584,4.823657684112815,2.6476970896815706,Low
Bihar,2024-01-01,2024-01,22.6,368.0,-4.4,301.4,0,0,15409.0,50.8,3.3,109.4,4724.0,200000.0,8.74,6.13,14.5,40000000.0,2024,1,1,Winter,19.47,8.219999999999999,14.87,3.016470588235294,6.814940577249575,0.0,0.0,0.9537572254335258,6.062992125984253,8.582202111613876,6.068796068796068,8.394160583941606,2.798599820233696,2.4865276955987436,7.762365764083238,3.9303160625738482,Moderate
Bihar,2024-01-31,2024-01,19.3,312.2,-7.74,240.6,0,0,13519.0,47.4,5.6,131.0,5898.0,200974.0,8.94,6.77,12.8,40194702.0,2024,1,1,Winter,19.77,10.86,15.71,1.4447058823529408,5.782682512733446,0.0,0.0,1.6184971098265892,6.509186351706037,8.883861236802412,7.641277641277641,7.153284671532848,2.095981224408269,3.0857038823904235,7.905384360300633,3.894734938675114,Moderate
Bihar,2024-03-01,2024-03,27.2,83.4,0.17,-9.0,0,0,10529.0,56.4,3.8,106.7,5329.0,201952.0,8.84,7.3,14.9,40390352.0,2024,3,1,Summer,0.62,8.16,16.14,5.167058823529412,1.5449915110356538,0.0,0.0,1.098265895953757,5.328083989501313,8.733031674208144,8.943488943488942,8.686131386861314,1.755262159193049,2.3672113240180237,8.779753754420993,3.725567265688776,Moderate
Bihar,2024-03-31,2024-03,29.7,0.0,2.68,-100.0,0,10,16824.0,51.0,4.5,72.4,4635.0,202935.0,9.68,7.26,10.0,40586954.0,2024,3,1,Summer,7.68,9.4,16.939999999999998,6.3482352941176465,0.0,10.0,0.0,1.3005780346820808,6.0367454068241475,10.0,8.845208845208843,5.10948905109489,4.587058823529412,2.7214282463247006,7.941883821445864,4.772794370986876,Moderate
Bihar,2024-04-30,2024-04,30.9,0.0,3.89,-100.0,0,10,4967.0,52.4,30.4,104.5,4992.0,203923.0,8.65,7.58,12.3,40784513.0,2024,4,2,Summer,8.89,35.16,16.23,6.91764705882353,0.0,10.0,0.0,8.786127167630056,5.853018372703413,8.446455505279035,9.631449631449632,6.788321167883213,4.729411764705882,7.906194529152063,8.221606725041676,6.714334472345994,High
Bihar,2024-05-30,2024-05,35.0,77.4,7.96,-15.5,0,0,18565.0,52.3,12.6,90.2,5522.0,204915.0,9.23,6.6,14.1,40983034.0,2024,5,2,Summer,8.735,17.37,15.83,8.832941176470587,1.434634974533107,0.0,0.0,3.641618497109826,5.866141732283465,9.321266968325792,7.223587223587222,8.102189781021899,2.638625786477579,4.308975467661917,8.265286029347859,4.629913235609667,Moderate
Bihar,2024-06-29,2024-06,29.7,212.7,2.71,132.1,0,0,17046.0,57.9,10.5,92.8,5295.0,205913.0,8.2,7.02,16.7,41182521.0,2024,6,2,Monsoon,9.315,14.71,15.22,6.3623529411764705,3.940577249575552,0.0,0.0,3.0346820809248554,5.131233595800525,7.767722473604826,8.255528255528253,10.0,2.7727614101667832,3.6636475353875566,8.695361342420165,4.565221537057399,Moderate
Bihar,2024-07-29,2024-07,31.3,275.1,4.33,200.2,0,0,18326.0,57.5,7.5,121.3,5585.0,206915.0,8.12,5.84,14.5,41382979.0,2024,7,3,Monsoon,14.34,11.75,13.96,7.124705882352941,5.096774193548387,0.0,0.0,2.1676300578034677,5.183727034120735,7.647058823529411,5.3562653562653555,8.394160583941606,3.3102087286527517,3.0724591506986476,7.221306399494463,4.204770794079243,Moderate
Bihar,2024-08-28,2024-08,25.9,105.8,-1.06,15.4,0,0,19146.0,54.2,6.9,102.9,5603.0,207922.0,8.31,5.62,12.8,41584412.0,2024,8,3,Monsoon,1.83,11.48,13.93,4.588235294117647,1.9592529711375213,0.0,0.0,1.9942196531791907,5.616797900262467,7.933634992458522,4.815724815724815,7.153284671532848,1.7348347148706682,3.0809931273041737,6.725139327114424,3.4535663122833338,Moderate
Bihar,2024-09-27,2024-09,24.7,0.0,-2.31,-100.0,0,10,12549.0,53.0,26.1,100.6,5639.0,208934.0,7.54,5.5,11.4,41786827.0,2024,9,3,Monsoon,7.31,30.8,13.04,4.0,0.0,10.0,0.0,7.5433526011560685,5.774278215223098,6.772247360482655,4.52088452088452,6.131386861313869,4.0,7.0126302853761775,5.8725373338941385,5.522554933355197,High
Bihar,2024-10-27,2024-10,21.3,0.0,-5.73,-100.0,0,10,12459.0,48.2,25.1,114.9,5323.0,209951.0,8.25,6.07,10.2,41990226.0,2024,10,4,Post-Monsoon,10.73,30.28,14.32,2.3905882352941172,0.0,10.0,0.0,7.254335260115607,6.404199475065616,7.843137254901961,5.9213759213759225,5.255474452554743,3.5976470588235294,6.999294524600609,6.360926874022622,5.47904362564528,High
Bihar,2024-11-26,2024-11,21.2,51.4,-5.78,-43.9,0,10,17192.0,56.1,24.1,105.0,5789.0,210973.0,8.91,5.92,12.2,42194616.0,2024,11,4,Post-Monsoon,7.975,28.49,14.83,2.3670588235294114,0.9524617996604414,10.0,0.0,6.965317919075144,5.36745406824147,8.838612368024133,5.552825552825553,6.7153284671532845,3.877503245780485,6.485958763825041,7.1097269581597615,5.598518605190899,High
Chhattisgarh,2024-01-01,2024-01,23.3,270.1,-3.74,194.6,0,0,11771.0,58.0,5.8,103.7,4777.0,300000.0,6.4,5.9,10.1,60000000.0,2024,1,1,Winter,13.47,10.0,12.3,3.327058823529412,5.00169779286927,0.0,0.0,1.6763005780346818,5.118110236220473,5.0527903469079956,5.503685503685505,5.182481751824817,2.332274043743134,2.7088434754904194,5.233450885662135,3.1893675553344343,Moderate
Chhattisgarh,2024-01-31,2024-01,24.5,232.8,-2.49,154.0,0,0,12466.0,49.9,8.2,102.7,4650.0,301460.0,6.48,6.2,7.8,60292053.0,2024,1,1,Winter,10.19,13.21,12.68,3.9152941176470586,4.312393887945671,0.0,0.0,2.3699421965317913,6.181102362204725,5.17345399698341,6.240786240786241,3.503649635036496,2.272541695795466,3.5132902462336713,4.90922214344284,3.365973800360681,Moderate
Chhattisgarh,2024-03-01,2024-03,24.2,80.1,-2.83,-12.6,0,0,14868.0,52.2,0.4,107.5,5783.0,302928.0,5.46,6.42,14.9,60585528.0,2024,3,1,Summer,3.46,5.18,11.88,3.7552941176470584,1.4838709677419355,0.0,0.0,0.11560693641618497,5.879265091863517,3.63499245852187,6.781326781326781,8.686131386861314,1.3839848197343452,1.8447043830503846,6.3467913802821485,2.78593830703191,Low
Chhattisgarh,2024-03-31,2024-03,28.8,0.0,1.81,-100.0,0,10,11842.0,64.4,3.3,71.0,3901.0,304402.0,6.62,6.39,6.4,60880431.0,2024,3,1,Summer,6.8100000000000005,6.859999999999999,13.01,5.938823529411764,0.0,10.0,0.0,0.9537572254335258,4.278215223097113,5.384615384615385,6.707616707616706,2.4817518248175188,4.484705882352941,1.951094624732602,4.765513535586528,3.668143855494219,Moderate
Chhattisgarh,2024-04-30,2024-04,31.0,0.0,4.01,-100.0,0,10,5440.0,49.9,23.5,114.2,5122.0,305884.0,6.24,6.83,10.1,61176769.0,2024,4,2,Summer,9.01,28.51,13.07,6.974117647058823,0.0,10.0,0.0,6.791907514450866,6.181102362204725,4.811463046757165,7.788697788697787,5.182481751824817,4.7435294117647056,6.608665968777023,5.83449001611303,5.669067357806098,High
Chhattisgarh,2024-05-30,2024-05,35.8,96.5,8.77,5.2,0,0,13308.0,59.4,1.2,113.0,4950.0,307373.0,5.87,6.26,9.7,61474550.0,2024,5,2,Summer,9.03,5.260000000000001,12.13,9.214117647058824,1.7860780984719864,0.0,0.0,0.34682080924855485,4.934383202099738,4.253393665158372,6.388206388206388,4.890510948905108,2.839352841306302,1.72308952710391,5.116828531384134,3.018029603854923,Moderate
Chhattisgarh,2024-06-29,2024-06,31.8,244.8,4.85,167.1,0,0,20540.0,47.4,1.8,86.2,4977.0,308869.0,6.04,5.13,8.5,61773781.0,2024,6,2,Monsoon,13.205,7.06,11.17,7.369411764705882,4.534804753820033,0.0,0.0,0.5202312138728323,6.509186351706037,4.509803921568627,3.611793611793612,4.014598540145986,3.202794367322481,2.3169177552227938,4.067078945138198,3.1088086975415203,Moderate
Chhattisgarh,2024-07-29,2024-07,25.7,248.4,-1.34,171.0,0,0,15730.0,56.8,4.3,75.0,5722.0,310372.0,5.57,5.35,15.0,62074468.0,2024,7,3,Monsoon,9.89,8.620000000000001,10.92,4.456470588235294,4.601018675721562,0.0,0.0,1.2427745664739882,5.275590551181103,3.8009049773755663,4.152334152334152,8.75912408759124,2.4944232497752923,2.4526193618861223,5.6417104184386275,3.2666136811799165,Moderate
Chhattisgarh,2024-08-28,2024-08,27.1,159.4,0.12,73.9,0,0,14754.0,56.7,8.4,109.1,5285.0,311883.0,6.18,4.84,10.8,62376618.0,2024,8,3,Monsoon,3.815,12.73,11.02,5.143529411764706,2.9524617996604414,0.0,0.0,2.4277456647398843,5.288713910761155,4.7209653092006025,2.899262899262899,5.693430656934307,2.171620892839309,3.2860361385462653,4.514817457926088,3.1474653701084385,Moderate
Chhattisgarh,2024-09-27,2024-09,24.1,0.0,-2.88,-100.0,0,10,16343.0,61.6,26.9,103.9,5355.0,313401.0,6.24,4.93,10.2,62680240.0,2024,9,3,Monsoon,7.88,30.74,11.17,3.7317647058823527,0.0,10.0,0.0,7.774566473988438,4.645669291338582,4.811463046757165,3.1203931203931194,5.255474452554743,3.932941176470588,6.8358973191934815,4.459546060877104,5.08062704752523,High
Chhattisgarh,2024-10-27,2024-10,22.6,0.0,-4.4,-100.0,0,10,11785.0,51.6,29.3,136.0,4980.0,314927.0,7.03,4.59,9.9,62985339.0,2024,10,4,Post-Monsoon,9.4,34.14,11.62,3.016470588235294,0.0,10.0,0.0,8.468208092485549,5.958005249343832,6.003016591251885,2.285012285012284,5.036496350364963,3.7541176470588233,7.7151472395430325,4.5493332150695815,5.339281896430986,High
Chhattisgarh,2024-11-26,2024-11,24.3,112.3,-2.71,22.6,0,0,8566.0,51.6,5.4,116.8,4674.0,316460.0,5.54,5.47,7.2,63291923.0,2024,11,4,Post-Monsoon,3.84,10.24,11.01,3.8117647058823527,2.0814940577249574,0.0,0.0,1.560693641618497,5.958005249343832,3.755656108597286,4.447174447174447,3.065693430656934,1.5773893937880754,2.8798871239360975,3.721624672891311,2.569322419115692,Low
Goa,2024-01-01,2024-01,25.3,413.9,-2.75,98.7,0,0,10929.0,52.7,0.0,51.5,4208.0,300000.0,5.79,5.71,11.0,60000000.0,2024,1,1,Winter,7.685,4.73,11.5,3.7929411764705883,3.373514431239389,0.0,0.0,0.0,5.813648293963254,4.132730015082956,5.036855036855037,5.839416058394161,1.9602896234894638,1.7440944881889762,5.001307636773502,2.6448758294553025,Low
Goa,2024-01-31,2024-01,28.3,329.8,0.31,58.3,0,0,13825.0,57.1,7.4,80.7,4976.0,301460.0,6.46,5.93,9.1,60292053.0,2024,1,1,Winter,3.225,11.69,12.39,5.232941176470588,2.6876061120543295,0.0,0.0,2.138728323699422,5.236220472440945,5.1432880844645545,5.577395577395576,4.452554744525548,2.114517127733946,3.067975968321879,5.031763663365208,3.1775393558475375,Moderate
Goa,2024-03-01,2024-03,29.2,345.2,1.17,65.7,0,0,11991.0,62.5,1.5,117.5,4890.0,302928.0,5.65,6.29,8.6,60585528.0,2024,3,1,Summer,4.455,5.25,11.94,5.6376470588235295,2.8132427843803054,0.0,0.0,0.4335260115606936,4.52755905511811,3.9215686274509807,6.461916461916461,4.087591240875913,2.2533846000199738,1.6617359246279186,4.74178089248935,2.6684066367500985,Low
Goa,2024-03-31,2024-03,28.5,0.0,0.52,-100.0,0,10,12065.0,44.8,5.6,95.1,4659.0,304402.0,5.85,7.53,9.9,60880431.0,2024,3,1,Summer,5.52,11.12,13.38,5.331764705882353,0.0,10.0,0.0,1.6184971098265892,6.850393700787402,4.2232277526395166,9.508599508599508,5.036496350364963,4.332941176470588,3.1880660871148327,6.09348328863142,4.372370423236282,Moderate
Goa,2024-04-30,2024-04,32.5,0.0,4.53,-100.0,0,10,3998.0,64.0,24.2,112.8,4714.0,305884.0,5.31,6.5,11.0,61176769.0,2024,4,2,Summer,9.53,27.8,11.81,7.218823529411765,0.0,10.0,0.0,6.99421965317919,4.330708661417323,3.408748114630468,6.977886977886978,5.839416058394161,4.804705882352941,6.19516635565063,5.3302235539247125,5.422746465900076,High
Goa,2024-05-30,2024-05,29.9,212.6,1.9,2.1,0,0,16718.0,59.6,9.2,101.2,4677.0,307373.0,7.04,5.82,5.2,61474550.0,2024,5,2,Summer,2.005,13.239999999999998,12.86,5.981176470588235,1.733446519524618,0.0,0.0,2.6589595375722537,4.908136482939633,6.018099547511312,5.3071253071253075,1.6058394160583944,2.015328073504444,3.3337126211824675,4.260516229386989,3.0380597041623885,Moderate
Goa,2024-06-29,2024-06,30.2,650.0,2.21,212.0,0,0,17095.0,59.5,6.2,112.7,5525.0,308869.0,6.94,5.92,7.3,61773781.0,2024,6,2,Monsoon,12.81,10.25,12.86,6.127058823529412,5.297113752122241,0.0,0.0,1.791907514450867,4.921259842519685,5.867269984917044,5.552825552825553,3.138686131386861,3.1208988315190256,2.730713212871512,4.817932306554033,3.4085922337511474,Moderate
Goa,2024-07-29,2024-07,28.7,833.8,0.66,300.2,0,0,13394.0,56.0,9.0,141.5,4655.0,310372.0,6.27,4.51,9.0,62074468.0,2024,7,3,Monsoon,15.67,13.4,10.78,5.397647058823529,6.794567062818336,0.0,0.0,2.6011560693641615,5.380577427821523,4.856711915535444,2.0884520884520885,4.379562043795621,3.3877818835513827,3.4349824769013697,3.859231512301499,3.5221644984114073,Moderate
Goa,2024-08-28,2024-08,26.4,188.2,-1.57,-9.7,0,0,20208.0,51.7,5.6,90.3,4840.0,311883.0,6.16,5.21,7.0,62376618.0,2024,8,3,Monsoon,2.055,10.43,11.37,4.3482352941176465,1.533106960950764,0.0,0.0,1.6184971098265892,5.94488188976378,4.690799396681751,3.8083538083538073,2.91970802919708,1.5469909118146408,2.916412543807746,3.806183741563733,2.591086690449501,Low
Goa,2024-09-27,2024-09,27.1,0.0,-0.87,-100.0,0,10,16272.0,52.1,26.6,99.5,6071.0,313401.0,6.04,4.52,9.5,62680240.0,2024,9,3,Monsoon,5.87,31.39,10.56,4.6776470588235295,0.0,10.0,0.0,7.6878612716763,5.89238845144357,4.509803921568627,2.1130221130221116,4.744525547445255,4.169411764705883,7.149219425606481,3.872921948061492,5.138221991859995,High
Goa,2024-10-27,2024-10,24.1,0.0,-3.88,-100.0,0,10,16146.0,55.2,26.3,102.4,5307.0,314927.0,5.55,4.81,7.0,62985339.0,2024,10,4,Post-Monsoon,8.879999999999999,30.78,10.36,3.2611764705882353,0.0,10.0,0.0,7.601156069364161,5.485564304461942,3.770739064856711,2.8255528255528244,2.91970802919708,3.815294117647059,6.966478539893495,3.189322330584674,4.761715718667715,Moderate
Goa,2024-11-26,2024-11,19.8,219.9,-8.21,5.5,0,0,9545.0,46.7,4.2,108.0,5324.0,316460.0,6.33,5.56,8.5,63291923.0,2024,11,4,Post-Monsoon,8.485000000000001,9.53,11.89,1.2235294117647055,1.7911714770797964,0.0,0.0,1.2138728323699421,6.601049868766404,4.947209653092006,4.668304668304668,4.014598540145986,0.8432337960651153,2.830025943288881,4.537124268124698,2.4620836656083287,Low
Gujarat,2024-01-01,2024-01,28.2,112.4,-3.81,237.3,0,0,13008.0,28.9,9.7,70.7,6112.0,500000.0,4.52,4.77,6.2,100000000.0,2024,1,1,Winter,15.675,16.81,9.29,3.2941176470588234,5.726655348047538,0.0,0.0,2.803468208092485,8.937007874015748,2.217194570135746,2.7272727272727266,2.3357664233576645,2.5415260161789672,4.643530107869464,2.4117181659045115,3.2447754857020272,Moderate
Gujarat,2024-01-31,2024-01,27.0,55.0,-4.97,65.0,0,0,17416.0,32.7,10.1,121.6,5981.0,502434.0,4.47,6.49,4.5,100486755.0,2024,1,1,Winter,8.219999999999999,16.83,10.96,2.748235294117647,2.801358234295416,0.0,0.0,2.9190751445086702,8.438320209973753,2.141779788838612,6.953316953316953,1.0948905109489053,1.5274662938180366,4.574848664148195,3.2188296909207166,3.0168909727092625,Moderate
Gujarat,2024-03-01,2024-03,33.0,36.3,1.04,8.9,0,0,13903.0,38.3,7.7,68.5,6738.0,504879.0,5.23,6.37,7.3,100975879.0,2024,3,1,Summer,1.485,13.87,11.6,5.576470588235294,1.8488964346349746,0.0,0.0,2.2254335260115603,7.7034120734908145,3.2880844645550535,6.658476658476658,3.138686131386861,1.9487865774493158,3.8688270902553366,4.246912706122667,3.1953322890997606,Moderate
Gujarat,2024-03-31,2024-03,35.0,0.0,3.0,-100.0,0,10,18375.0,37.0,3.1,109.9,6130.0,507337.0,5.38,6.31,7.5,101467385.0,2024,3,1,Summer,8.0,9.4,11.69,6.498823529411764,0.0,10.0,0.0,0.8959537572254335,7.874015748031496,3.5143288084464555,6.511056511056509,3.284671532846715,4.624705882352941,2.989372354467252,4.332967072769562,3.9794044451971056,Moderate
Gujarat,2024-04-30,2024-04,35.0,0.0,2.97,-100.0,0,10,5340.0,34.9,23.0,123.5,6272.0,509806.0,4.47,6.43,8.9,101961282.0,2024,4,2,Summer,7.970000000000001,29.51,10.9,6.484705882352941,0.0,10.0,0.0,6.647398843930635,8.1496062992126,2.141779788838612,6.805896805896804,4.306569343065693,4.621176470588235,7.098061080515224,4.2986912379355475,5.407464775899509,High
Gujarat,2024-05-30,2024-05,37.6,26.2,5.59,-21.4,0,10,16666.0,20.8,27.3,123.0,5130.0,512288.0,4.19,5.3,6.3,102457584.0,2024,5,2,Summer,6.66,35.22,9.49,7.717647058823529,1.33446519524618,10.0,0.0,7.890173410404624,10.0,1.7194570135746616,4.0294840294840295,2.408759124087591,5.329751323279736,8.523121387283236,2.6537208570269972,5.778423229117776,High
Gujarat,2024-06-29,2024-06,40.1,104.0,8.06,212.0,0,0,16695.0,28.5,1.6,123.2,5766.0,514782.0,4.1,5.18,9.2,102956301.0,2024,6,2,Monsoon,18.66,8.75,9.28,8.879999999999999,5.297113752122241,0.0,0.0,0.4624277456647399,8.989501312335959,1.5837104072398187,3.7346437346437344,4.525547445255475,3.809134125636672,3.0205498156661053,3.258633368766473,3.3955044279294238,Moderate
Gujarat,2024-07-29,2024-07,35.8,64.4,3.81,93.3,0,0,19247.0,37.4,4.9,101.5,5359.0,517287.0,4.27,4.69,6.9,103457446.0,2024,7,3,Monsoon,8.475,11.16,8.96,6.88,3.2818336162988118,0.0,0.0,1.416184971098266,7.821522309711287,1.840120663650075,2.530712530712531,2.846715328467153,2.7045500848896435,3.337786172682172,2.399606356454789,2.849946783508315,Low
Gujarat,2024-08-28,2024-08,33.6,44.9,1.57,34.8,0,0,21587.0,27.2,3.5,91.4,6750.0,519805.0,4.92,3.66,5.5,103961031.0,2024,8,3,Monsoon,3.31,10.78,8.58,5.825882352941177,2.288624787775891,0.0,0.0,1.0115606936416184,9.160104986876641,2.8205128205128203,0.0,1.824817518248175,2.1430580245680613,3.4561239816121248,1.625865618566348,2.4733330080330553,Low
Gujarat,2024-09-27,2024-09,27.9,0.0,-4.14,-100.0,0,10,21061.0,33.3,24.0,93.6,7038.0,522335.0,4.61,4.56,5.8,104467066.0,2024,9,3,Monsoon,9.14,30.67,9.17,3.1388235294117646,0.0,10.0,0.0,6.9364161849710975,8.359580052493438,2.3529411764705888,2.211302211302211,2.043795620437956,3.784705882352941,7.363365345227799,2.202248542308654,4.641622359348069,Moderate
Gujarat,2024-10-27,2024-10,28.5,0.0,-3.5,-100.0,0,10,15500.0,40.2,26.3,104.8,5870.0,524878.0,3.56,4.52,5.5,104975565.0,2024,10,4,Post-Monsoon,8.5,32.28,8.08,3.44,0.0,10.0,0.0,7.601156069364161,7.454068241469816,0.7692307692307692,2.1130221130221116,1.824817518248175,3.86,7.557029720995857,1.541823534524264,4.574416285979616,Moderate
Gujarat,2024-11-26,2024-11,30.8,30.9,-1.21,-7.4,0,0,13835.0,34.8,4.8,114.6,6026.0,527433.0,3.91,4.51,6.4,105486539.0,2024,11,4,Post-Monsoon,1.58,11.32,8.42,4.517647058823529,1.5721561969439728,0.0,0.0,1.3872832369942194,8.162729658792651,1.2971342383107096,2.0884520884520885,2.4817518248175188,1.6010586237890743,3.419917163533749,1.9491457486305064,2.3246808939100685,Low
Haryana,2024-01-01,2024-01,26.2,66.8,-5.84,100.3,0,0,34396.0,85.4,4.8,60.0,12958.0,300000.0,5.7,5.14,10.8,60000000.0,2024,1,1,Winter,10.855,6.26,10.84,2.3388235294117647,3.4006791171477078,0.0,0.0,1.3872832369942194,1.5223097112860877,3.9969834087481146,3.636363636363635,5.693430656934307,1.6049096174972535,1.4277911792817797,4.482554013897937,2.262329263222009,Low
Haryana,2024-01-31,2024-01,27.9,89.0,-4.13,166.9,0,0,32079.0,70.5,8.0,141.8,12430.0,301460.0,6.64,6.5,6.7,60292053.0,2024,1,1,Winter,12.475,10.95,13.14,3.143529411764706,4.531409168081494,0.0,0.0,2.312138728323699,3.4776902887139114,5.414781297134239,6.977886977886978,2.7007299270072997,2.1453051033656245,2.6618041964407624,4.933795021815632,3.0232022655544246,Moderate
Haryana,2024-03-01,2024-03,32.7,36.1,0.68,8.3,0,0,36649.0,88.1,1.9,78.9,12188.0,302928.0,5.9,6.66,10.2,60585528.0,2024,3,1,Summer,1.0950000000000002,3.0900000000000007,12.56,5.407058823529412,1.838709677419355,0.0,0.0,0.5491329479768785,1.1679790026246728,4.298642533936652,7.371007371007371,5.255474452554743,1.9033776091081593,0.7347867643712167,5.5552431565742,2.4073372003167393,Low
Haryana,2024-03-31,2024-03,36.2,0.0,4.15,-100.0,0,10,41484.0,86.1,4.4,117.4,12748.0,304402.0,6.33,6.58,9.2,60880431.0,2024,3,1,Summer,9.15,5.790000000000001,12.91,7.04,0.0,10.0,0.0,1.2716763005780347,1.4304461942257234,4.947209653092006,7.174447174447176,4.525547445255475,4.76,1.3193072686723413,5.467799136755771,3.732707328224262,Moderate
Haryana,2024-04-30,2024-04,39.2,0.0,7.24,-100.0,0,10,12876.0,97.0,26.1,98.8,12601.0,305884.0,6.23,7.1,10.4,61176769.0,2024,4,2,Summer,12.24,26.4,13.33,8.494117647058824,0.0,10.0,0.0,7.5433526011560685,0.0,4.796380090497738,8.452088452088452,5.401459854014599,5.123529411764705,5.280346820809248,6.104870516205852,5.4237507810405825,High
Haryana,2024-05-30,2024-05,42.4,39.6,10.44,18.8,0,0,45380.0,90.9,8.3,112.8,11928.0,307373.0,6.39,6.33,11.8,61474550.0,2024,5,2,Summer,11.38,9.21,12.72,10.0,2.0169779286926994,0.0,0.0,2.398843930635838,0.8005249343832013,5.037707390648567,6.560196560196561,6.423357664233578,3.1050933786078097,1.919348231760047,5.979431737267719,3.40866716687607,Moderate
Haryana,2024-06-29,2024-06,34.2,104.2,2.19,212.7,0,0,49751.0,86.5,1.6,84.9,12468.0,308869.0,6.2,5.54,11.8,61773781.0,2024,6,2,Monsoon,12.825,2.95,11.74,6.117647058823529,5.308998302207131,0.0,0.0,0.4624277456647399,1.3779527559055111,4.751131221719458,4.61916461916462,6.423357664233578,3.1221112553680213,0.7370852487369712,5.296820495832948,2.8310294631633854,Low
Haryana,2024-07-29,2024-07,34.1,110.6,2.05,231.7,0,0,39966.0,87.1,6.0,132.3,12727.0,310372.0,6.35,5.17,8.0,62074468.0,2024,7,3,Monsoon,13.634999999999998,7.290000000000001,11.52,6.051764705882353,5.631578947368421,0.0,0.0,1.7341040462427744,1.2992125984251963,4.97737556561086,3.7100737100737096,3.6496350364963503,3.2024148606811145,1.6036366118975007,4.132475823759636,2.87535771437648,Low
Haryana,2024-08-28,2024-08,32.9,32.6,0.95,-2.2,0,0,35669.0,90.9,7.9,75.4,12799.0,311883.0,6.15,5.07,9.4,62376618.0,2024,8,3,Monsoon,1.06,8.81,11.22,5.534117647058824,1.6604414261460103,0.0,0.0,2.283236994219653,0.8005249343832013,4.675716440422324,3.4643734643734643,4.671532846715328,1.881661839608509,1.8384233762687174,4.310849289810218,2.473825239990009,Low
Haryana,2024-09-27,2024-09,27.8,0.0,-4.19,-100.0,0,10,42759.0,91.9,24.1,97.0,12563.0,313401.0,6.16,5.31,11.1,62680240.0,2024,9,3,Monsoon,9.19,24.91,11.47,3.1152941176470588,0.0,10.0,0.0,6.965317919075144,0.6692913385826778,4.690799396681751,4.054054054054053,5.912408759124087,3.7788235294117647,5.076509944927404,4.927339070748259,4.5201426601763615,Moderate
Haryana,2024-10-27,2024-10,26.8,0.0,-5.22,-100.0,0,10,28962.0,79.5,25.0,71.2,13297.0,314927.0,6.1,5.22,6.9,62985339.0,2024,10,4,Post-Monsoon,10.22,27.05,11.32,2.6305882352941174,0.0,10.0,0.0,7.22543352601156,2.2965879265091873,4.600301659125188,3.832923832923832,2.846715328467153,3.6576470588235295,5.746779846160848,3.756333095534469,4.413515043569326,Moderate
Haryana,2024-11-26,2024-11,27.4,20.9,-4.57,-37.4,0,10,24918.0,74.2,22.0,87.2,11838.0,316460.0,6.2,5.84,8.6,63291923.0,2024,11,4,Post-Monsoon,6.44,24.58,12.04,2.9364705882352937,1.0628183361629882,10.0,0.0,6.358381502890173,2.9921259842519676,4.751131221719458,5.3562653562653555,4.087591240875913,4.05296314790772,5.348504847298711,4.7004324687879855,4.668270072914633,Moderate
Himachal Pradesh,2024-01-01,2024-01,11.0,304.8,-3.98,204.8,0,0,15941.0,51.6,8.0,145.0,5491.0,300000.0,5.58,5.6,6.8,60000000.0,2024,1,1,Winter,14.22,12.84,11.18,3.2141176470588233,5.174872665534805,0.0,0.0,2.312138728323699,5.958005249343832,3.815987933634993,4.766584766584765,2.7737226277372264,2.355991211425147,3.4058986846297388,3.7363741264557064,3.068554555804394,Moderate
Himachal Pradesh,2024-01-31,2024-01,10.7,285.8,-4.27,185.8,0,0,11220.0,66.5,0.0,72.2,4177.0,301460.0,5.61,6.19,6.2,60292053.0,2024,1,1,Winter,13.56,3.35,11.8,3.0776470588235294,4.852292020373515,0.0,0.0,0.0,4.002624671916011,3.8612368024132735,6.216216216216218,2.3357664233576645,2.2250993708179365,1.2007874015748032,4.033815993884693,2.3187693373495293,Low
Himachal Pradesh,2024-03-01,2024-03,15.1,65.7,0.12,-34.3,0,10,14454.0,61.9,32.3,111.3,5297.0,302928.0,6.01,6.94,7.2,60585528.0,2024,3,1,Summer,1.835,36.11,12.95,5.143529411764706,1.1154499151103567,10.0,0.0,9.335260115606934,4.606299212598425,4.464555052790347,8.05896805896806,3.065693430656934,4.620517327474284,7.916571844704381,5.0532773868969665,5.882326423360489,High
Himachal Pradesh,2024-03-31,2024-03,18.2,0.0,3.22,-100.0,0,10,14048.0,56.4,27.3,102.1,4969.0,304402.0,6.76,6.95,11.1,60880431.0,2024,3,1,Summer,8.22,31.66,13.71,6.602352941176471,0.0,10.0,0.0,7.890173410404624,5.328083989501313,5.59577677224736,8.083538083538082,5.912408759124087,4.6505882352941175,7.121546584133631,6.452926361041431,5.966008188824776,High
Himachal Pradesh,2024-04-30,2024-04,21.5,0.0,6.5,-100.0,0,10,4246.0,46.5,24.2,98.0,4506.0,305884.0,5.67,6.92,6.8,61176769.0,2024,4,2,Summer,11.5,29.55,12.59,8.145882352941175,0.0,10.0,0.0,6.99421965317919,6.6272965879265096,3.9517345399698343,8.009828009828011,2.7737226277372264,5.036470588235294,6.884142733603386,4.756858411645874,5.613252794966771,High
Himachal Pradesh,2024-05-30,2024-05,17.2,71.9,2.24,-28.1,0,10,11689.0,62.0,25.5,118.4,4215.0,307373.0,6.45,6.35,10.1,61474550.0,2024,5,2,Summer,3.645000000000001,29.3,12.8,6.141176470588235,1.2207130730050935,10.0,0.0,7.369942196531791,4.593175853018374,5.1282051282051295,6.609336609336609,5.182481751824817,4.901508039548586,6.536912293477766,5.5915413908114635,5.646407866239519,High
Himachal Pradesh,2024-06-29,2024-06,20.4,315.3,5.36,215.3,0,0,12031.0,50.1,7.8,95.5,5275.0,308869.0,5.41,5.53,10.2,61773781.0,2024,6,2,Monsoon,16.125,12.79,10.94,7.609411764705882,5.353140916808149,0.0,0.0,2.2543352601156066,6.15485564304462,3.559577677224736,4.594594594594595,5.255474452554743,3.508295216218915,3.4244913749943104,4.463646623801196,3.7178017236858736,Moderate
Himachal Pradesh,2024-07-29,2024-07,18.5,589.0,3.53,489.0,0,0,12095.0,48.3,5.3,88.0,5160.0,310372.0,5.53,5.44,6.3,62074468.0,2024,7,3,Monsoon,27.98,10.47,10.97,6.748235294117647,10.0,0.0,0.0,1.5317919075144506,6.391076115485565,3.740573152337859,4.373464373464374,2.408759124087591,4.687058823529412,2.9895771699057847,3.4643056087882202,3.7872519410758443,Moderate
Himachal Pradesh,2024-08-28,2024-08,16.1,134.1,1.14,34.1,0,0,10221.0,54.9,6.3,111.0,5112.0,311883.0,6.42,4.56,10.1,62376618.0,2024,8,3,Monsoon,2.845,10.81,10.98,5.623529411764705,2.2767402376910018,0.0,0.0,1.820809248554913,5.5249343832021,5.082956259426847,2.211302211302211,5.182481751824817,2.0889044242484767,2.9320467889490693,4.256293967328745,2.9258516376637513,Low
Himachal Pradesh,2024-09-27,2024-09,14.4,0.0,-0.59,-100.0,0,10,19092.0,52.9,25.4,102.4,5272.0,313401.0,6.31,4.59,10.2,62680240.0,2024,9,3,Monsoon,5.59,30.11,10.9,4.8094117647058825,0.0,10.0,0.0,7.3410404624277446,5.78740157480315,4.917043740573153,2.285012285012284,5.255474452554743,4.20235294117647,6.874948796140366,4.245885053098449,5.1486445183943275,High
Himachal Pradesh,2024-10-27,2024-10,10.0,0.0,-4.96,-100.0,0,10,12117.0,51.5,25.1,86.7,4299.0,314927.0,6.13,4.77,7.0,62985339.0,2024,10,4,Post-Monsoon,9.96,29.950000000000003,10.9,2.7529411764705882,0.0,10.0,0.0,7.254335260115607,5.971128608923885,4.645550527903469,2.7272727272727266,2.91970802919708,3.6882352941176473,6.86937326475809,3.4660223131670103,4.746080338604143,Moderate
Himachal Pradesh,2024-11-26,2024-11,8.5,92.9,-6.55,-7.1,0,0,16199.0,51.5,1.3,85.6,5447.0,316460.0,5.02,5.4,5.9,63291923.0,2024,11,4,Post-Monsoon,6.904999999999999,6.15,10.42,2.0047058823529413,1.5772495755517828,0.0,0.0,0.37572254335260113,5.971128608923885,2.971342383107088,4.275184275184277,2.1167883211678835,0.9743513432537702,2.0543443630239864,3.063401029051523,1.874611321622784,Low
Jharkhand,2024-01-01,2024-01,21.7,256.6,-5.3,179.9,0,0,11292.0,51.6,8.7,105.6,4582.0,200000.0,8.55,6.42,14.1,40000000.0,2024,1,1,Winter,14.295000000000002,13.54,14.97,2.592941176470588,4.752122241086587,0.0,0.0,2.5144508670520227,5.958005249343832,8.295625942684767,6.781326781326781,8.102189781021899,2.0738719664436234,3.547517181739565,7.773633537695368,4.0145881846101386,Moderate
Jharkhand,2024-01-31,2024-01,29.1,110.1,2.13,20.2,0,0,17148.0,56.5,1.4,112.7,5207.0,200974.0,8.35,6.9,14.2,40194702.0,2024,1,1,Winter,3.14,5.75,15.25,6.089411764705882,2.0407470288624787,0.0,0.0,0.4046242774566473,5.31496062992126,7.993966817496229,7.960687960687961,8.175182481751825,2.134577049835214,1.877725183196031,8.047408642943207,3.5228867947884983,Moderate
Jharkhand,2024-03-01,2024-03,28.4,47.3,1.37,-48.4,0,10,11555.0,55.2,24.6,97.1,5482.0,201952.0,8.67,7.46,13.7,40390352.0,2024,3,1,Summer,3.79,29.08,16.13,5.731764705882353,0.8760611205432938,10.0,0.0,7.109826589595375,5.485564304461942,8.476621417797888,9.336609336609337,7.81021897810219,4.695759512633576,6.622547904055344,8.501376939547828,6.321539806359758,High
Jharkhand,2024-03-31,2024-03,28.6,0.0,1.56,-100.0,0,10,17305.0,48.2,23.3,98.2,6290.0,202935.0,7.73,7.73,14.0,40586954.0,2024,3,1,Summer,6.5600000000000005,28.48,15.46,5.821176470588235,0.0,10.0,0.0,6.734104046242774,6.404199475065616,7.058823529411766,10.000000000000002,8.02919708029197,4.455294117647059,6.635132674889627,8.280807213396308,6.17461588661927,High
Jharkhand,2024-04-30,2024-04,31.5,0.0,4.46,-100.0,0,10,4196.0,63.4,29.9,88.9,5284.0,203923.0,7.99,7.29,12.7,40784513.0,2024,4,2,Summer,9.46,33.56,15.28,7.185882352941176,0.0,10.0,0.0,8.641618497109825,4.409448818897638,7.450980392156863,8.918918918918918,7.08029197080292,4.7964705882352945,7.371967593646168,7.761621002711599,6.439182143748177,High
Jharkhand,2024-05-30,2024-05,30.6,110.4,3.57,20.4,0,0,19885.0,54.0,3.9,88.4,4493.0,204915.0,8.43,7.1,15.6,40983034.0,2024,5,2,Summer,4.59,8.5,15.53,6.767058823529411,2.044142614601019,0.0,0.0,1.1271676300578033,5.6430446194225725,8.114630467571644,8.452088452088452,9.197080291970803,2.3050074902626587,2.481930726867234,8.59472530146639,3.939360075875193,Moderate
Jharkhand,2024-06-29,2024-06,29.9,266.7,2.87,190.9,0,0,13052.0,55.2,1.3,84.6,5117.0,205913.0,9.04,6.11,14.0,41182521.0,2024,6,2,Monsoon,12.415,5.779999999999999,15.15,6.437647058823529,4.938879456706282,0.0,0.0,0.37572254335260113,5.485564304461942,9.03469079939668,6.01965601965602,8.02919708029197,3.0910756017177667,1.9086750716854035,7.778257563787833,3.8490309067239563,Moderate
Jharkhand,2024-07-29,2024-07,29.6,201.5,2.59,119.8,0,0,10332.0,59.2,6.0,60.1,5187.0,206915.0,9.16,6.12,14.9,41382979.0,2024,7,3,Monsoon,8.58,10.08,15.28,6.305882352941176,3.731748726655348,0.0,0.0,1.7341040462427744,4.960629921259843,9.215686274509805,6.044226044226045,8.686131386861314,2.695995206231898,2.702061808747895,8.078903994747705,4.043845714241449,Moderate
Jharkhand,2024-08-28,2024-08,31.3,109.1,4.29,19.0,0,0,18683.0,63.4,1.4,108.4,4647.0,207922.0,9.51,5.94,13.2,41584412.0,2024,8,3,Monsoon,5.24,5.0600000000000005,15.45,7.105882352941176,2.0203735144312396,0.0,0.0,0.4046242774566473,4.409448818897638,9.743589743589743,5.601965601965603,7.445255474452555,2.3825826425646657,1.6060716398889445,7.696685506904485,3.439329507713118,Moderate
Jharkhand,2024-09-27,2024-09,20.4,0.0,-6.55,-100.0,0,10,14833.0,55.4,26.7,110.8,4540.0,208934.0,9.02,5.54,12.8,41786827.0,2024,9,3,Monsoon,11.55,31.16,14.56,2.0047058823529413,0.0,10.0,0.0,7.716763005780345,5.459317585301838,9.004524886877828,4.61916461916462,7.153284671532848,3.501176470588235,7.039529379636792,7.040982731193123,5.624551553906452,High
Jharkhand,2024-10-27,2024-10,21.3,0.0,-5.65,-100.0,0,10,12406.0,54.4,20.8,81.9,4632.0,209951.0,8.32,6.1,11.1,41990226.0,2024,10,4,Post-Monsoon,10.65,25.36,14.42,2.4282352941176466,0.0,10.0,0.0,6.011560693641618,5.590551181102363,7.948717948717949,5.995085995085994,5.912408759124087,3.6070588235294117,5.885257839879841,6.64992014627051,5.165143809937337,High
Jharkhand,2024-11-26,2024-11,20.4,88.5,-6.59,-3.4,0,0,14967.0,58.0,8.3,78.2,4842.0,210973.0,9.27,6.15,10.0,42194616.0,2024,11,4,Post-Monsoon,6.76,12.5,15.42,1.9858823529411764,1.6400679117147707,0.0,0.0,2.398843930635838,5.118110236220473,9.381598793363498,6.117936117936118,5.10948905109489,0.9884909617497253,3.2146238223112285,6.90726158094127,3.2473301177441374,Moderate
Karnataka,2024-01-01,2024-01,24.7,717.0,-3.32,244.2,0,0,26841.0,56.6,5.4,107.9,9096.0,500000.0,4.68,4.57,8.0,100000000.0,2024,1,1,Winter,15.53,9.74,9.25,3.524705882352941,5.8438030560271645,0.0,0.0,1.560693641618497,5.301837270341207,2.4585218702865763,2.235872235872236,3.6496350364963503,2.6343173873963845,2.68303673023531,2.808616588135695,2.694943957574836,Low
Karnataka,2024-01-31,2024-01,23.1,512.1,-4.9,145.8,0,0,20265.0,44.2,5.4,114.2,9478.0,502434.0,4.94,5.52,7.0,100486755.0,2024,1,1,Winter,12.19,10.98,10.46,2.781176470588235,4.173174872665536,0.0,0.0,1.560693641618497,6.929133858267717,2.8506787330316747,4.570024570024568,2.91970802919708,1.9472465794467193,3.1712257066132628,3.3906427377874344,2.736488313540188,Low
Karnataka,2024-03-01,2024-03,27.1,167.5,-0.95,-19.6,0,0,18205.0,35.8,1.0,110.2,8448.0,504879.0,5.48,5.91,4.6,100975879.0,2024,3,1,Summer,1.93,7.42,11.39,4.64,1.365025466893039,0.0,0.0,0.2890173410404624,8.031496062992126,3.665158371040725,5.528255528255528,1.167883211678832,1.5695076400679115,2.611760957625961,3.3500412124285033,2.3794296943033766,Low
Karnataka,2024-03-31,2024-03,34.0,0.0,6.03,-100.0,0,10,12300.0,57.5,6.2,99.9,9419.0,507337.0,5.24,6.79,6.8,101467385.0,2024,3,1,Summer,11.03,10.45,12.03,7.924705882352941,0.0,10.0,0.0,1.791907514450867,5.183727034120735,3.3031674208144803,7.690417690417691,2.7737226277372264,4.9811764705882355,2.809453370351827,4.4340368241184045,4.0842884738880345,Moderate
Karnataka,2024-04-30,2024-04,29.8,0.0,1.81,-100.0,0,10,9147.0,49.6,24.7,94.2,9134.0,509806.0,5.01,6.47,5.3,101961282.0,2024,4,2,Summer,6.8100000000000005,29.74,11.48,5.938823529411764,0.0,10.0,0.0,7.138728323699421,6.220472440944882,2.9562594268476623,6.904176904176904,1.6788321167883211,4.484705882352941,6.863251558873059,3.6935351115256654,5.119404176428163,High
Karnataka,2024-05-30,2024-05,37.2,272.9,9.24,31.0,0,0,28737.0,50.0,3.0,96.5,8622.0,512288.0,4.26,6.07,10.1,102457584.0,2024,5,2,Summer,10.79,8.0,10.33,9.435294117647059,2.224108658743633,0.0,0.0,0.8670520231213872,6.167979002624672,1.8250377073906483,5.9213759213759225,5.182481751824817,3.0260561270348547,2.4573301169723725,4.229044587138189,3.1277491385388196,Moderate
Karnataka,2024-06-29,2024-06,29.3,486.5,1.29,133.5,0,0,29897.0,45.1,2.3,99.8,9543.0,514782.0,4.78,4.94,10.7,102956301.0,2024,6,2,Monsoon,7.965,7.79,9.72,5.694117647058824,3.9643463497453313,0.0,0.0,0.6647398843930634,6.811023622047244,2.609351432880845,3.144963144963146,5.620437956204379,2.612833316688305,2.5086250056893173,3.823915229668772,2.879130886083776,Low
Karnataka,2024-07-29,2024-07,33.0,448.3,5.03,115.2,0,0,29563.0,49.1,4.9,127.8,9279.0,517287.0,4.23,4.6,7.4,103457446.0,2024,7,3,Monsoon,10.79,9.99,8.83,7.4541176470588235,3.6536502546689302,0.0,0.0,1.416184971098266,6.286089238845144,1.7797888386123688,2.309582309582309,3.2116788321167884,2.959624488165385,2.877156251422329,2.439888377629898,2.800826577671444,Low
Karnataka,2024-08-28,2024-08,28.9,256.7,0.89,23.2,0,0,27056.0,39.7,1.1,93.9,8695.0,519805.0,5.28,4.59,7.6,103961031.0,2024,8,3,Monsoon,2.05,7.129999999999999,9.87,5.5058823529411764,2.0916808149405774,0.0,0.0,0.3179190751445087,7.519685039370079,3.3634992458521875,2.285012285012284,3.357664233576642,2.0039748327174673,2.47844886441218,3.0379109033037754,2.4285247614571936,Low
Karnataka,2024-09-27,2024-09,23.6,0.0,-4.35,-100.0,0,10,25990.0,47.6,25.2,98.6,9243.0,522335.0,4.73,4.21,7.9,104467066.0,2024,9,3,Monsoon,9.35,30.44,8.940000000000001,3.04,0.0,10.0,0.0,7.283236994219652,6.482939632545932,2.533936651583711,1.3513513513513509,3.5766423357664237,3.76,7.043147785717536,2.544108050977952,4.605128737745625,Moderate
Karnataka,2024-10-27,2024-10,17.2,0.0,-10.81,-100.0,0,10,21879.0,40.3,19.1,97.1,8395.0,524878.0,3.24,4.24,7.2,104975565.0,2024,10,4,Post-Monsoon,15.81,25.07,7.48,0.0,0.0,10.0,0.0,5.520231213872832,7.440944881889765,0.28657616892911086,1.4250614250614255,3.065693430656934,3.0,6.096445314277911,1.6008127873735434,3.733959056840655,Moderate
Karnataka,2024-11-26,2024-11,22.5,130.3,-5.51,-37.4,0,10,24192.0,51.1,29.6,95.7,9745.0,527433.0,3.92,4.82,6.3,105486539.0,2024,11,4,Post-Monsoon,7.38,34.49,8.74,2.4941176470588236,1.0628183361629882,10.0,0.0,8.554913294797688,6.0236220472440944,1.3122171945701355,2.850122850122851,2.408759124087591,3.9423749126136025,7.79552592053161,2.1573785665670595,4.844728678873269,Moderate
Kerala,2024-01-01,2024-01,26.9,325.0,-1.07,56.0,0,0,12357.0,51.9,4.0,94.0,4806.0,300000.0,6.88,6.27,8.1,60000000.0,2024,1,1,Winter,3.87,8.81,13.15,4.583529411764705,2.6485568760611207,0.0,0.0,1.1560693641618496,5.918635170603675,5.7767722473604834,6.412776412776411,3.722627737226277,1.9404494157595127,2.584839106094397,5.24862291843829,2.9930291830464166,Low
Kerala,2024-01-31,2024-01,24.6,591.5,-3.38,183.9,0,0,12409.0,55.0,5.5,108.7,5595.0,301460.0,5.92,6.28,8.1,60292053.0,2024,1,1,Winter,12.575,10.0,12.2,3.4964705882352938,4.820033955857386,0.0,0.0,1.5895953757225432,5.511811023622047,4.328808446455506,6.437346437346438,3.722627737226277,2.320127833816039,2.766260070092394,4.749206595492556,3.0835438069318926,Moderate
Kerala,2024-03-01,2024-03,30.9,118.6,2.88,-43.1,0,10,14279.0,42.2,20.5,118.7,4317.0,302928.0,6.1,6.44,6.7,60585528.0,2024,3,1,Summer,5.035,26.28,12.54,6.442352941176471,0.966044142614601,10.0,0.0,5.924855491329479,7.191601049868766,4.600301659125188,6.830466830466831,2.7007299270072997,4.900401478078498,6.304879158891265,4.60450110428642,5.317993572914947,High
Kerala,2024-03-31,2024-03,32.8,0.0,4.83,-100.0,0,10,11461.0,46.0,21.5,110.8,5380.0,304402.0,6.31,6.99,7.4,60880431.0,2024,3,1,Summer,9.83,26.9,13.3,7.359999999999999,0.0,10.0,0.0,6.213872832369941,6.692913385826772,4.917043740573153,8.181818181818182,3.2116788321167884,4.84,6.35758499840699,5.299598354986934,5.486054338189179,High
Kerala,2024-04-30,2024-04,30.4,0.0,2.37,-100.0,0,10,4423.0,52.3,17.2,107.8,4261.0,305884.0,6.45,6.48,9.5,61176769.0,2024,4,2,Summer,7.37,21.97,12.93,6.20235294117647,0.0,10.0,0.0,4.971098265895953,5.866141732283465,5.1282051282051295,6.92874692874693,4.744525547445255,4.550588235294118,5.239611305812206,5.5340798151017125,5.037619204927347,High
Kerala,2024-05-30,2024-05,33.4,170.8,5.4,-18.0,0,0,15550.0,57.9,5.0,102.4,4513.0,307373.0,6.41,6.29,9.9,61474550.0,2024,5,2,Summer,6.300000000000001,9.21,12.7,7.628235294117648,1.3921901528013583,0.0,0.0,1.445086705202312,5.131233595800525,5.067873303167421,6.461916461916461,5.036496350364963,2.3247158693698196,2.550930772381776,5.475104317311272,3.1914881974093676,Moderate
Kerala,2024-06-29,2024-06,32.5,503.4,4.47,141.6,0,0,18590.0,54.9,4.5,81.3,4778.0,308869.0,5.74,5.74,8.6,61773781.0,2024,6,2,Monsoon,11.55,9.01,11.48,7.1905882352941175,4.101867572156197,0.0,0.0,1.3005780346820808,5.5249343832021,4.057315233785822,5.11056511056511,4.087591240875913,3.028207330470388,2.5678849392380867,4.3838867993011394,3.2060143607467704,Moderate
Kerala,2024-07-29,2024-07,30.7,682.2,2.73,227.5,0,0,12346.0,63.6,4.5,72.6,4193.0,310372.0,5.63,5.25,5.9,62074468.0,2024,7,3,Monsoon,14.105,8.14,10.88,6.371764705882352,5.560271646859084,0.0,0.0,1.3005780346820808,4.383202099737534,3.891402714932127,3.906633906633907,2.1167883211678835,3.2610226705283134,2.2253652541987163,3.2748570346251755,2.90200116583717,Low
Kerala,2024-08-28,2024-08,31.2,131.0,3.17,-37.1,0,10,19414.0,51.7,24.4,120.8,4697.0,311883.0,5.75,4.85,8.5,62376618.0,2024,8,3,Monsoon,5.025,29.23,10.6,6.578823529411764,1.067911714770798,10.0,0.0,7.052023121387282,5.94488188976378,4.072398190045249,2.923832923832922,4.014598540145986,4.96507939678418,6.719880751900231,3.7075987327168085,5.264889705057954,High
Kerala,2024-09-27,2024-09,29.8,0.0,1.77,-100.0,0,10,20478.0,52.6,27.0,143.1,4697.0,313401.0,5.88,4.78,10.0,62680240.0,2024,9,3,Monsoon,6.77,31.74,10.66,5.92,0.0,10.0,0.0,7.803468208092484,5.826771653543307,4.268476621417799,2.7518427518427515,5.10948905109489,4.48,7.210459241727731,4.107840810932267,5.342620937337773,High
Kerala,2024-10-27,2024-10,23.4,0.0,-4.63,-100.0,0,10,13781.0,61.5,25.9,131.2,5016.0,314927.0,6.44,4.74,6.6,62985339.0,2024,10,4,Post-Monsoon,9.63,29.75,11.18,2.908235294117647,0.0,10.0,0.0,7.485549132947976,4.6587926509186355,5.113122171945703,2.6535626535626538,2.627737226277372,3.7270588235294118,6.637522188339173,3.5053695854468723,4.690298691692194,Moderate
Kerala,2024-11-26,2024-11,23.6,169.4,-4.44,-18.7,0,0,10192.0,51.6,6.4,140.3,5068.0,316460.0,5.48,5.15,8.3,63291923.0,2024,11,4,Post-Monsoon,5.375,11.24,10.63,2.9976470588235293,1.3803056027164686,0.0,0.0,1.8497109826589595,5.958005249343832,3.665158371040725,3.6609336609336616,3.868613138686132,1.1635034455208229,3.082199262664421,3.735100126684498,2.477946151812001,Low
Madhya Pradesh,2024-01-01,2024-01,22.3,213.4,-4.75,132.8,0,0,20022.0,38.3,5.6,80.6,9600.0,300000.0,5.62,5.41,8.1,60000000.0,2024,1,1,Winter,11.39,11.77,11.03,2.8517647058823528,3.952461799660442,0.0,0.0,1.6184971098265892,7.7034120734908145,3.8763197586727003,4.2997542997543,3.722627737226277,1.8986797163687208,3.443971598925857,3.949557913490932,2.9522514245442713,Low
Madhya Pradesh,2024-01-31,2024-01,23.3,314.3,-3.68,242.8,0,0,18762.0,47.7,1.9,123.7,9359.0,301460.0,6.09,6.48,7.9,60292053.0,2024,1,1,Winter,15.82,7.129999999999999,12.57,3.3552941176470585,5.820033955857386,0.0,0.0,0.5491329479768785,6.469816272965879,4.585218702865761,6.92874692874693,3.5766423357664237,2.5848337161689803,2.3253379454735787,4.935275442145343,3.0816206279196807,Moderate
Madhya Pradesh,2024-03-01,2024-03,27.7,72.6,0.71,-20.8,0,10,25903.0,37.9,22.7,130.0,8839.0,302928.0,5.79,6.39,8.9,60585528.0,2024,3,1,Summer,1.75,28.91,12.18,5.421176470588235,1.3446519524617997,10.0,0.0,6.560693641618496,7.755905511811024,4.132730015082956,6.707616707616706,4.306569343065693,4.758689703385599,6.919257202676254,4.966039787637039,5.566725849200187,High
Madhya Pradesh,2024-03-31,2024-03,31.3,0.0,4.3,-100.0,0,10,20516.0,47.8,29.0,109.1,10083.0,304402.0,5.58,6.97,5.4,60880431.0,2024,3,1,Summer,9.3,34.22,12.55,7.110588235294117,0.0,10.0,0.0,8.38150289017341,6.456692913385828,3.815987933634993,8.132678132678132,1.7518248175182483,4.777647058823529,7.804059897137135,4.388537902707074,5.739614263204177,High
Madhya Pradesh,2024-04-30,2024-04,33.0,0.0,5.96,-100.0,0,10,7842.0,45.3,27.8,105.4,9764.0,305884.0,5.82,6.76,9.4,61176769.0,2024,4,2,Summer,10.96,33.27,12.58,7.891764705882353,0.0,10.0,0.0,8.034682080924854,6.78477690288714,4.177978883861238,7.616707616707616,4.671532846715328,4.972941176470588,7.659710527513539,5.382341390714083,6.015660502896495,High
Madhya Pradesh,2024-05-30,2024-05,30.3,76.3,3.34,-16.8,0,0,29742.0,50.4,6.6,92.7,8580.0,307373.0,7.35,6.4,7.0,61474550.0,2024,5,2,Summer,4.18,11.56,13.75,6.658823529411764,1.4125636672325976,0.0,0.0,1.9075144508670516,6.115485564304462,6.4856711915535445,6.732186732186733,2.91970802919708,2.0884749825227202,3.169905784898275,5.311538746918738,3.2727417044531686,Moderate
Madhya Pradesh,2024-06-29,2024-06,32.8,296.3,5.82,223.2,0,0,21358.0,55.3,0.0,77.9,8889.0,308869.0,5.95,5.27,8.8,61773781.0,2024,6,2,Monsoon,16.98,4.470000000000001,11.22,7.825882352941177,5.487266553480476,0.0,0.0,0.0,5.472440944881891,4.374057315233786,3.955773955773955,4.233576642335766,3.602650554279437,1.6417322834645671,4.1994040718815295,3.0655175388947558,Moderate
Madhya Pradesh,2024-07-29,2024-07,29.5,259.3,2.46,182.8,0,0,25505.0,49.1,5.9,117.2,8708.0,310372.0,5.58,5.57,7.9,62074468.0,2024,7,3,Monsoon,11.6,10.99,11.15,6.244705882352941,4.801358234295416,0.0,0.0,1.7052023121387283,6.286089238845144,3.815987933634993,4.692874692874694,3.5766423357664237,3.00158394087686,3.0794683901506525,3.9952830021529038,3.2772682634416985,Moderate
Madhya Pradesh,2024-08-28,2024-08,29.6,75.4,2.56,-17.7,0,0,26098.0,43.8,5.8,132.1,9245.0,311883.0,5.94,4.74,12.5,62376618.0,2024,8,3,Monsoon,3.4450000000000003,11.42,10.68,6.291764705882353,1.397283531409168,0.0,0.0,1.6763005780346818,6.981627296587927,4.3589743589743595,2.6535626535626538,6.934306569343066,1.9921262358933387,3.2678985936006555,4.748717120979895,3.1277942823625384,Moderate
Madhya Pradesh,2024-09-27,2024-09,25.6,0.0,-1.41,-100.0,0,10,30968.0,50.9,27.0,103.6,8352.0,313401.0,5.84,5.35,10.6,62680240.0,2024,9,3,Monsoon,6.41,31.91,11.19,4.423529411764706,0.0,10.0,0.0,7.803468208092484,6.0498687664042,4.20814479638009,4.152334152334152,5.547445255474452,4.105882352941176,7.277388375585998,4.660156763849335,5.354478063593904,High
Madhya Pradesh,2024-10-27,2024-10,22.2,0.0,-4.77,-100.0,0,10,23327.0,42.4,23.0,111.7,9619.0,314927.0,6.24,5.04,9.8,62985339.0,2024,10,4,Post-Monsoon,9.77,28.76,11.28,2.8423529411764705,0.0,10.0,0.0,6.647398843930635,7.165354330708662,4.811463046757165,3.3906633906633914,4.963503649635037,3.7105882352941175,6.802785489964043,4.4384373609362875,4.974819555839134,Moderate
Madhya Pradesh,2024-11-26,2024-11,23.7,114.0,-3.35,24.4,0,0,21692.0,53.5,5.9,104.8,10301.0,316460.0,5.04,5.22,10.7,63291923.0,2024,11,4,Post-Monsoon,4.57,10.55,10.26,3.510588235294118,2.1120543293718166,0.0,0.0,1.7052023121387283,5.708661417322835,3.0015082956259427,3.832923832923832,5.620437956204379,1.5112633576350745,2.90624004369396,4.167558338017762,2.6635789428513563,Low
Maharashtra,2024-01-01,2024-01,25.3,252.0,-1.72,174.9,0,0,24043.0,48.8,0.0,107.6,9645.0,500000.0,4.48,4.78,6.6,100000000.0,2024,1,1,Winter,10.465000000000002,5.12,9.260000000000002,4.277647058823529,4.667232597623091,0.0,0.0,0.0,6.325459317585302,2.1568627450980404,2.7518427518427515,2.627737226277372,2.4695815439928097,1.8976377952755907,2.5001628155342197,2.2770465498271357,Low
Maharashtra,2024-01-31,2024-01,25.9,227.1,-1.14,147.8,0,0,24508.0,38.9,4.6,95.8,8575.0,502434.0,5.35,6.07,6.6,100486755.0,2024,1,1,Winter,8.530000000000001,10.71,11.42,4.550588235294118,4.207130730050935,0.0,0.0,1.3294797687861268,7.624671916010499,3.469079939668175,5.9213759213759225,2.627737226277372,2.3997862778388095,3.2180374129534384,3.910298784493718,3.0638023017926566,Moderate
Maharashtra,2024-03-01,2024-03,27.6,88.1,0.65,-3.9,0,0,19092.0,53.3,6.8,107.9,8402.0,504879.0,4.98,5.96,3.3,100975879.0,2024,3,1,Summer,0.845,11.47,10.94,5.392941176470588,1.631578947368421,0.0,0.0,1.9653179190751442,5.73490813648294,2.911010558069383,5.6511056511056506,0.21897810218978098,1.8377089783281733,3.096194984297483,2.7908277264224024,2.516458767440989,Low
Maharashtra,2024-03-31,2024-03,29.7,0.0,2.69,-100.0,0,10,23521.0,42.0,8.6,97.3,9007.0,507337.0,4.04,6.67,6.2,101467385.0,2024,3,1,Summer,7.689999999999999,14.4,10.71,6.352941176470588,0.0,10.0,0.0,2.4855491329479764,7.217847769028872,1.493212669683258,7.395577395577396,2.3357664233576645,4.588235294117647,3.905238723772245,3.558815901237541,4.09183164627673,Moderate
Maharashtra,2024-04-30,2024-04,29.7,0.0,2.69,-100.0,0,10,7587.0,44.4,26.9,108.4,8556.0,509806.0,4.38,5.98,10.6,101961282.0,2024,4,2,Summer,7.689999999999999,32.46,10.36,6.352941176470588,0.0,10.0,0.0,7.774566473988438,6.902887139107612,2.0060331825037707,5.7002457002457,5.547445255474452,4.588235294117647,7.513062673524191,4.353791163366088,5.553313844222048,High
Maharashtra,2024-05-30,2024-05,30.0,58.3,2.99,-36.4,0,10,24638.0,43.1,27.2,134.5,8800.0,512288.0,5.31,6.37,6.4,102457584.0,2024,5,2,Summer,4.8100000000000005,32.89,11.68,6.4941176470588236,1.0797962648556876,10.0,0.0,7.861271676300577,7.073490813648294,3.408748114630468,6.658476658476658,2.4817518248175188,4.947468291221412,7.624937417504891,4.059217976349792,5.662519906702725,High
Maharashtra,2024-06-29,2024-06,33.6,309.9,6.65,238.1,0,0,28213.0,37.9,7.8,64.8,8237.0,514782.0,4.65,4.75,9.7,102956301.0,2024,6,2,Monsoon,18.555,14.01,9.4,8.216470588235294,5.740237691001698,0.0,0.0,2.2543352601156066,7.755905511811024,2.413273001508297,2.6781326781326786,4.890510948905108,3.776188954359333,3.9048063356242313,3.359764186084495,3.717098845733338,Moderate
Maharashtra,2024-07-29,2024-07,30.7,297.6,3.75,224.7,0,0,33818.0,57.8,3.3,88.7,9092.0,517287.0,3.92,4.77,4.6,103457446.0,2024,7,3,Monsoon,14.985,7.52,8.69,6.851764705882353,5.512733446519524,0.0,0.0,0.9537572254335258,5.144356955380578,1.3122171945701355,2.7272727272727266,1.167883211678832,3.3667612104264455,2.2109371444176413,1.6862169603689565,2.542086724808992,Low
Maharashtra,2024-08-28,2024-08,27.0,67.0,-0.02,-26.9,0,10,35327.0,55.3,31.0,124.2,9512.0,519805.0,4.21,4.08,5.5,103961031.0,2024,8,3,Monsoon,1.365,35.47,8.29,5.077647058823529,1.2410865874363328,10.0,0.0,8.959537572254334,5.472440944881891,1.7496229260935143,1.0319410319410327,1.824817518248175,4.641737740936782,7.9134085840426,1.560636465101901,5.0165472170650975,High
Maharashtra,2024-09-27,2024-09,24.7,0.0,-2.35,-100.0,0,10,30200.0,42.2,27.3,83.6,8998.0,522335.0,4.23,4.04,8.4,104467066.0,2024,9,3,Monsoon,7.35,33.08,8.27,3.981176470588235,0.0,10.0,0.0,7.890173410404624,7.191601049868766,1.7797888386123688,0.9336609336609332,3.941605839416059,3.9952941176470587,7.680601702243866,2.2825864174082295,4.856974847196233,Moderate
Maharashtra,2024-10-27,2024-10,24.6,0.0,-2.38,-100.0,0,10,20865.0,48.5,23.6,119.1,9044.0,524878.0,3.95,4.4,9.2,104975565.0,2024,10,4,Post-Monsoon,7.38,28.75,8.350000000000001,3.9670588235294115,0.0,10.0,0.0,6.820809248554913,6.36482939632546,1.3574660633484168,1.8181818181818183,4.525547445255475,3.991764705882353,6.684015292886077,2.6045092734659074,4.587238553229545,Moderate
Maharashtra,2024-11-26,2024-11,20.3,82.8,-6.65,-9.6,0,0,27983.0,44.0,1.6,85.7,8067.0,527433.0,4.24,4.48,6.3,105486539.0,2024,11,4,Post-Monsoon,7.130000000000001,7.199999999999999,8.72,1.9576470588235293,1.534804753820034,0.0,0.0,0.4624277456647399,6.955380577427822,1.7948717948717956,2.0147420147420156,2.408759124087591,0.9498531908518926,2.410313595193664,2.0756934260583897,1.7424743911731368,Low
Manipur,2024-01-01,2024-01,23.5,208.1,-3.5,127.0,0,0,11802.0,62.6,4.6,112.6,4488.0,300000.0,6.59,5.86,7.9,60000000.0,2024,1,1,Winter,9.85,8.34,12.45,3.44,3.8539898132427846,0.0,0.0,1.3294797687861268,4.514435695538057,5.339366515837105,5.405405405405405,3.5766423357664237,2.0161969439728353,2.284966546811706,4.742224719682856,2.791773248893945,Low
Manipur,2024-01-31,2024-01,22.9,268.7,-4.14,193.2,0,0,16450.0,57.9,8.7,95.5,4520.0,301460.0,6.24,5.97,10.4,60292053.0,2024,1,1,Winter,13.8,12.91,12.21,3.1388235294117646,4.977928692699491,0.0,0.0,2.5144508670520227,5.131233595800525,4.811463046757165,5.675675675675675,5.401459854014599,2.2780844901627884,3.299485685676573,5.2772257179728195,3.385360215545121,Moderate
Manipur,2024-03-01,2024-03,27.5,77.7,0.49,-15.2,0,0,11107.0,64.4,8.3,130.9,4756.0,302928.0,6.2,6.57,7.3,60585528.0,2024,3,1,Summer,1.25,11.86,12.77,5.317647058823529,1.4397283531409168,0.0,0.0,2.398843930635838,4.278215223097113,4.751131221719458,7.149877149877151,3.138686131386861,1.7613302706481573,2.96265531837422,4.906399218550357,2.968061274327829,Low
Manipur,2024-03-31,2024-03,28.6,0.0,1.56,-100.0,0,10,9313.0,46.2,5.4,106.5,4926.0,304402.0,5.56,6.96,11.5,60880431.0,2024,3,1,Summer,6.5600000000000005,10.78,12.52,5.821176470588235,0.0,10.0,0.0,1.560693641618497,6.666666666666667,3.7858220211161377,8.108108108108107,6.204379562043796,4.455294117647059,3.092485549132948,5.929002986538409,4.346738335889958,Moderate
Manipur,2024-04-30,2024-04,28.4,0.0,1.43,-100.0,0,10,4534.0,57.6,20.2,89.3,4415.0,305884.0,5.68,6.8,4.8,61176769.0,2024,4,2,Summer,6.43,24.44,12.48,5.76,0.0,10.0,0.0,5.8381502890173405,5.170603674540683,3.966817496229261,7.714987714987716,1.3138686131386859,4.4399999999999995,5.637886304674343,4.162736452775096,4.789944319829794,Moderate
Manipur,2024-05-30,2024-05,30.6,85.8,3.56,-6.4,0,0,6383.0,63.9,4.9,133.2,4771.0,307373.0,5.71,6.29,7.2,61474550.0,2024,5,2,Summer,3.88,8.510000000000002,12.0,6.76235294117647,1.5891341256366724,0.0,0.0,1.416184971098266,4.343832020997376,4.012066365007541,6.461916461916461,3.065693430656934,2.167328472985119,2.294479086067999,4.415790867057504,2.7739467860822233,Low
Manipur,2024-06-29,2024-06,32.0,361.3,4.95,294.1,0,0,13193.0,50.0,6.4,106.0,5383.0,308869.0,5.53,5.6,9.6,61773781.0,2024,6,2,Monsoon,19.655,11.4,11.13,7.416470588235294,6.69100169779287,0.0,0.0,1.8497109826589595,6.167979002624672,3.740573152337859,4.766584766584765,4.8175182481751815,3.861418156396684,3.145191388648673,4.425307420154994,3.7517111036244577,Moderate
Manipur,2024-07-29,2024-07,31.2,238.4,4.22,160.1,0,0,18681.0,54.0,4.7,82.4,4587.0,310372.0,5.91,4.63,4.8,62074468.0,2024,7,3,Monsoon,12.224999999999998,9.3,10.54,7.072941176470588,4.415959252971137,0.0,0.0,1.3583815028901733,5.6430446194225725,4.313725490196079,2.3832923832923836,1.3138686131386859,3.093023070008988,2.643780437849893,2.6846456511548826,2.8336937940397786,Low
Manipur,2024-08-28,2024-08,27.0,64.1,-0.04,-30.1,0,10,14321.0,59.6,26.1,83.9,5746.0,311883.0,5.7,5.07,3.5,62376618.0,2024,8,3,Monsoon,1.5450000000000002,30.14,10.77,5.068235294117647,1.1867572156196944,10.0,0.0,7.5433526011560685,4.908136482939633,3.9969834087481146,3.4643734643734643,0.3649635036496348,4.62308598821532,6.752787765691138,2.5659934586512514,4.85420847794084,Moderate
Manipur,2024-09-27,2024-09,24.5,0.0,-2.54,-100.0,0,10,14187.0,51.3,24.9,51.5,5442.0,313401.0,5.75,4.64,11.8,62680240.0,2024,9,3,Monsoon,7.54,29.77,10.39,3.891764705882353,0.0,10.0,0.0,7.196531791907513,5.99737532808399,4.072398190045249,2.4078624078624067,6.423357664233578,3.972941176470588,6.836784852760456,4.395873271356312,5.081019486893473,High
Manipur,2024-10-27,2024-10,23.3,0.0,-3.68,-100.0,0,10,13768.0,55.3,24.2,110.3,4219.0,314927.0,5.81,5.05,9.3,62985339.0,2024,10,4,Post-Monsoon,8.68,28.67,10.86,3.3552941176470585,0.0,10.0,0.0,6.99421965317919,5.472440944881891,4.162895927601809,3.4152334152334145,4.598540145985401,3.8388235294117647,6.53768604069,4.091072650325549,4.846487688587592,Moderate
Manipur,2024-11-26,2024-11,23.0,133.8,-3.96,46.0,0,0,10730.0,48.7,7.4,105.9,4322.0,316460.0,4.93,5.53,9.4,63291923.0,2024,11,4,Post-Monsoon,6.26,12.53,10.46,3.223529411764706,2.4787775891341255,0.0,0.0,2.138728323699422,6.338582677165355,2.835595776772247,4.594594594594595,4.671532846715328,1.549515629681414,3.3986846297392015,4.005873396599029,2.810814221431044,Low
Meghalaya,2024-01-01,2024-01,19.5,714.3,-4.55,206.1,0,0,13119.0,46.9,4.9,123.3,4633.0,300000.0,6.25,6.98,4.8,60000000.0,2024,1,1,Winter,14.855,10.21,13.23,2.9458823529411764,5.196943972835314,0.0,0.0,1.416184971098266,6.5748031496063,4.826546003016592,8.157248157248157,1.3138686131386859,2.2955537800858883,2.9637704246506757,4.596319562828794,3.10462105136929,Moderate
Meghalaya,2024-01-31,2024-01,22.9,560.7,-1.12,140.3,0,0,10055.0,60.7,5.6,79.7,5031.0,301460.0,6.86,6.21,9.6,60292053.0,2024,1,1,Winter,8.135000000000002,9.53,13.07,4.56,4.079796264855688,0.0,0.0,1.6184971098265892,4.763779527559055,5.74660633484163,6.2653562653562656,4.8175182481751815,2.363938879456706,2.562081835146329,5.577050483662764,3.2365668149995885,Moderate
Meghalaya,2024-03-01,2024-03,24.4,234.2,0.45,0.4,0,0,13029.0,55.9,7.1,92.7,4586.0,302928.0,5.98,6.54,7.9,60585528.0,2024,3,1,Summer,0.47,11.51,12.52,5.298823529411765,1.704584040747029,0.0,0.0,2.052023121387283,5.393700787401575,4.419306184012067,7.076167076167076,3.5766423357664237,1.8360810945770498,3.0545264211915706,4.9214321047725935,3.033874711441018,Moderate
Meghalaya,2024-03-31,2024-03,26.7,0.0,2.7,-100.0,0,10,12207.0,40.4,1.8,108.7,5452.0,304402.0,6.16,6.34,10.5,60880431.0,2024,3,1,Summer,7.7,7.76,12.5,6.357647058823529,0.0,10.0,0.0,0.5202312138728323,7.427821522309712,4.690799396681751,6.584766584766584,5.474452554744525,4.589411764705883,2.592508306403896,5.533268158429172,4.126459652731009,Moderate
Meghalaya,2024-04-30,2024-04,28.4,0.0,4.38,-100.0,0,10,2637.0,58.1,22.0,141.1,5010.0,305884.0,5.79,6.33,8.1,61176769.0,2024,4,2,Summer,9.38,26.19,12.12,7.148235294117647,0.0,10.0,0.0,6.358381502890173,5.10498687664042,4.132730015082956,6.560196560196561,3.722627737226277,4.787058823529412,5.9823631150152465,4.717434181367199,5.188009165008901,High
Meghalaya,2024-05-30,2024-05,31.9,300.5,7.9,28.8,0,0,12816.0,61.9,4.5,87.1,4600.0,307373.0,6.63,6.14,9.7,61474550.0,2024,5,2,Summer,9.34,8.31,12.77,8.804705882352941,2.1867572156196946,0.0,0.0,1.3005780346820808,4.606299212598425,5.399698340874812,6.093366093366093,4.890510948905108,2.8572036352741437,2.292294388056984,5.4295830794328,3.302580259787802,Moderate
Meghalaya,2024-06-29,2024-06,32.6,490.7,8.64,110.3,0,0,13552.0,55.6,2.1,132.5,5162.0,308869.0,5.63,6.03,10.4,61773781.0,2024,6,2,Monsoon,14.155,6.539999999999999,11.66,9.152941176470588,3.570458404074703,0.0,0.0,0.6069364161849711,5.433070866141732,3.891402714932127,5.823095823095823,5.401459854014599,3.3593728153400577,2.0547767511719996,4.999430646060101,3.312778650561248,Moderate
Meghalaya,2024-07-29,2024-07,28.2,672.5,4.24,188.2,0,0,14243.0,47.2,4.1,117.7,4961.0,310372.0,6.92,5.25,10.3,62074468.0,2024,7,3,Monsoon,13.65,9.38,12.17,7.08235294117647,4.893039049235993,0.0,0.0,1.1849710982658956,6.535433070866142,5.837104072398191,3.906633906633907,5.328467153284672,3.2384999500649156,2.7901096900459694,5.079940100979174,3.541923396786849,Moderate
Meghalaya,2024-08-28,2024-08,28.4,176.8,4.38,-24.2,0,10,14459.0,56.5,34.6,85.0,4787.0,311883.0,6.05,5.32,7.6,62376618.0,2024,8,3,Monsoon,5.59,38.95,11.37,7.148235294117647,1.2869269949066213,10.0,0.0,10.0,5.31496062992126,4.524886877828054,4.078624078624079,3.357664233576642,5.173136922001398,8.594488188976378,3.9824801125788674,6.072945663087008,High
Meghalaya,2024-09-27,2024-09,19.8,0.0,-4.18,-100.0,0,10,18445.0,47.8,25.3,118.4,4666.0,313401.0,6.37,4.74,8.9,62680240.0,2024,9,3,Monsoon,9.18,30.520000000000003,11.11,3.12,0.0,10.0,0.0,7.312138728323699,6.456692913385828,5.007541478129713,2.6535626535626538,4.306569343065693,3.7800000000000002,7.055504983842337,4.056007583487188,4.995428640216615,Moderate
Meghalaya,2024-10-27,2024-10,15.4,0.0,-8.58,-100.0,0,10,16496.0,52.8,28.2,125.6,5034.0,314927.0,6.05,5.01,8.8,62985339.0,2024,10,4,Post-Monsoon,13.58,32.92,11.06,1.0494117647058818,0.0,10.0,0.0,8.15028901734104,5.800524934383203,4.524886877828054,3.3169533169533167,4.233576642335766,3.2623529411764705,7.445359792453688,4.060548227143332,4.925954160615213,Moderate
Meghalaya,2024-11-26,2024-11,17.5,243.9,-6.52,4.5,0,0,14047.0,50.8,6.5,87.1,5515.0,316460.0,6.11,5.77,11.0,63291923.0,2024,11,4,Post-Monsoon,6.744999999999999,11.42,11.88,2.018823529411765,1.7741935483870968,0.0,0.0,1.8786127167630056,6.062992125984253,4.615384615384617,5.184275184275183,5.839416058394161,1.0369639468690703,3.1339265395293796,5.214462791105127,2.815275565359193,Low
Mizoram,2024-01-01,2024-01,20.4,996.3,-3.65,327.0,0,0,11197.0,50.2,3.8,108.5,6031.0,300000.0,6.43,5.66,7.2,60000000.0,2024,1,1,Winter,20.0,8.78,12.09,3.369411764705882,7.249575551782683,0.0,0.0,1.098265895953757,6.141732283464567,5.098039215686274,4.914004914004915,3.065693430656934,3.0172256067112753,2.6113058122069996,4.331507900421597,3.2037242520623592,Moderate
Mizoram,2024-01-31,2024-01,23.4,527.1,-0.6,125.9,0,0,9438.0,62.1,5.1,98.4,5226.0,301460.0,6.48,6.56,11.9,60292053.0,2024,1,1,Winter,6.895,8.89,13.04,4.804705882352941,3.8353140916808153,0.0,0.0,1.473988439306358,4.580052493438321,5.17345399698341,7.125307125307126,6.496350364963504,2.35177069809248,2.4058076555459467,6.222023664273557,3.3382468747464626,Moderate
Mizoram,2024-03-01,2024-03,22.2,267.8,-1.8,14.8,0,0,9450.0,54.1,6.3,119.7,5594.0,302928.0,5.7,6.6,5.7,60585528.0,2024,3,1,Summer,2.54,10.89,12.3,4.24,1.9490662139219017,0.0,0.0,1.820809248554913,5.6299212598425195,3.9969834087481146,7.223587223587222,1.9708029197080292,1.6447198641765706,2.963542851941195,4.255801382035816,2.7590782893590005,Low
Mizoram,2024-03-31,2024-03,23.9,0.0,-0.14,-100.0,0,10,18215.0,56.6,6.7,103.9,4823.0,304402.0,5.8,7.1,8.1,60880431.0,2024,3,1,Summer,5.14,11.04,12.9,5.021176470588236,0.0,10.0,0.0,1.9364161849710981,5.301837270341207,4.147812971342383,8.452088452088452,3.722627737226277,4.255294117647059,2.9460425105821306,5.290280783625566,4.055802721668961,Moderate
Mizoram,2024-04-30,2024-04,30.7,0.0,6.69,-100.0,0,10,5338.0,55.8,24.1,126.4,4497.0,305884.0,6.32,6.61,9.6,61176769.0,2024,4,2,Summer,11.69,28.520000000000003,12.93,8.235294117647058,0.0,10.0,0.0,6.965317919075144,5.406824146981628,4.932126696832579,7.24815724815725,4.8175182481751815,5.0588235294117645,6.497769787447089,5.586822905199892,5.694454563671159,High
Mizoram,2024-05-30,2024-05,25.6,328.1,1.57,40.6,0,0,18420.0,54.4,9.0,57.6,4696.0,307373.0,5.43,6.33,3.0,61474550.0,2024,5,2,Summer,3.6000000000000005,13.56,11.76,5.825882352941177,2.3870967741935485,0.0,0.0,2.6011560693641615,5.590551181102363,3.5897435897435894,6.560196560196561,0.0,2.172599620493359,3.4979746028856216,3.2244692244692246,2.899448265324617,Low
Mizoram,2024-06-29,2024-06,28.1,874.2,4.1,274.7,0,0,18891.0,50.0,4.9,89.9,5420.0,308869.0,5.91,5.31,11.4,61773781.0,2024,6,2,Monsoon,17.835,9.9,11.22,7.016470588235293,6.361629881154499,0.0,0.0,1.416184971098266,6.167979002624672,4.313725490196079,4.054054054054053,6.131386861313869,3.662606611405173,2.8417231805561873,4.872005539244697,3.677647142567909,Moderate
Mizoram,2024-07-29,2024-07,23.3,522.9,-0.69,124.1,0,0,16640.0,53.2,4.3,92.2,4539.0,310372.0,6.39,5.44,12.0,62074468.0,2024,7,3,Monsoon,6.895,8.98,11.83,4.762352941176471,3.8047538200339557,0.0,0.0,1.2427745664739882,5.748031496062992,5.037707390648567,4.373464373464374,6.569343065693431,2.3320143813043046,2.594351645350689,5.374506971759011,3.1844555713342158,Moderate
Mizoram,2024-08-28,2024-08,24.0,236.6,0.01,1.4,0,0,19846.0,61.1,4.0,130.4,5499.0,311883.0,5.53,5.46,10.9,62376618.0,2024,8,3,Monsoon,0.0799999999999999,7.89,10.99,5.091764705882353,1.7215619694397284,0.0,0.0,1.1560693641618496,4.711286089238846,3.740573152337859,4.422604422604422,5.766423357664234,1.789409767302507,2.2226343816849483,4.654230105282059,2.6572434668312495,Low
Mizoram,2024-09-27,2024-09,20.6,0.0,-3.4,-100.0,0,10,13705.0,54.9,26.2,81.9,5162.0,313401.0,5.88,5.14,6.8,62680240.0,2024,9,3,Monsoon,8.4,30.71,11.02,3.487058823529412,0.0,10.0,0.0,7.572254335260115,5.5249343832021,4.268476621417799,3.636363636363635,2.7737226277372264,3.871764705882353,6.958058349642711,3.5556788281133493,4.872946011756228,Moderate
Mizoram,2024-10-27,2024-10,17.5,0.0,-6.47,-100.0,0,10,9170.0,52.7,28.6,104.0,5142.0,314927.0,5.59,4.75,7.9,62985339.0,2024,10,4,Post-Monsoon,11.47,33.33,10.34,2.0423529411764707,0.0,10.0,0.0,8.265895953757225,5.813648293963254,3.83107088989442,2.6781326781326786,3.5766423357664237,3.510588235294118,7.530221655819033,3.3961394324210987,4.888847731759583,Moderate
Mizoram,2024-11-26,2024-11,19.2,269.3,-4.76,15.4,0,0,11379.0,52.6,6.8,117.4,4327.0,316460.0,5.47,5.67,8.5,63291923.0,2024,11,4,Post-Monsoon,5.529999999999999,11.54,11.14,2.847058823529412,1.9592529711375213,0.0,0.0,1.9653179190751442,5.826771653543307,3.6500754147812966,4.938574938574938,4.014598540145986,1.2995405972236094,3.123754039415593,4.16420836579703,2.6541822441341587,Low
Nagaland,2024-01-01,2024-01,24.1,165.9,-2.91,81.0,0,0,12303.0,50.0,10.8,86.4,5257.0,300000.0,6.18,5.63,5.4,60000000.0,2024,1,1,Winter,6.96,15.8,11.81,3.7176470588235295,3.073005093378608,0.0,0.0,3.121387283236994,6.167979002624672,4.7209653092006025,4.84029484029484,1.7518248175182483,1.8513132927194649,4.035364799053298,3.71756499644005,3.0822942458664526,Moderate
Nagaland,2024-01-31,2024-01,21.4,346.4,-5.57,277.9,0,0,12431.0,57.4,6.1,112.7,5555.0,301460.0,6.14,5.73,8.9,60292053.0,2024,1,1,Winter,19.465,10.36,11.87,2.4658823529411764,6.415959252971137,0.0,0.0,1.7630057803468204,5.196850393700788,4.660633484162895,5.085995085995087,4.306569343065693,2.5412583641266355,2.7931591643530105,4.664319515328532,3.1601889320063408,Moderate
Nagaland,2024-03-01,2024-03,27.7,71.1,0.66,-22.5,0,10,12984.0,58.4,24.3,138.0,4934.0,302928.0,5.32,7.26,10.8,60585528.0,2024,3,1,Summer,1.785,28.46,12.58,5.397647058823529,1.3157894736842106,10.0,0.0,7.023121387283236,5.065616797900263,3.4238310708898947,8.845208845208843,5.693430656934307,4.744148606811145,6.435870010468344,5.844604258301123,5.6113650109636595,High
Nagaland,2024-03-31,2024-03,32.6,0.0,5.6,-100.0,0,10,9661.0,54.4,28.3,56.5,5424.0,304402.0,6.05,7.18,7.3,60880431.0,2024,3,1,Summer,10.6,32.86,13.23,7.722352941176471,0.0,10.0,0.0,8.179190751445086,5.590551181102363,4.524886877828054,8.648648648648647,3.138686131386861,4.930588235294118,7.402598880342268,5.276845147819815,5.882356189192395,High
Nagaland,2024-04-30,2024-04,33.7,0.0,6.69,-100.0,0,10,4465.0,56.7,24.7,103.8,5355.0,305884.0,6.27,6.73,9.5,61176769.0,2024,4,2,Summer,11.69,29.03,13.0,8.235294117647058,0.0,10.0,0.0,7.138728323699421,5.288713910761155,4.856711915535444,7.542997542997545,4.744525547445255,5.0588235294117645,6.58372399981794,5.623332374942509,5.733665905436611,High
Nagaland,2024-05-30,2024-05,36.1,139.9,9.12,52.7,0,0,13694.0,53.7,6.5,114.8,5308.0,307373.0,6.64,6.52,9.6,61474550.0,2024,5,2,Summer,11.755,11.13,13.16,9.378823529411765,2.5925297113752124,0.0,0.0,1.8786127167630056,5.68241469816273,5.414781297134239,7.027027027027026,4.8175182481751815,3.122464795765505,3.0197533111829227,5.689412948966404,3.7282528144618254,Moderate
Nagaland,2024-06-29,2024-06,30.8,323.4,3.83,252.8,0,0,12194.0,52.3,8.3,116.2,5184.0,308869.0,5.17,5.51,8.8,61773781.0,2024,6,2,Monsoon,16.47,13.07,10.68,6.889411764705882,5.989813242784381,0.0,0.0,2.398843930635838,5.866141732283465,3.197586726998492,4.545454545454545,4.233576642335766,3.5192969140117847,3.4390332711301257,3.964543542903354,3.6025162962260966,Moderate
Nagaland,2024-07-29,2024-07,30.8,353.3,3.79,285.4,0,0,20515.0,53.3,4.3,99.6,4848.0,310372.0,6.05,4.96,13.8,62074468.0,2024,7,3,Monsoon,18.06,8.969999999999999,11.01,6.870588235294117,6.5432937181663835,0.0,0.0,1.2427745664739882,5.73490813648294,4.524886877828054,3.194103194103194,7.883211678832117,3.680635174273444,2.590414637476674,5.301065453062018,3.704165556091718,Moderate
Nagaland,2024-08-28,2024-08,25.1,110.5,-1.93,20.6,0,0,17400.0,49.7,0.2,78.6,5475.0,311883.0,6.76,5.11,9.1,62376618.0,2024,8,3,Monsoon,2.96,5.23,11.87,4.178823529411765,2.0475382003395586,0.0,0.0,0.057803468208092484,6.207349081364829,5.59577677224736,3.562653562653564,4.452554744525548,1.6589673424548086,1.9026671521551133,4.585712099666587,2.47594846515286,Low
Nagaland,2024-09-27,2024-09,26.6,0.0,-0.38,-100.0,0,10,20132.0,54.2,24.7,101.4,5581.0,313401.0,5.89,4.51,9.2,62680240.0,2024,9,3,Monsoon,5.38,29.28,10.4,4.908235294117647,0.0,10.0,0.0,7.138728323699421,5.616797900262467,4.283559577677224,2.0884520884520885,4.525547445255475,4.227058823529411,6.682149196668334,3.7097230845620706,4.9570065193862,Moderate
Nagaland,2024-10-27,2024-10,20.3,0.0,-6.7,-100.0,0,10,9774.0,59.9,25.7,110.0,5095.0,314927.0,6.13,4.56,9.7,62985339.0,2024,10,4,Post-Monsoon,11.7,29.71,10.69,1.9341176470588235,0.0,10.0,0.0,7.427745664739883,4.868766404199476,4.645550527903469,2.211302211302211,4.890510948905108,3.4835294117647058,6.660051886577761,4.001012180273665,4.724682970076515,Moderate
Nagaland,2024-11-26,2024-11,21.5,111.4,-5.54,21.5,0,0,14403.0,58.4,0.0,86.9,4085.0,316460.0,5.92,4.73,7.3,63291923.0,2024,11,4,Post-Monsoon,6.615,4.16,10.65,2.48,2.062818336162988,0.0,0.0,0.0,5.065616797900263,4.328808446455506,2.6289926289926306,3.138686131386861,1.2388455008488966,1.5196850393700787,3.402320890942617,1.8780081868547405,Low
Odisha,2024-01-01,2024-01,25.7,256.0,-1.33,179.3,0,0,13227.0,54.3,9.1,119.1,5806.0,200000.0,8.29,7.07,13.9,40000000.0,2024,1,1,Winter,10.295,13.67,15.36,4.461176470588235,4.741935483870968,0.0,0.0,2.630057803468208,5.603674540682415,7.903469079939667,8.378378378378377,7.956204379562044,2.5378747628083493,3.52214282463247,8.064399224339112,4.2639996998294825,Moderate
Odisha,2024-01-31,2024-01,27.8,146.7,0.76,60.1,0,0,15156.0,58.7,9.9,101.5,4199.0,200974.0,7.83,7.15,9.7,40194702.0,2024,1,1,Winter,3.765,14.03,14.98,5.444705882352941,2.7181663837011882,0.0,0.0,2.8612716763005777,5.026246719160105,7.209653092006034,8.574938574938576,4.890510948905108,2.176626385698592,3.5107641891584356,6.8075389868004725,3.8013027671850077,Moderate
Odisha,2024-03-01,2024-03,23.6,90.1,-3.41,-1.7,0,0,11409.0,65.9,2.5,96.5,5062.0,201952.0,9.04,7.22,12.6,40390352.0,2024,3,1,Summer,3.495,5.909999999999999,16.259999999999998,3.4823529411764707,1.66893039049236,0.0,0.0,0.722543352601156,4.081364829396326,9.03469079939668,8.746928746928747,7.007299270072993,1.3712673524418255,1.7301897956397068,8.238775148393009,3.2137671565488795,Moderate
Odisha,2024-03-31,2024-03,30.3,0.0,3.27,-100.0,0,10,13324.0,63.5,5.1,87.5,5097.0,202935.0,9.16,7.11,10.0,40586954.0,2024,3,1,Summer,8.27,8.75,16.27,6.625882352941177,0.0,10.0,0.0,1.473988439306358,4.396325459317585,9.215686274509805,8.476658476658477,5.10948905109489,4.656470588235294,2.3506895453097263,7.556808906959185,4.574531802892318,Moderate
Odisha,2024-04-30,2024-04,27.2,0.0,0.2,-100.0,0,10,4258.0,51.9,21.0,99.3,4785.0,203923.0,8.21,7.68,9.7,40784513.0,2024,4,2,Summer,5.2,25.81,15.89,5.181176470588235,0.0,10.0,0.0,6.069364161849711,5.918635170603675,7.782805429864254,9.877149877149877,4.890510948905108,4.2952941176470585,6.0241454644759,7.39880569571424,5.676269983553949,High
Odisha,2024-05-30,2024-05,29.4,110.1,2.39,20.1,0,0,12923.0,54.6,0.8,69.9,5380.0,204915.0,7.08,6.86,13.9,40983034.0,2024,5,2,Summer,3.3950000000000005,5.34,13.94,6.211764705882353,2.039049235993209,0.0,0.0,0.23121387283236994,5.564304461942258,6.078431372549019,7.862407862407862,7.956204379562044,2.164655947268551,1.8311410495653362,7.270844871961231,3.324472964245596,Moderate
Odisha,2024-06-29,2024-06,32.1,179.8,5.06,96.2,0,0,15247.0,53.5,0.6,85.0,5160.0,205913.0,9.1,6.36,11.9,41182521.0,2024,6,2,Monsoon,9.87,5.25,15.46,7.468235294117647,3.33106960950764,0.0,0.0,0.17341040462427743,5.708661417322835,9.125188536953242,6.633906633906635,6.496350364963504,2.8663797063817036,1.8339857084338447,7.457710605842852,3.65287453196524,Moderate
Odisha,2024-07-29,2024-07,28.5,170.9,1.47,86.4,0,0,19021.0,55.6,0.0,96.8,5336.0,206915.0,9.08,5.44,12.0,41382979.0,2024,7,3,Monsoon,5.79,4.44,14.52,5.778823529411764,3.164685908319185,0.0,0.0,0.0,5.433070866141732,9.095022624434389,4.373464373464374,6.569343065693431,2.3941116548486967,1.6299212598425197,6.794567303584049,3.226758928780373,Moderate
Odisha,2024-08-28,2024-08,26.9,117.9,-0.13,28.7,0,0,15640.0,53.4,2.7,84.1,5538.0,207922.0,8.6,5.77,11.7,41584412.0,2024,8,3,Monsoon,1.565,7.36,14.37,5.025882352941176,2.1850594227504243,0.0,0.0,0.7803468208092486,5.721784776902887,8.3710407239819,5.184275184275183,6.350364963503649,1.9119884150604212,2.26277820763734,6.707774545902497,3.2337113751728617,Moderate
Odisha,2024-09-27,2024-09,22.5,0.0,-4.47,-100.0,0,10,15064.0,54.7,30.7,85.8,4243.0,208934.0,8.52,4.75,11.4,41786827.0,2024,9,3,Monsoon,9.47,35.23,13.27,2.9835294117647058,0.0,10.0,0.0,8.872832369942195,5.551181102362205,8.250377073906485,2.6781326781326786,6.131386861313869,3.7458823529411767,7.876336989668197,5.8370571807669265,5.714335182752071,High
Odisha,2024-10-27,2024-10,21.6,0.0,-5.39,-100.0,0,10,7672.0,56.3,20.2,110.2,4209.0,209951.0,8.73,5.34,12.9,41990226.0,2024,10,4,Post-Monsoon,10.39,24.57,14.07,2.550588235294118,0.0,10.0,0.0,5.8381502890173405,5.341207349081365,8.567119155354451,4.127764127764127,7.226277372262775,3.6376470588235295,5.689067407036547,6.766018022995267,5.13773692174102,High
Odisha,2024-11-26,2024-11,21.8,63.2,-5.21,-31.1,0,10,14148.0,55.7,23.6,132.2,5448.0,210973.0,8.72,5.9,13.1,42194616.0,2024,11,4,Post-Monsoon,6.765000000000001,28.03,14.62,2.635294117647059,1.1697792869269947,10.0,0.0,6.820809248554913,5.419947506561679,8.552036199095024,5.503685503685505,7.372262773722628,4.009757315489863,6.4005507259569425,7.22461029159183,5.650248253178832,High
Punjab,2024-01-01,2024-01,26.6,58.3,-5.44,75.0,0,0,28389.0,74.2,2.3,85.6,12394.0,300000.0,5.52,5.74,10.2,60000000.0,2024,1,1,Winter,9.19,4.879999999999999,11.26,2.5270588235294116,2.9711375212224107,0.0,0.0,0.6647398843930634,2.9921259842519676,3.7254901960784306,5.11056511056511,5.255474452554743,1.5231059622490761,1.3629557143507347,4.676507160191143,2.2554036749701734,Low
Punjab,2024-01-31,2024-01,33.4,92.0,1.43,176.1,0,0,24077.0,85.4,4.6,95.5,12175.0,301460.0,6.08,6.12,9.4,60292053.0,2024,1,1,Winter,10.235,6.059999999999999,12.2,5.76,4.687606112054329,0.0,0.0,1.3294797687861268,1.5223097112860877,4.570135746606335,6.044226044226045,4.671532846715328,2.846281833616299,1.387328751536115,5.047851820930395,2.8860407517167586,Low
Punjab,2024-03-01,2024-03,30.6,35.5,-1.4,6.4,0,0,31012.0,79.5,6.3,128.2,12451.0,302928.0,6.36,6.05,11.3,60585528.0,2024,3,1,Summer,1.72,8.35,12.41,4.428235294117647,1.8064516129032258,0.0,0.0,1.820809248554913,2.2965879265091873,4.992458521870287,5.872235872235871,6.058394160583942,1.6489943074003794,1.9635428519411953,5.629469200529741,2.7542050212720053,Low
Punjab,2024-03-31,2024-03,34.3,0.0,2.28,-100.0,0,10,30113.0,86.2,7.1,119.1,12644.0,304402.0,5.83,6.93,11.4,60880431.0,2024,3,1,Summer,7.279999999999999,8.479999999999999,12.76,6.16,0.0,10.0,0.0,2.052023121387283,1.4173228346456703,4.193061840120665,8.034398034398032,6.131386861313869,4.54,1.8616130353647993,6.023876455821496,3.9735336763330538,Moderate
Punjab,2024-04-30,2024-04,37.6,0.0,5.56,-100.0,0,10,10969.0,79.3,26.1,102.2,12483.0,305884.0,5.31,6.45,8.4,61176769.0,2024,4,2,Summer,10.56,28.17,11.76,7.7035294117647055,0.0,10.0,0.0,7.5433526011560685,2.3228346456692917,3.408748114630468,6.855036855036856,3.941605839416059,4.925882352941176,5.977197214510035,4.629134940427341,5.219655701361818,High
Punjab,2024-05-30,2024-05,35.9,27.6,3.94,-17.3,0,0,35939.0,75.6,4.6,89.0,12546.0,307373.0,5.61,6.82,7.3,61474550.0,2024,5,2,Summer,4.805,7.04,12.43,6.9411764705882355,1.404074702886248,0.0,0.0,1.3294797687861268,2.8083989501312354,3.8612368024132735,7.764127764127766,3.138686131386861,2.1565165285129333,1.7731555231896592,4.779211356068377,2.6780138835386484,Low
Punjab,2024-06-29,2024-06,35.8,28.2,3.78,-15.5,0,0,38699.0,91.3,1.9,82.7,12985.0,308869.0,5.72,5.86,6.6,61773781.0,2024,6,2,Monsoon,4.555,2.7700000000000005,11.58,6.865882352941176,1.434634974533107,0.0,0.0,0.5491329479768785,0.7480314960629926,4.027149321266968,5.405405405405405,2.627737226277372,2.146861080595226,0.6088025124027127,3.9508319132621406,2.059533289894575,Low
Punjab,2024-07-29,2024-07,31.5,128.4,-0.53,285.2,0,0,40704.0,93.9,3.1,76.1,12960.0,310372.0,5.8,5.4,8.3,62074468.0,2024,7,3,Monsoon,14.79,3.71,11.2,4.83764705882353,6.539898132427844,0.0,0.0,0.8959537572254335,0.40682414698162717,4.147812971342383,4.275184275184277,3.868613138686132,3.1713812044342355,0.7492148741522915,4.0883044210652635,2.552853792993312,Low
Punjab,2024-08-28,2024-08,35.3,30.8,3.29,-7.5,0,0,45004.0,92.0,3.0,95.0,12644.0,311883.0,5.95,4.78,6.0,62376618.0,2024,8,3,Monsoon,3.665,3.8,10.73,6.635294117647058,1.570458404074703,0.0,0.0,0.8670520231213872,0.6561679790026247,4.374057315233786,2.7518427518427515,2.18978102189781,2.1299610506341753,0.8037868098857583,3.122896243548884,1.9140338646009065,Low
Punjab,2024-09-27,2024-09,30.7,0.0,-1.35,-100.0,0,10,39452.0,89.1,24.6,115.9,11626.0,313401.0,6.16,5.33,9.0,62680240.0,2024,9,3,Monsoon,6.35,25.69,11.49,4.451764705882352,0.0,10.0,0.0,7.109826589595375,1.0367454068241493,4.690799396681751,4.103194103194102,4.379562043795621,4.1129411764705885,5.287902234764006,4.405584735125311,4.597338436536965,Moderate
Punjab,2024-10-27,2024-10,33.8,0.0,1.83,-100.0,0,10,37826.0,90.2,20.0,122.5,11955.0,314927.0,6.11,5.14,6.5,62985339.0,2024,10,4,Post-Monsoon,6.83,20.98,11.25,5.948235294117647,0.0,10.0,0.0,5.780346820809248,0.8923884514435692,4.615384615384617,3.636363636363635,2.5547445255474455,4.487058823529412,4.313959309999544,3.6004542902353123,4.204822860470433,Moderate
Punjab,2024-11-26,2024-11,26.7,23.8,-5.26,-28.7,0,10,27535.0,83.9,21.7,93.8,12890.0,316460.0,6.85,5.36,12.3,63291923.0,2024,11,4,Post-Monsoon,6.695,23.31,12.21,2.611764705882353,1.2105263157894737,10.0,0.0,6.271676300578034,1.7191601049868765,5.731523378582201,4.176904176904177,6.788321167883213,4.01609907120743,4.905921441900686,5.635016844334148,4.732266344231749,Moderate
Rajasthan,2024-01-01,2024-01,24.5,96.6,-7.54,189.9,0,0,18174.0,32.2,9.2,95.8,5158.0,300000.0,5.63,6.35,10.6,60000000.0,2024,1,1,Winter,17.035,15.98,11.98,1.5388235294117645,4.921901528013583,0.0,0.0,2.6589595375722537,8.503937007874015,3.891402714932127,6.609336609336609,5.547445255474452,1.861276340757016,4.412452778662781,5.286397772443285,3.6104684519456014,Moderate
Rajasthan,2024-01-31,2024-01,28.0,52.2,-4.01,56.6,0,0,12079.0,43.1,7.9,75.3,5704.0,301460.0,6.28,6.37,8.5,60292053.0,2024,1,1,Winter,6.84,13.59,12.65,3.2,2.6587436332767402,0.0,0.0,2.283236994219653,7.073490813648294,4.871794871794872,6.658476658476658,4.014598540145986,1.597623089983022,3.720313140048245,5.107780691722298,3.218104007940669,Moderate
Rajasthan,2024-03-01,2024-03,30.7,22.5,-1.29,-32.4,0,10,14324.0,31.0,25.8,108.5,5763.0,302928.0,6.6,6.71,5.1,60585528.0,2024,3,1,Summer,2.91,32.7,13.31,4.4799999999999995,1.1477079796264857,10.0,0.0,7.45664739884393,8.661417322834646,5.35444947209653,7.493857493857492,1.5328467153284668,4.464312393887946,7.818078376041145,4.658710913755996,5.686730117608578,High
Rajasthan,2024-03-31,2024-03,37.9,0.0,5.87,-100.0,0,10,14358.0,35.0,26.6,91.3,5945.0,304402.0,5.44,6.74,9.6,60880431.0,2024,3,1,Summer,10.87,33.1,12.18,7.8494117647058825,0.0,10.0,0.0,7.6878612716763,8.136482939632547,3.604826546003018,7.567567567567567,4.8175182481751815,4.962352941176471,7.822447772063174,5.218090948232639,6.0273206337508585,High
Rajasthan,2024-04-30,2024-04,36.3,0.0,4.31,-100.0,0,10,5894.0,33.7,23.9,132.0,6280.0,305884.0,5.97,7.03,5.1,61176769.0,2024,4,2,Summer,9.31,30.53,13.0,7.115294117647059,0.0,10.0,0.0,6.907514450867051,8.307086614173228,4.40422322775264,8.280098280098281,1.5328467153284668,4.778823529411765,7.327386099858904,4.562003964107872,5.616615537742291,High
Rajasthan,2024-05-30,2024-05,37.2,24.7,5.15,-25.8,0,10,16936.0,33.3,27.1,123.5,6185.0,307373.0,6.07,5.75,10.5,61474550.0,2024,5,2,Summer,6.44,33.77,11.82,7.510588235294118,1.2597623089983023,10.0,0.0,7.832369942196531,8.359580052493438,4.555052790346908,5.135135135135135,5.474452554744525,5.25557575152302,7.990532975285603,5.0508674113225425,6.1616336947898045,High
Rajasthan,2024-06-29,2024-06,39.4,105.8,7.38,217.4,0,0,17614.0,27.1,6.3,77.5,5403.0,308869.0,5.95,5.93,7.3,61773781.0,2024,6,2,Monsoon,18.25,13.59,11.88,8.559999999999999,5.388794567062819,0.0,0.0,1.820809248554913,9.173228346456693,4.374057315233786,5.577395577395576,3.138686131386861,3.7566383701188455,4.026534977925447,4.3026788795358994,3.98761231020542,Moderate
Rajasthan,2024-07-29,2024-07,32.4,85.9,0.43,157.6,0,0,18515.0,46.2,10.2,112.8,6250.0,310372.0,6.64,5.61,10.2,62074468.0,2024,7,3,Monsoon,8.31,15.579999999999998,12.25,5.289411764705882,4.373514431239389,0.0,0.0,2.947976878612716,6.666666666666667,5.414781297134239,4.791154791154792,5.255474452554743,2.6344072705482873,4.063583815028901,5.1719359497375805,3.769001230913825,Moderate
Rajasthan,2024-08-28,2024-08,30.2,19.5,-1.75,-41.5,0,10,11516.0,31.1,23.4,87.6,5916.0,311883.0,5.94,5.11,7.6,62376618.0,2024,8,3,Monsoon,3.825,30.29,11.05,4.263529411764706,0.9932088285229203,10.0,0.0,6.76300578034682,8.648293963254593,4.3589743589743595,3.562653562653564,3.357664233576642,4.363845001498053,7.328592235219151,3.7696195761889193,5.252950176973154,High
Rajasthan,2024-09-27,2024-09,31.4,0.0,-0.65,-100.0,0,10,16300.0,38.7,19.1,78.5,6120.0,313401.0,6.43,5.29,11.1,62680240.0,2024,9,3,Monsoon,5.65,25.23,11.72,4.781176470588235,0.0,10.0,0.0,5.520231213872832,7.650918635170604,5.098039215686274,4.004914004914005,5.912408759124087,4.195294117647059,6.159437440262163,5.055130992657828,5.097703499315038,High
Rajasthan,2024-10-27,2024-10,24.9,0.0,-7.13,-100.0,0,10,20373.0,22.3,22.2,94.3,6550.0,314927.0,5.64,5.04,6.4,62985339.0,2024,10,4,Post-Monsoon,12.13,29.97,10.68,1.731764705882353,0.0,10.0,0.0,6.416184971098265,9.803149606299213,3.906485671191554,3.3906633906633914,2.4817518248175188,3.4329411764705884,7.432274361658549,3.253082140802193,4.787743032369276,Moderate
Rajasthan,2024-11-26,2024-11,25.7,28.5,-6.3,-14.6,0,0,20040.0,37.5,1.3,90.7,5947.0,316460.0,6.29,5.44,5.3,63291923.0,2024,11,4,Post-Monsoon,7.029999999999999,7.55,11.73,2.1223529411764708,1.4499151103565366,0.0,0.0,0.37572254335260113,7.808398950131234,4.886877828054299,4.373464373464374,1.6788321167883211,0.9655627684010787,2.6055254653861906,3.610037792734229,2.2006684684291553,Low
Sikkim,2024-01-01,2024-01,9.5,202.4,-5.51,102.4,0,0,18346.0,56.3,0.5,109.4,5543.0,300000.0,5.42,5.72,8.4,60000000.0,2024,1,1,Winter,10.63,4.87,11.14,2.4941176470588236,3.4363327674023774,0.0,0.0,0.1445086705202312,5.341207349081365,3.5746606334841626,5.06142506142506,3.941605839416059,1.654429241985419,1.7035182740885713,4.149120783942595,2.2952832887108165,Low
Sikkim,2024-01-31,2024-01,12.6,205.1,-2.4,105.1,0,0,12235.0,53.0,5.9,105.4,4828.0,301460.0,5.4,6.42,9.5,60292053.0,2024,1,1,Winter,7.654999999999999,10.6,11.82,3.9576470588235293,3.4821731748726656,0.0,0.0,1.7052023121387283,5.774278215223098,3.544494720965311,6.781326781326781,4.744525547445255,2.034063717167682,2.925925083064039,4.935555128341732,3.0715880480249194,Moderate
Sikkim,2024-03-01,2024-03,15.5,98.5,0.54,-1.5,0,0,13492.0,56.9,3.9,99.4,5563.0,302928.0,5.9,6.44,11.1,60585528.0,2024,3,1,Summer,0.615,8.21,12.34,5.341176470588235,1.6723259762309,0.0,0.0,1.1271676300578033,5.262467191601051,4.298642533936652,6.830466830466831,5.912408759124087,1.8369919105163288,2.367757498520777,5.623008001711309,2.9692638891166308,Low
Sikkim,2024-03-31,2024-03,17.0,0.0,2.02,-100.0,0,10,11877.0,61.3,0.0,81.9,4673.0,304402.0,6.83,6.65,7.8,60880431.0,2024,3,1,Summer,7.02,3.87,13.48,6.037647058823529,0.0,10.0,0.0,0.0,4.685039370078742,5.7013574660633495,7.346437346437346,3.503649635036496,4.509411764705883,1.4055118110236224,5.42568368931615,3.6521147620696586,Moderate
Sikkim,2024-04-30,2024-04,18.2,0.0,3.18,-100.0,0,10,4404.0,44.3,29.1,162.8,5528.0,305884.0,6.25,6.56,8.7,61176769.0,2024,4,2,Summer,8.18,34.67,12.81,6.583529411764706,0.0,10.0,0.0,8.410404624277456,6.9160104986876645,4.826546003016592,7.125307125307126,4.160583941605839,4.645882352941177,7.962086386600518,5.283087618209988,5.96585508103915,High
Sikkim,2024-05-30,2024-05,21.0,70.7,6.0,-29.3,0,10,15670.0,56.4,24.8,110.4,5323.0,307373.0,6.37,5.73,11.6,61474550.0,2024,5,2,Summer,7.465,29.16,12.1,7.910588235294117,1.2003395585738539,10.0,0.0,7.167630057803468,5.328083989501313,5.007541478129713,5.085995085995087,6.2773722627737225,5.337748926395685,6.615766237312821,5.475518335114728,5.819497337396443,High
Sikkim,2024-06-29,2024-06,19.5,334.8,4.53,234.8,0,0,16667.0,54.0,5.3,97.0,4903.0,308869.0,6.04,5.68,8.8,61773781.0,2024,6,2,Monsoon,16.27,9.9,11.72,7.218823529411765,5.684210526315789,0.0,0.0,1.5317919075144506,5.6430446194225725,4.509803921568627,4.963144963144963,4.233576642335766,3.509969040247678,2.765167721086887,4.549126686310027,3.5090779900569884,Moderate
Sikkim,2024-07-29,2024-07,14.2,317.7,-0.84,217.7,0,0,18401.0,40.3,6.8,113.1,5097.0,310372.0,5.98,4.78,12.0,62074468.0,2024,7,3,Monsoon,11.725,12.77,10.760000000000002,4.691764705882353,5.393887945670628,0.0,0.0,1.9653179190751442,7.440944881889765,4.419306184012067,2.7518427518427515,6.569343065693431,2.7911075601717767,3.60800600791953,4.671580062949749,3.5471401425779834,Moderate
Sikkim,2024-08-28,2024-08,13.7,117.1,-1.33,17.1,0,0,14944.0,60.6,3.8,119.0,4614.0,311883.0,6.02,5.07,10.9,62376618.0,2024,8,3,Monsoon,2.185,7.74,11.09,4.461176470588235,1.9881154499151104,0.0,0.0,1.098265895953757,4.776902887139108,4.479638009049774,3.4643734643734643,5.766423357664234,1.7117287526215919,2.201856993309362,4.625433517661942,2.611699828122399,Low
Sikkim,2024-09-27,2024-09,11.0,0.0,-4.03,-100.0,0,10,16221.0,48.1,22.1,87.5,5431.0,313401.0,5.49,4.94,8.5,62680240.0,2024,9,3,Monsoon,9.03,27.29,10.43,3.1905882352941175,0.0,10.0,0.0,6.387283236994219,6.417322834645669,3.680241327300152,3.144963144963146,4.014598540145986,3.7976470588235296,6.396295116289654,3.636682897095092,4.666932838504564,Moderate
Sikkim,2024-10-27,2024-10,7.4,0.0,-7.59,-100.0,0,10,14288.0,58.6,26.5,110.3,4679.0,314927.0,6.42,4.3,8.8,62985339.0,2024,10,4,Post-Monsoon,12.59,30.64,10.72,1.5152941176470587,0.0,10.0,0.0,7.658959537572254,5.039370078740157,5.082956259426847,1.5724815724815713,4.233576642335766,3.378823529411765,6.873082699922625,3.732530987361386,4.690241103577971,Moderate
Sikkim,2024-11-26,2024-11,10.5,72.9,-4.48,-27.1,0,10,13037.0,58.8,27.4,123.8,5354.0,316460.0,5.7,5.43,9.9,63291923.0,2024,11,4,Post-Monsoon,5.835000000000001,31.52,11.13,2.9788235294117644,1.237691001697793,10.0,0.0,7.919075144508669,5.013123359580053,3.9969834087481146,4.348894348894348,5.036496350364963,4.116013182862279,7.047289609030084,4.466386220357881,5.229553191394912,High
Tamil Nadu,2024-01-01,2024-01,24.9,285.5,-3.05,37.0,0,0,12843.0,54.9,8.2,82.4,4918.0,500000.0,4.15,4.99,6.5,100000000.0,2024,1,1,Winter,4.9,12.71,9.14,3.651764705882353,2.32597623089983,0.0,0.0,2.3699421965317913,5.5249343832021,1.6591251885369545,3.2678132678132688,2.5547445255474455,1.6107340457405372,3.316439852532884,2.4551983802735204,2.4188471617511045,Low
Tamil Nadu,2024-01-31,2024-01,25.4,362.4,-2.63,73.9,0,0,10212.0,54.3,3.0,84.2,4846.0,502434.0,4.05,5.95,6.0,100486755.0,2024,1,1,Winter,6.325,7.57,10.0,3.8494117647058825,2.9524617996604414,0.0,0.0,0.8670520231213872,5.603674540682415,1.5082956259426847,5.626535626535627,2.18978102189781,1.848091481074603,2.2880387783896956,2.982287514704861,2.2856220435424497,Low
Tamil Nadu,2024-03-01,2024-03,26.7,211.3,-1.3,1.4,0,0,7455.0,55.0,5.6,83.7,5330.0,504879.0,3.05,5.95,4.7,100975879.0,2024,3,1,Summer,1.37,10.1,9.0,4.475294117647058,1.7215619694397284,0.0,0.0,1.6184971098265892,5.511811023622047,0.0,5.626535626535627,1.2408759124087592,1.6352921202436832,2.7864912839652263,2.1222672573037538,2.159955611811241,Low
Tamil Nadu,2024-03-31,2024-03,28.8,0.0,0.78,-100.0,0,10,14250.0,51.2,0.2,84.6,4530.0,507337.0,3.68,5.83,7.0,101467385.0,2024,3,1,Summer,5.78,5.08,9.51,5.4541176470588235,0.0,10.0,0.0,0.057803468208092484,6.010498687664042,0.9502262443438916,5.331695331695332,2.91970802919708,4.363529411764706,1.8436120340448772,2.9539855952479392,3.129172375433574,Moderate
Tamil Nadu,2024-04-30,2024-04,34.3,0.0,6.34,-100.0,0,10,5829.0,53.7,24.4,59.9,5318.0,509806.0,5.16,6.16,5.5,101961282.0,2024,4,2,Summer,11.34,29.03,11.32,8.070588235294117,0.0,10.0,0.0,7.052023121387282,5.68241469816273,3.182503770739065,6.142506142506143,1.824817518248175,5.017647058823529,6.641140594419916,3.595314293897377,5.230286605050726,High
Tamil Nadu,2024-05-30,2024-05,34.7,137.7,6.67,-33.9,0,10,11282.0,56.4,25.2,127.2,4346.0,512288.0,4.73,5.56,5.4,102457584.0,2024,5,2,Summer,8.365,29.56,10.29,8.225882352941177,1.1222410865874364,10.0,0.0,7.283236994219652,5.328083989501313,2.533936651583711,4.668304668304668,1.7518248175182483,5.393142914211525,6.69669109280415,2.900507914677086,5.2262260268353335,High
Tamil Nadu,2024-06-29,2024-06,33.4,815.3,5.39,291.4,0,0,5941.0,64.0,5.6,124.8,5105.0,514782.0,3.92,4.67,6.0,102956301.0,2024,6,2,Monsoon,19.96,9.2,8.59,7.623529411764705,6.64516129032258,0.0,0.0,1.6184971098265892,4.330708661417323,1.3122171945701355,2.4815724815724813,2.18978102189781,3.89943074003795,2.4321605753038096,1.9701711202355252,2.9035712774303946,Low
Tamil Nadu,2024-07-29,2024-07,25.6,433.1,-2.44,107.9,0,0,13525.0,50.1,7.4,109.5,5253.0,517287.0,4.58,4.67,5.9,103457446.0,2024,7,3,Monsoon,7.835000000000001,12.39,9.25,3.9388235294117644,3.5297113752122242,0.0,0.0,2.138728323699422,6.15485564304462,2.3076923076923084,2.4815724815724813,2.1167883211678835,2.043619294916608,3.343566519502981,2.2930399645728112,2.5609559909358897,Low
Tamil Nadu,2024-08-28,2024-08,29.2,195.6,1.15,-6.1,0,0,18181.0,57.0,13.3,89.8,4987.0,519805.0,4.03,4.52,4.1,103961031.0,2024,8,3,Monsoon,1.4549999999999998,17.6,8.55,5.628235294117647,1.5942275042444822,0.0,0.0,3.84393063583815,5.2493438320209975,1.478129713423832,2.1130221130221116,0.8029197080291968,1.8853270748027564,4.265554594693004,1.4322739314151935,2.6051434209174524,Low
Tamil Nadu,2024-09-27,2024-09,26.2,0.0,-1.76,-100.0,0,10,9693.0,53.0,22.9,89.5,5076.0,522335.0,4.89,3.9,5.2,104467066.0,2024,9,3,Monsoon,6.76,27.6,8.79,4.258823529411765,0.0,10.0,0.0,6.618497109826588,5.774278215223098,2.77526395173454,0.5896805896805901,1.6058394160583944,4.064705882352941,6.365231441445541,1.710290355631704,4.281285946355042,Moderate
Tamil Nadu,2024-10-27,2024-10,23.8,0.0,-4.16,-100.0,0,10,10026.0,55.0,28.4,99.8,4836.0,524878.0,3.77,4.18,8.7,104975565.0,2024,10,4,Post-Monsoon,9.16,32.9,7.949999999999999,3.129411764705882,0.0,10.0,0.0,8.208092485549132,5.511811023622047,1.0859728506787336,1.2776412776412762,4.160583941605839,3.7823529411764705,7.399208046971006,2.2195872605919833,4.657560808058436,Moderate
Tamil Nadu,2024-11-26,2024-11,25.3,224.2,-2.66,7.6,0,0,12372.0,50.7,7.5,86.8,4848.0,527433.0,4.76,4.99,7.8,105486539.0,2024,11,4,Post-Monsoon,3.04,12.43,9.75,3.8352941176470585,1.8268251273344651,0.0,0.0,2.1676300578034677,6.076115485564304,2.5791855203619907,3.2678132678132688,3.503649635036496,1.5068710676121042,3.3401756861317184,3.109336284733451,2.549143988374306,Low
Telangana,2024-01-01,2024-01,23.3,219.5,-3.65,139.4,0,0,8770.0,52.6,2.5,117.5,5131.0,300000.0,5.45,5.7,7.4,60000000.0,2024,1,1,Winter,10.62,7.24,11.15,3.369411764705882,4.064516129032258,0.0,0.0,0.722543352601156,5.826771653543307,3.619909502262445,5.012285012285012,3.2116788321167884,2.061707779886148,2.253811842883801,3.894741420718235,2.5872026121433485,Low
Telangana,2024-01-31,2024-01,23.5,217.9,-3.48,137.8,0,0,12465.0,54.3,7.6,107.8,4948.0,301460.0,6.67,5.94,10.8,60292053.0,2024,1,1,Winter,10.37,12.17,12.61,3.449411764705882,4.037351443123939,0.0,0.0,2.196531791907514,5.603674540682415,5.460030165912519,5.601965601965603,5.693430656934307,2.0735583741136523,3.2186746165399844,5.584300968586069,3.3520347075809727,Moderate
Telangana,2024-03-01,2024-03,27.8,80.1,0.79,-12.6,0,0,12637.0,42.8,3.3,97.3,5711.0,302928.0,6.45,7.21,8.2,60585528.0,2024,3,1,Summer,1.42,9.02,13.66,5.458823529411765,1.4838709677419355,0.0,0.0,0.9537572254335258,7.112860892388452,5.1282051282051295,8.722358722358722,3.7956204379562037,1.8098671726755218,2.801488325520004,5.740046564864083,3.139479424218231,Moderate
Telangana,2024-03-31,2024-03,30.1,0.0,3.08,-100.0,0,10,14223.0,61.2,7.9,101.8,5099.0,304402.0,6.36,7.48,7.8,60880431.0,2024,3,1,Summer,8.08,11.78,13.84,6.536470588235294,0.0,10.0,0.0,2.283236994219653,4.698162729658793,4.992458521870287,9.385749385749387,3.503649635036496,4.634117647058823,3.007714714851395,5.7893626706421895,4.353687876682065,Moderate
Telangana,2024-04-30,2024-04,33.1,0.0,6.07,-100.0,0,10,4382.0,58.1,24.1,124.1,4930.0,305884.0,5.23,6.1,10.4,61176769.0,2024,4,2,Summer,11.07,28.29,11.33,7.943529411764706,0.0,10.0,0.0,6.965317919075144,5.10498687664042,3.2880844645550535,5.995085995085994,5.401459854014599,4.985882352941177,6.407218606344726,4.839866310025176,5.446846030903418,High
Telangana,2024-05-30,2024-05,34.4,80.4,7.4,-12.2,0,0,13649.0,58.0,5.0,71.1,3852.0,307373.0,5.06,6.19,9.9,61474550.0,2024,5,2,Summer,8.01,9.2,11.25,8.569411764705883,1.4906621392190154,0.0,0.0,1.445086705202312,5.118110236220473,3.0316742081447963,6.216216216216218,5.036496350364963,2.5895515829421756,2.5469937645077603,4.688724560343281,3.0994495908404067,Moderate
Telangana,2024-06-29,2024-06,27.3,174.7,0.25,90.6,0,0,13348.0,52.5,1.3,97.0,4773.0,308869.0,6.09,5.93,9.4,61773781.0,2024,6,2,Monsoon,4.779999999999999,6.05,12.02,5.204705882352941,3.235993208828523,0.0,0.0,0.37572254335260113,5.83989501312336,4.585218702865761,5.577395577395576,4.671532846715328,2.271974433236792,2.0149742842838285,4.913081715572054,2.8423012016870706,Low
Telangana,2024-07-29,2024-07,25.8,224.0,-1.24,144.4,0,0,19357.0,56.5,6.0,112.4,4431.0,310372.0,6.64,5.01,7.6,62074468.0,2024,7,3,Monsoon,8.46,10.35,11.65,4.503529411764706,4.149405772495756,0.0,0.0,1.7341040462427744,5.31496062992126,5.414781297134239,3.3169533169533167,3.357664233576642,2.370704084689903,2.80836102134632,4.065441930834803,2.947568474055874,Low
Telangana,2024-08-28,2024-08,27.0,137.8,0.04,50.3,0,0,18117.0,58.4,4.8,78.6,4223.0,311883.0,5.61,5.18,10.8,62376618.0,2024,8,3,Monsoon,2.555,8.96,10.79,5.105882352941176,2.5517826825127337,0.0,0.0,1.3872832369942194,5.065616797900263,3.8612368024132735,3.7346437346437344,5.693430656934307,2.042005392989114,2.4907833052660324,4.464526731164773,2.8047079968299506,Low
Telangana,2024-09-27,2024-09,25.2,0.0,-1.85,-100.0,0,10,17454.0,50.5,26.1,82.6,5563.0,313401.0,6.23,5.16,6.6,62680240.0,2024,9,3,Monsoon,6.85,31.05,11.39,4.216470588235294,0.0,10.0,0.0,7.5433526011560685,6.10236220472441,4.796380090497738,3.6855036855036865,2.627737226277372,4.054117647058824,7.111055482226571,3.7040921665223943,5.036539519233428,High
Telangana,2024-10-27,2024-10,24.3,0.0,-2.67,-100.0,0,10,9145.0,50.5,29.9,112.8,4836.0,314927.0,6.83,5.39,10.5,62985339.0,2024,10,4,Post-Monsoon,7.67,34.85,12.22,3.8305882352941176,0.0,10.0,0.0,8.641618497109825,6.10236220472441,5.7013574660633495,4.25061425061425,5.474452554744525,3.9576470588235293,7.8798416093942,5.186717782467031,5.637682832434139,High
Telangana,2024-11-26,2024-11,22.5,112.9,-4.53,23.1,0,0,13448.0,54.2,3.4,100.8,4499.0,316460.0,6.89,4.8,8.0,63291923.0,2024,11,4,Post-Monsoon,5.6850000000000005,7.98,11.69,2.9552941176470586,2.0899830220713076,0.0,0.0,0.9826589595375721,5.616797900262467,5.7918552036199085,2.8009828009828013,3.6496350364963503,1.365818436033157,2.3729006417550407,4.144816424335531,2.4130467051114097,Low
Tripura,2024-01-01,2024-01,16.7,856.2,-7.29,266.9,0,0,13778.0,53.9,3.5,80.1,3719.0,300000.0,5.63,6.02,6.9,60000000.0,2024,1,1,Winter,20.635,8.11,11.65,1.656470588235294,6.229202037351443,0.0,0.0,1.0115606936416184,5.656167979002626,3.891402714932127,5.798525798525798,2.846715328467153,2.2828782582642564,2.4049428792499206,4.097899054747487,2.779356074730047,Low
Tripura,2024-01-31,2024-01,22.2,558.1,-1.82,139.2,0,0,11542.0,58.9,12.2,99.6,4869.0,301460.0,6.38,6.71,10.4,60292053.0,2024,1,1,Winter,8.78,16.31,13.09,4.2305882352941175,4.061120543293718,0.0,0.0,3.526011560693641,5.000000000000001,5.02262443438914,7.493857493857492,5.401459854014599,2.2759832218116447,3.9682080924855487,5.896586749098556,3.7734128083692386,Moderate
Tripura,2024-03-01,2024-03,25.3,392.3,1.27,68.1,0,0,12054.0,49.1,6.6,122.3,5358.0,302928.0,6.14,6.37,7.3,60585528.0,2024,3,1,Summer,4.675,11.69,12.51,5.684705882352941,2.8539898132427846,0.0,0.0,1.9075144508670516,6.286089238845144,4.660633484162895,6.658476658476658,3.138686131386861,2.2773734145610707,3.221086887260479,4.727304862985412,3.220155992111949,Moderate
Tripura,2024-03-31,2024-03,26.9,0.0,2.86,-100.0,0,10,13724.0,55.1,6.3,113.5,5296.0,304402.0,6.62,7.03,8.9,60880431.0,2024,3,1,Summer,7.859999999999999,10.79,13.65,6.432941176470588,0.0,10.0,0.0,1.820809248554913,5.498687664041995,5.384615384615385,8.280098280098281,4.306569343065693,4.608235294117647,2.9241727732010374,5.875944138717861,4.3357406229468864,Moderate
Tripura,2024-04-30,2024-04,27.4,0.0,3.41,-100.0,0,10,4646.0,55.5,23.3,131.0,4380.0,305884.0,5.79,6.06,6.9,61176769.0,2024,4,2,Summer,8.41,27.75,11.85,6.691764705882353,0.0,10.0,0.0,6.734104046242774,5.4461942257217855,4.132730015082956,5.896805896805896,2.846715328467153,4.672941176470588,6.347731100086477,4.211847639284307,5.143844265439579,High
Tripura,2024-05-30,2024-05,30.7,173.4,6.66,-25.7,0,10,10597.0,55.3,25.5,103.5,5122.0,307373.0,6.96,5.92,9.4,61474550.0,2024,5,2,Summer,7.945,29.97,12.88,8.221176470588235,1.2614601018675722,10.0,0.0,7.369942196531791,5.472440944881891,5.897435897435898,5.552825552825553,4.671532846715328,5.43373214820733,6.800691821036821,5.364986726300595,5.894981678220967,High
Tripura,2024-06-29,2024-06,28.5,546.1,4.47,134.1,0,0,14330.0,47.0,9.5,83.4,4948.0,308869.0,6.5,5.42,9.4,61773781.0,2024,6,2,Monsoon,11.175,14.8,11.92,7.1905882352941175,3.974533106960951,0.0,0.0,2.7456647398843925,6.561679790026247,5.2036199095022635,4.324324324324325,4.671532846715328,2.9900069909118145,3.8904692549269484,4.753600761973454,3.746067226082521,Moderate
Tripura,2024-07-29,2024-07,27.5,701.3,3.46,200.6,0,0,10070.0,63.3,4.5,100.4,5115.0,310372.0,6.47,5.3,14.7,62074468.0,2024,7,3,Monsoon,13.489999999999998,8.17,11.77,6.715294117647058,5.103565365025467,0.0,0.0,1.3005780346820808,4.422572178477691,5.158371040723981,4.0294840294840295,8.540145985401459,3.209893138919405,2.2371762778207636,6.003326167989113,3.5678004948023077,Moderate
Tripura,2024-08-28,2024-08,26.1,197.6,2.08,-15.3,0,0,11220.0,53.1,3.2,93.6,5641.0,311883.0,5.17,5.25,8.7,62376618.0,2024,8,3,Monsoon,2.845,7.89,10.42,6.065882352941176,1.4380305602716468,0.0,0.0,0.9248554913294798,5.761154855643045,3.197586726998492,3.906633906633907,4.160583941605839,1.947879756316788,2.3757453006235494,3.7473499060016877,2.5475002342453794,Low
Tripura,2024-09-27,2024-09,21.0,0.0,-3.04,-100.0,0,10,16673.0,56.2,21.7,110.0,5570.0,313401.0,6.39,4.93,7.5,62680240.0,2024,9,3,Monsoon,8.04,26.08,11.32,3.656470588235294,0.0,10.0,0.0,6.271676300578034,5.354330708661418,5.037707390648567,3.1203931203931194,3.284671532846715,3.9141176470588235,5.996472623003048,3.848950559341284,4.626650116709917,Moderate
Tripura,2024-10-27,2024-10,18.8,0.0,-5.22,-100.0,0,10,15793.0,50.9,22.0,74.8,4883.0,314927.0,6.11,4.38,10.2,62985339.0,2024,10,4,Post-Monsoon,10.22,26.91,10.49,2.6305882352941174,0.0,10.0,0.0,6.358381502890173,6.0498687664042,4.615384615384617,1.7690417690417686,5.255474452554743,3.6576470588235295,6.26582768194438,3.9855132044913066,4.652476813332772,Moderate
Tripura,2024-11-26,2024-11,20.5,168.8,-3.49,-27.7,0,10,13119.0,54.6,28.0,93.6,5076.0,316460.0,6.15,5.49,11.1,63291923.0,2024,11,4,Post-Monsoon,4.875,32.54,11.64,3.444705882352941,1.2275042444821733,10.0,0.0,8.092485549132947,5.564304461942258,4.675716440422324,4.496314496314497,5.912408759124087,4.229427743932887,7.3340312229757405,5.054738168735593,5.522366567798563,High
Uttar Pradesh,2024-01-01,2024-01,24.4,352.3,-2.59,284.3,0,0,24989.0,77.0,11.3,103.7,13512.0,200000.0,8.68,6.54,11.0,40000000.0,2024,1,1,Winter,16.805,13.6,15.22,3.868235294117647,6.524617996604415,0.0,0.0,3.265895953757225,2.6246719160104997,8.491704374057315,7.076167076167076,5.839416058394161,2.9244442225107363,3.0735287424332074,7.1387422742081394,4.030198317407952,Moderate
Uttar Pradesh,2024-01-31,2024-01,25.3,391.4,-1.67,327.0,0,0,30041.0,83.2,4.4,96.4,13186.0,200974.0,8.14,7.36,15.6,40194702.0,2024,1,1,Winter,18.020000000000003,6.08,15.5,4.301176470588235,7.249575551782683,0.0,0.0,1.2716763005780347,1.8110236220472444,7.677224736048267,9.090909090909092,9.197080291970803,3.2501667831818635,1.4334804970187975,8.633279487079403,3.9601047589991754,Moderate
Uttar Pradesh,2024-03-01,2024-03,25.5,57.4,-1.55,-37.3,0,10,16729.0,77.9,29.6,94.7,12285.0,201952.0,8.38,7.38,10.9,40390352.0,2024,3,1,Summer,3.415,31.81,15.760000000000002,4.357647058823529,1.064516129032258,10.0,0.0,8.554913294797688,2.5065616797900256,8.039215686274511,9.140049140049138,5.766423357664234,4.408766603415559,6.740407810295388,7.573988407393301,6.016146476817935,High
Uttar Pradesh,2024-03-31,2024-03,25.9,0.0,-1.06,-100.0,0,10,33531.0,87.3,20.2,140.5,11818.0,202935.0,9.09,7.7,16.6,40586954.0,2024,3,1,Summer,6.0600000000000005,21.47,16.79,4.588235294117647,0.0,10.0,0.0,5.8381502890173405,1.2729658792650937,9.110105580693816,9.926289926289927,9.927007299270075,4.147058823529411,4.468594966091666,9.64087648587434,5.6330508890124324,High
Uttar Pradesh,2024-04-30,2024-04,32.6,0.0,5.64,-100.0,0,10,12974.0,87.1,23.0,100.4,12179.0,203923.0,8.06,7.25,13.2,40784513.0,2024,4,2,Summer,10.64,24.29,15.31,7.741176470588234,0.0,10.0,0.0,6.647398843930635,1.2992125984251963,7.556561085972852,8.820638820638822,7.445255474452555,4.935294117647059,5.042942970279003,7.896827442340539,5.713354547241609,High
Uttar Pradesh,2024-05-30,2024-05,32.6,60.7,5.56,-33.8,0,10,41159.0,84.0,30.4,114.4,11853.0,204915.0,8.82,6.94,11.0,40983034.0,2024,5,2,Summer,7.25,32.0,15.760000000000002,7.7035294117647055,1.1239388794567065,10.0,0.0,8.786127167630056,1.7060367454068235,8.702865761689292,8.05896805896806,5.839416058394161,5.263064016778188,6.662100040963086,7.507489054719626,6.313832884728262,High
Uttar Pradesh,2024-06-29,2024-06,36.2,260.1,9.22,183.8,0,0,30327.0,92.4,6.4,107.1,12343.0,205913.0,8.94,6.72,10.9,41182521.0,2024,6,2,Monsoon,18.410000000000004,7.16,15.66,9.425882352941176,4.818336162988116,0.0,0.0,1.8497109826589595,0.603674540682416,8.883861236802412,7.518427518427517,5.766423357664234,3.801971437131729,1.4759000500659962,7.3831278635915805,3.8831355582736857,Moderate
Uttar Pradesh,2024-07-29,2024-07,29.7,305.0,2.72,232.7,0,0,37495.0,88.0,1.2,117.6,12274.0,206915.0,9.18,6.35,13.0,41382979.0,2024,7,3,Monsoon,14.355,2.4,15.53,6.367058823529412,5.648556876061121,0.0,0.0,0.34682080924855485,1.1811023622047259,9.245852187028657,6.609336609336609,7.299270072992702,3.2863317687006894,0.5971052751354061,7.773593773808457,3.4669179972297823,Moderate
Uttar Pradesh,2024-08-28,2024-08,28.0,97.8,0.96,6.7,0,0,33975.0,82.8,5.8,98.7,13550.0,207922.0,8.54,5.8,11.0,41584412.0,2024,8,3,Monsoon,1.295,7.52,14.34,5.538823529411765,1.8115449915110358,0.0,0.0,1.6763005780346818,1.8635170603674531,8.280542986425338,5.257985257985258,5.839416058394161,1.9281693798062518,1.7324655227345132,6.519381243082401,3.0074759956501804,Moderate
Uttar Pradesh,2024-09-27,2024-09,22.9,0.0,-4.08,-100.0,0,10,35647.0,81.8,23.9,114.9,12409.0,208934.0,8.52,4.85,14.5,41786827.0,2024,9,3,Monsoon,9.08,25.72,13.37,3.1670588235294117,0.0,10.0,0.0,6.907514450867051,1.9947506561679802,8.250377073906485,2.923832923832922,8.394160583941606,3.791764705882353,5.43368531245733,6.702738057396708,5.094180256062184,High
Uttar Pradesh,2024-10-27,2024-10,26.4,0.0,-0.57,-100.0,0,10,26104.0,92.1,29.0,88.0,11567.0,209951.0,7.72,6.09,12.1,41990226.0,2024,10,4,Post-Monsoon,5.57,29.79,13.81,4.818823529411764,0.0,10.0,0.0,8.38150289017341,0.6430446194225716,7.043740573152338,5.9705159705159705,6.642335766423358,4.2047058823529415,6.059965408948158,6.581281510006283,5.448190623574602,High
Uttar Pradesh,2024-11-26,2024-11,25.2,77.6,-1.81,-15.3,0,0,36045.0,89.0,2.9,60.6,12946.0,210973.0,8.39,5.81,12.2,42194616.0,2024,11,4,Post-Monsoon,2.575,4.0,14.2,4.235294117647059,1.4380305602716468,0.0,0.0,0.8381502890173409,1.0498687664041988,8.054298642533938,5.282555282555281,6.7153284671532845,1.4902326974932587,0.9016658322333982,6.754136073157111,2.6002101385682708,Low
Uttarakhand,2024-01-01,2024-01,8.7,262.9,-6.31,162.9,0,0,9093.0,55.1,7.2,80.9,4796.0,300000.0,6.71,5.05,11.6,60000000.0,2024,1,1,Winter,14.454999999999998,11.69,11.76,2.1176470588235294,4.463497453310696,0.0,0.0,2.0809248554913293,5.498687664041995,5.520361990950226,3.4152334152334145,6.2773722627737225,1.868461000699091,3.1062536980565287,5.153777013373406,3.1230174479427726,Moderate
Uttarakhand,2024-01-31,2024-01,12.6,362.9,-2.39,262.9,0,0,13647.0,57.9,5.3,139.5,4218.0,301460.0,6.17,5.94,6.8,60292053.0,2024,1,1,Winter,15.535,9.51,12.11,3.96235294117647,6.161290322580645,0.0,0.0,1.5317919075144506,5.131233595800525,4.705882352941176,5.601965601965603,2.7737226277372264,2.838975332068311,2.611624414000273,4.298451423827121,3.1242715336842,Moderate
Uttarakhand,2024-03-01,2024-03,11.6,145.9,-3.38,45.9,0,0,15881.0,50.5,5.3,73.4,4905.0,302928.0,6.84,6.38,6.7,60585528.0,2024,3,1,Summer,5.675,10.25,13.22,3.4964705882352938,2.4770797962648556,0.0,0.0,1.5317919075144506,6.10236220472441,5.7164404223227745,6.683046683046683,2.7007299270072997,1.61724158593828,2.902962996677438,4.950923627179531,2.900664590007298,Low
Uttarakhand,2024-03-31,2024-03,17.2,0.0,2.18,-100.0,0,10,14212.0,62.6,4.6,71.0,4994.0,304402.0,6.57,6.9,7.1,60880431.0,2024,3,1,Summer,7.18,8.34,13.47,6.1129411764705885,0.0,10.0,0.0,1.3294797687861268,4.514435695538057,5.309200603318251,7.960687960687961,2.9927007299270074,4.528235294117647,2.284966546811706,5.293871854842228,3.934500372741713,Moderate
Uttarakhand,2024-04-30,2024-04,17.3,0.0,2.31,-100.0,0,10,3748.0,59.4,26.1,91.6,3698.0,305884.0,6.11,6.36,11.2,61176769.0,2024,4,2,Summer,7.31,30.160000000000004,12.47,6.174117647058823,0.0,10.0,0.0,7.5433526011560685,4.934383202099738,4.615384615384617,6.633906633906635,5.985401459854014,4.543529411764705,6.760661781439169,5.7004471165055115,5.6087551673359695,High
Uttarakhand,2024-05-30,2024-05,21.6,102.2,6.65,2.2,0,0,15597.0,57.0,6.3,124.7,4464.0,307373.0,6.53,6.46,9.7,61474550.0,2024,5,2,Summer,6.760000000000001,10.6,12.99,8.216470588235294,1.7351443123938879,0.0,0.0,1.820809248554913,5.2493438320209975,5.248868778280544,6.879606879606879,4.890510948905108,2.57466094077699,2.8493696235947383,5.612664968397041,3.4303099866682145,Moderate
Uttarakhand,2024-06-29,2024-06,16.8,167.1,1.75,67.1,0,0,17041.0,46.1,8.6,106.4,4748.0,308869.0,6.88,5.8,6.6,61773781.0,2024,6,2,Monsoon,5.105,13.989999999999998,12.68,5.910588235294117,2.837011884550085,0.0,0.0,2.4855491329479764,6.679790026246719,5.7767722473604834,5.257985257985258,2.627737226277372,2.328750624188555,3.743821400937599,4.518973893168827,3.3715812132957885,Moderate
Uttarakhand,2024-07-29,2024-07,16.8,410.0,1.83,310.0,0,0,14755.0,52.6,6.0,86.5,5017.0,310372.0,6.22,5.93,7.0,62074468.0,2024,7,3,Monsoon,17.33,10.74,12.15,5.948235294117647,6.960950764006792,0.0,0.0,1.7341040462427744,5.826771653543307,4.78129713423831,5.577395577395576,2.91970802919708,3.575344052731449,2.961904328432934,4.368570480421059,3.5589467561493713,Moderate
Uttarakhand,2024-08-28,2024-08,14.5,54.9,-0.52,-45.1,0,10,11738.0,58.4,21.7,77.0,5333.0,311883.0,5.82,5.06,8.9,62376618.0,2024,8,3,Monsoon,2.775,25.86,10.88,4.84235294117647,0.9320882852292021,10.0,0.0,6.271676300578034,5.065616797900263,4.177978883861238,3.4398034398034394,4.306569343065693,4.490214720862879,5.909858449774702,4.001532911365457,4.864919573607661,Moderate
Uttarakhand,2024-09-27,2024-09,12.0,0.0,-2.99,-100.0,0,10,16388.0,51.6,19.8,123.9,4509.0,313401.0,5.51,5.14,13.6,62680240.0,2024,9,3,Monsoon,7.99,24.64,10.65,3.6799999999999997,0.0,10.0,0.0,5.722543352601155,5.958005249343832,3.7104072398190038,3.636363636363635,7.7372262773722635,3.92,5.793181921623958,5.097580821926034,4.870008878049894,Moderate
Uttarakhand,2024-10-27,2024-10,5.3,0.0,-9.72,-100.0,0,10,10885.0,58.9,26.4,95.0,4701.0,314927.0,6.1,4.66,5.9,62985339.0,2024,10,4,Post-Monsoon,14.72,30.51,10.76,0.512941176470588,0.0,10.0,0.0,7.6300578034682065,5.000000000000001,4.600301659125188,2.4570024570024565,2.1167883211678835,3.128235294117647,6.8410404624277446,3.088082230203312,4.417678837047597,Moderate
Uttarakhand,2024-11-26,2024-11,9.5,120.9,-5.46,20.9,0,0,15414.0,59.9,10.2,101.7,4596.0,316460.0,6.13,5.63,10.0,63291923.0,2024,11,4,Post-Monsoon,6.505,14.21,11.76,2.5176470588235293,2.0526315789473686,0.0,0.0,2.947976878612716,4.868766404199476,4.645550527903469,4.84029484029484,5.10948905109489,1.2452012383900928,3.524213736288744,4.866352304737878,2.948143379241567,Low
West Bengal,2024-01-01,2024-01,26.4,335.1,-0.63,265.5,0,0,10007.0,57.1,6.6,128.0,5325.0,300000.0,6.0,5.62,6.8,60000000.0,2024,1,1,Winter,13.905,10.89,11.62,4.790588235294117,6.205432937181664,0.0,0.0,1.9075144508670516,5.236220472440945,4.44947209653092,4.815724815724815,2.7737226277372264,3.0592769399780284,2.9061262573392197,3.972835598211296,3.2340638656127623,Moderate
West Bengal,2024-01-31,2024-01,24.0,167.3,-3.04,82.5,0,0,8393.0,50.0,8.2,92.3,5125.0,301460.0,6.42,6.57,5.9,60292053.0,2024,1,1,Winter,7.165,13.2,12.99,3.656470588235294,3.098471986417657,0.0,0.0,2.3699421965317913,6.167979002624672,5.082956259426847,7.149877149877151,2.1167883211678835,1.8436592429841205,3.5093532383596555,4.664873748171301,3.131955767662353,Moderate
West Bengal,2024-03-01,2024-03,32.1,93.3,5.15,1.8,0,0,16790.0,58.0,14.3,96.3,5267.0,302928.0,6.79,6.84,11.8,60585528.0,2024,3,1,Summer,5.24,18.5,13.63,7.510588235294118,1.7283531409168083,0.0,0.0,4.132947976878612,5.118110236220473,5.6410256410256405,7.813267813267812,6.423357664233578,2.396153001098572,4.428496654681171,6.56651450082107,4.150063654783105,Moderate
West Bengal,2024-03-31,2024-03,29.5,0.0,2.53,-100.0,0,10,14130.0,64.0,4.0,104.6,5249.0,304402.0,5.33,6.39,8.7,60880431.0,2024,3,1,Summer,7.529999999999999,7.6,11.72,6.277647058823529,0.0,10.0,0.0,1.1560693641618496,4.330708661417323,3.4389140271493215,6.707616707616706,4.160583941605839,4.569411764705882,2.1084611533384914,4.672109301349318,3.7337534348881545,Moderate
West Bengal,2024-04-30,2024-04,31.7,0.0,4.73,-100.0,0,10,5666.0,59.2,26.3,87.7,4721.0,305884.0,6.25,7.2,10.4,61176769.0,2024,4,2,Summer,9.73,30.380000000000003,13.45,7.312941176470588,0.0,10.0,0.0,7.601156069364161,4.960629921259843,4.826546003016592,8.697788697788697,5.401459854014599,4.828235294117647,6.808998224932865,6.189138659297526,5.861728161197943,High
West Bengal,2024-05-30,2024-05,30.9,76.6,3.85,-16.4,0,0,11700.0,58.9,6.3,109.2,5837.0,307373.0,5.88,5.99,11.5,61474550.0,2024,5,2,Summer,4.67,10.41,11.87,6.898823529411764,1.4193548387096775,0.0,0.0,1.820809248554913,5.000000000000001,4.268476621417799,5.724815724815725,6.204379562043796,2.1505123339658443,2.7745664739884393,5.382944381656276,3.1770392948963604,Moderate
West Bengal,2024-06-29,2024-06,31.3,209.6,4.26,128.7,0,0,14983.0,49.5,7.0,92.3,5348.0,308869.0,5.52,6.29,8.4,61773781.0,2024,6,2,Monsoon,10.695,12.05,11.81,7.091764705882353,3.8828522920203734,0.0,0.0,2.0231213872832368,6.233595800524935,3.7254901960784306,6.461916461916461,3.941605839416059,2.9377968640767005,3.286263711255746,4.622058550998009,3.4808256823196935,Moderate
West Bengal,2024-07-29,2024-07,28.1,258.4,1.07,181.9,0,0,17547.0,54.6,4.1,69.6,4821.0,310372.0,6.8,5.5,8.7,62074468.0,2024,7,3,Monsoon,10.165,8.64,12.3,5.590588235294118,4.786078098471987,0.0,0.0,1.1849710982658956,5.564304461942258,5.656108597285067,4.52088452088452,4.160583941605839,2.8334704883651254,2.498771107368804,4.792107744877173,3.205985019144425,Moderate
West Bengal,2024-08-28,2024-08,26.5,133.0,-0.51,45.1,0,0,17671.0,57.5,6.7,101.0,5004.0,311883.0,5.74,4.83,9.9,62376618.0,2024,8,3,Monsoon,2.765,10.95,10.57,4.847058823529411,2.463497453310696,0.0,0.0,1.9364161849710981,5.183727034120735,4.057315233785822,2.874692874692874,5.036496350364963,1.9508139418755617,2.910609439715989,4.045241916860637,2.81034935986598,Low
West Bengal,2024-09-27,2024-09,19.2,0.0,-7.8,-100.0,0,10,13019.0,57.1,27.1,109.8,4737.0,313401.0,6.04,4.62,8.7,62680240.0,2024,9,3,Monsoon,12.8,31.39,10.66,1.4164705882352941,0.0,10.0,0.0,7.832369942196531,5.236220472440945,4.509803921568627,2.3587223587223587,4.160583941605839,3.3541176470588234,7.053525101269855,3.7422524597277707,4.745943959199921,Moderate
West Bengal,2024-10-27,2024-10,25.2,0.0,-1.84,-100.0,0,10,6832.0,52.6,28.3,82.7,5347.0,314927.0,6.04,4.3,9.9,62985339.0,2024,10,4,Post-Monsoon,6.84,33.04,10.34,4.221176470588235,0.0,10.0,0.0,8.179190751445086,5.826771653543307,4.509803921568627,1.5724815724815713,5.036496350364963,4.055294117647058,7.473465022074551,3.812949566921228,5.191067796515224,High
West Bengal,2024-11-26,2024-11,21.3,81.5,-5.69,-11.1,0,0,11059.0,58.1,8.2,113.7,4317.0,316460.0,5.51,4.95,5.6,63291923.0,2024,11,4,Post-Monsoon,6.245,12.39,10.46,2.409411764705882,1.5093378607809846,0.0,0.0,2.3699421965317913,5.10498687664042,3.7104072398190038,3.169533169533169,1.8978102189781016,1.0551542994107659,3.1904556005643796,2.913736061438937,2.2671551953215734,Low
